text,label
em soạn luôn danh sách các phòng ban được cấp phát laptop mới trong đợt này nha.,Soạn báo cáo
c Nga soạn gấp slide báo cáo thị trường để chiều trình board of directors nhé,Soạn báo cáo
Hậu approve bản prototype trên figma để sếp lấy đi pitching gọi vốn chiều nay,Phê duyệt
chị Xuyên check mail coi file thiết kế banner web c update hqua nha,Gửi/Trả lời email
"nhắc Tùng hoàn trả laptop cũ cho Nghĩa trong tuần này nhé, đã hết hạn dùng rồi",Tạo nhắc nhở
A Tuấn bảo là tụi nó thích nhóm nhỏ thôi nhe r hỏi a Sơn coi có tham gia không nhe m rảnh thì vô check lại r nhắn ổng nha,Giao việc
"mn đồng bộ lại về tiến độ dự án vào chiều thứ 6 nhé, 3h tại phòng họp B21",Lên lịch họp
Anh viết cái doc giải thích rõ hơn về kiến trúc microservices đợt này cho team dev dễ hiểu nha,Soạn báo cáo
bạn set up một buổi meeting để team QA thảo luận về test plan mới,Lên lịch họp
Trực approve bản build v2.1 trên testflight để e gửi khách hàng test thử,Phê duyệt
Hạ chuyển tiếp thư báo giá nguyên vật liệu đợt này cho phòng mua sắm đánh giá,Gửi/Trả lời email
em Hà viết bản tổng kết tuần gồm các điểm highlight gửi cho toàn nhóm nhé,Soạn báo cáo
Đức chạy script backup toàn bộ db khách hàng ném lên cloud trc 12h đêm nay cho an toàn,Tạo nhắc nhở
Ngân gửi mail thông báo cấp stock option cho list bcc đính kèm hướng dẫn luôn,Gửi/Trả lời email
Vy set lịch 1-1 vs bé Nhung intern t6 này 10h sáng để báo kết quả thử việc cho em nó nhen,Lên lịch họp
Em soạn mail giải thích cho đối tác lý do mình cần mời thêm chuyên gia vào cuộc họp này,Gửi/Trả lời email
Đặt phòng để team CSKH review tỉ lệ KH rời bỏ (churn rate) tháng rồi lúc 3h t5.,Lên lịch họp
Đặt phòng họp để ban giám đốc phỏng vấn vị trí head of mkt lúc 9h sáng thứ 4 nhe.,Lên lịch họp
Phượng lên lịch họp rút kinh nghiệm đợt chạy roadshow vừa rồi với team event chiều t6.,Lên lịch họp
bạn Hoa email t xin cái link github của module payment mới,Gửi/Trả lời email
Mail hỏi thẳng anh Toàn xem vụ này cần thông qua giám đốc ký không nha em,Gửi/Trả lời email
sếp Liên chốt cơ cấu thưởng tết âm lịch năm nay để kế toán tính toán,Phê duyệt
Khương alo list kh sắp hết hạn pm để nhắc gia hạn trc trưa nay nha e,Tạo nhắc nhở
Gửi cho anh số điện thoại của ông Phúc bên đó để anh trực tiếp gọi đòi nợ,Giao việc
Lan ới book cái ks mường thanh cho sếp đi đà nẵng trc 3h chiều để c chốt lịch bay nha,Tạo nhắc nhở
Lan ơi chuẩn bị bản tóm tắt chiến lược pitching cho buổi gặp ngân hàng đối tác thứ 6,Soạn báo cáo
Thảo xuống kho in tem nhãn cho lô hàng mỹ phẩm mới về trc 10h sáng,Tạo nhắc nhở
Minh ơi xem qua hợp đồng với sàn giao dịch và duyệt giúp t trước thứ 6 nhé,Phê duyệt
m hỏi thử xem Hưng cần bao nhiêu thời gian để hoàn thành xong cái task này,Giao việc
Yến ck đóng bhxh bhyt tháng này cho cơ quan thuế trc ngày 20 nha e k ăn phạt trễ nộp đó,Tạo nhắc nhở
Sếp coi lại mấy cái điều khoản chấm dứt hợp đồng vs bên vendor r confirm giùm e nha để e chốt vs bên pháp chế r làm thủ tục thanh toán cho họ luôn,Phê duyệt
Khoa chuyến đi phát quà từ thiện cho trẻ em vùng cao cuối tuần vừa rồi của công ty mình tổ chức rất thành công và để lại hình ảnh đẹp trong mắt công chúng đó em. chúng ta cần có số liệu cụ thể để đăng bài lên trang chủ công ty. em tổng hợp danh sách những người đóng góp và lập báo cáo kết quả chương trình từ thiện gửi cho ban truyền thông làm hình ảnh truyền thông nhé.,Soạn báo cáo
Lan gửi cái báo cáo tiến độ dự kiến của mấy gói update tháng sau nha để anh xem xong r duyệt sớm gửi bên khách hàng luôn,Phê duyệt
Vinh fwd cái thông tin test account của bên ETrade Canada cho a,Gửi/Trả lời email
a Phong duyệt báo giá thuê cây xanh trang trí văn phòng mới giúp e,Phê duyệt
"duyệt đề xuất mua laptop cho Ravi giúp t nhé, Nghĩa đã xác nhận có hàng rồi",Phê duyệt
em rep mail cho khách hàng xác nhận là bên mình đã nhận được hàng rồi nha,Gửi/Trả lời email
M vô check mail giùm t xem cái báo giá chi tiết mà thằng Sơn gửi đã cộng cả thuế chưa nhe để t còn cc cho bà Susan duyệt,Giao việc
em giao cái task thiết kế sân khấu này cho bạn Hoàng bên team media làm.,Giao việc
forward email thông báo lịch training onboarding tuần sau cho mấy bạn newbie luôn nha,Gửi/Trả lời email
c Hương hoàn thiện nốt cái file HDSD để tuần sau release nha,Giao việc
Phước tổng hợp báo cáo tỉ lệ đáp ứng thời gian giao hàng cam kết của bên GHTK Q4 đi,Soạn báo cáo
Sắp xếp lịch qua xưởng in xem bản proof của cuốn catalogue kỷ niệm 10 năm sáng thứ 6.,Lên lịch họp
dương lấy đường dẫn thư mục tài liệu quy trình vận hành gửi qua thư cho các trưởng ca,Gửi/Trả lời email
a Hùng rà soát lại mấy cái mail từ bộ phận hỗ trợ giúp e vs nha vì team mình k chắc là a Tuấn còn phụ trách việc này k,Giao việc
Minh Soạn thảo tiến độ phân phát POSM cho các đại lý khu vực miền nam Q3,Soạn báo cáo
Lượng duyệt cái báo cáo background check của bạn ứng viên vị trí trưởng phòng nha,Phê duyệt
em reply mail gửi feedback để c fwd cho bên pháp lý xem nha,Gửi/Trả lời email
Khoa ơi dạo này tao thấy mấy cái request từ ip lạ nã vào server nhiều vl. m rảnh vô check cái security log xem có bị ddos ko nha. nhớ làm r note lại tao trc thứ 6 để t báo cáo sếp.,Tạo nhắc nhở
mọi người nhớ phải có biên bản bàn giao chính thức nhe,Tạo nhắc nhở
Nhớ lịch họp chiều nay nha cả nhà ơi t có đính kèm file agenda trong mail đó,Tạo nhắc nhở
a ý viết biên bản ghi nhận lí do vì sao 3 khách B2B lớn ko chịu gia hạn hợp đồng,Soạn báo cáo
anh check lại mấy cái báo cáo phân tích đối thủ cạnh tranh đợt trước xem sao,Giao việc
Hằng tổng hợp danh sách các ý tưởng đạt giải trong cuộc thi hackathon nội bộ tuần trước đi,Soạn báo cáo
mua hộ t mấy hộp đĩa cd trắng nhe Sơn vì a sếp vừa bảo đợt này team mình phải tự mua để backup data dự án trước khi nghỉ lễ,Giao việc
confirm là tối nay team mình lôi hết bug ra fix lại r nhé,Phê duyệt
Yến gửi lại t file template hợp đồng lao động bản tiếng việt,Gửi/Trả lời email
a Dũng lo fix cái lỗi phát sinh khi người dùng k chỉ định sự kiện cho một bc đi vì a Sơn đang bị kẹt lúc tải ứng dụng do cái lỗi đó,Giao việc
Hóa đơn này gửi qua cho anh Kế Toán xử lý nhé,Giao việc
Gấm lập bảng chấm điểm bài test kĩ năng của dàn ứng viên backend đợt này nha,Soạn báo cáo
Trúc soạn file báo cáo so sánh chi phí điện nước của văn phòng mới so với văn phòng cũ,Soạn báo cáo
Đội vận hành phải tổ chức họp khẩn để đánh giá tình hình và sử dụng các công cụ nội bộ để khắc phục lỗi hệ thống cục bộ này,Giao việc
Anh Hiếu ghi vào báo cáo rằng mức giá của bản nâng cấp đắt hơn một chút nhưng nó hoàn toàn xứng đáng với những tính năng mà công ty cần,Soạn báo cáo
Lan ơi làm tài liệu trình chiếu tổng kết chiến dịch tiếp thị quý 4 gửi cho Philip trước thứ 3,Soạn báo cáo
Lan rep mail cho chị kế toán là dạ em có tham gia nha rồi nhớ dặn bả ghi chú lại phần ăn chay cho em với nhe do em đang kiêng thịt,Gửi/Trả lời email
Thảo brief tke cái banner sale sinh nhật lazada gửi design trc sáng mai lẹ e,Tạo nhắc nhở
sếp Sơn vô duyệt gấp cho e một cái tài khoản thử nghiệm trên tên miền mới nhe để e kịp tạo file hàng loạt test chức năng sáng nay,Phê duyệt
Nhung chia task cho các bạn vô test hệ thống trc khi deploy giùm c,Giao việc
Vỹ tổng hợp báo cáo tỉ lệ user tắt nhận thông báo (opt-out) sau đợt update app nha,Soạn báo cáo
Hân submit cái request xin sếp duyệt mã giảm giá 20% cho dịp noel trc trưa mai nha c,Tạo nhắc nhở
anh review lại code của cái hàm xử lý chuỗi này xem có bị dính lỗi gì không nha,Giao việc
"em Tuấn contact nhà cung cấp nhà cung cấp phần mềm hỏi giá bản quyền phần mềm mới giúp chị vs, gửi quote về trước thứ 5",Giao việc
Mai rep email nhờ ổng fwd lại cái mail lỡ tay xoá hqua giùm,Gửi/Trả lời email
Em Vy yêu cầu phối hợp vs đối tác chiến lược để đẩy nhanh tiến độ chương trình và đề xuất cập nhật lại bộ nhận diện thương hiệu nhằm tăng độ nhận diện,Giao việc
anh Phát thông báo rằng bộ phận kỹ sư ứng dụng đã đặt lịch họp với đội nghiên cứu để rà soát tình trạng xử lý các lỗi này,Lên lịch họp
Đôn xuất data làm báo cáo phân bổ chi phí xài server AWS cho từng phòng ban nha,Soạn báo cáo
sếp confirm danh sách ứng viên pass vòng CV để nhân sự gọi pv ạ,Phê duyệt
e qua chỗ a Tuấn liền để trao đổi trực tiếp r xin ý kiến đóng góp về mấy cái vấn đề tài khoản vs hợp đồng bảo hiểm,Lên lịch họp
"nhớ nộp báo cáo thuế trước 5h chiều thứ 6 nha, tối qua sếp nhắc rồi đó",Tạo nhắc nhở
c Lan set lịch họp thông báo c Vy đảm nhận vai trò liên hệ chính,Lên lịch họp
a Minh ơi phê duyệt chính thức bản phân tích hiệu quả đầu tư cho đề xuất thuê gian hàng triển lãm công nghệ nhé,Phê duyệt
Lan nhờ mấy chị bên hành chính confirm lại cái h đóng cửa văn phòng vào thứ năm vs thứ sáu nhe để a báo mọi người ở lại cày deadline,Giao việc
cuối tuần Quân nhớ chạy backup toàn bộ data trc sáng cn nhé,Tạo nhắc nhở
em soạn lại bảng giá cập nhật mới nhất cho các gói đào tạo rồi gửi chị nha,Soạn báo cáo
M hỏi a Minh xem t nên xử lý thế nào vs cái lỗi rớt mạng nhe nãy t có xem mà k hiểu gì nên k biết ổng định hướng ra sao,Giao việc
Tạo event họp giao ban đầu tuần cho các quản lý cấp trung lúc 8h30 sáng t2.,Lên lịch họp
sếp bảo Dũng set up cuộc gọi với bên Biogen tầm giữa 10h đi,Lên lịch họp
Vương chốt nhà cung cấp bao bì đợt này đi để kho kịp nhập hàng,Phê duyệt
Ni duyệt cái báo giá của bạn freelancer thiết kế bộ POSM cho chiến dịch tới giúp a,Phê duyệt
Duyên lập file excel log lại tổng số tiền hoàn cho khách bị lỗi đơn hàng tuần này,Soạn báo cáo
Tài làm file excel cập nhật thứ hạng từ khóa seo tháng này giùm c,Soạn báo cáo
Hỏi lại sếp Khang xem deadline chốt danh sách tham gia là hôm nào để c đi nhắc mọi người,Giao việc
Trường xuất log làm báo cáo tải server tuần vừa rồi trc buổi họp team,Soạn báo cáo
a nhớ set lịch nhắc bên hành chính bảo trì cái điện thoại ngoài sảnh mỗi tháng một lần nha k để lúc khách cần gọi lại hư thì kì lắm,Tạo nhắc nhở
Lên lịch buổi chia sẻ kinh nghiệm chốt sale bất động sản vào tối thứ 4 tuần này.,Lên lịch họp
sếp phân công lại rạch ròi mấy cái task của dự án này đi chứ anh em đang bị rối,Giao việc
t rep mail lại r nha báo sếp Sơn vs sếp Tuấn là t k tham gia 2 cái sự kiện sắp tới đc r m xem a Minh có đi thay t đc k nhe,Gửi/Trả lời email
vô figma approve cái wireframe màn hình thanh toán t mới sửa lại nha,Phê duyệt
Chị sang bên team system xem tiến độ cài đặt server tới đâu rồi,Giao việc
Set meeting hướng dẫn team CSKH xài tính năng gọi điện trên CRM mới lúc 9h sáng mai.,Lên lịch họp
Sơn tạo file log ghi nhận thời điểm server tự động bật tính năng auto-scaling đợt sale,Soạn báo cáo
9h sáng mai Cường setup xong link webinar gửi kh nha,Tạo nhắc nhở
nhắc sếp Quân follow up lại cái request của bên khách hàng nha,Tạo nhắc nhở
c Hương lên outline cho bài PR báo dântrí trc ngày mai nhen,Tạo nhắc nhở
Do tệp anh Lâm gửi lại bị khóa chỉ đọc họ phải sao chép dữ liệu sang một tệp mới hoàn toàn,Soạn báo cáo
Sếp Tuấn vào đọc tài liệu rồi comment feedback lại cho em trên đó nha,Giao việc
Quế duyệt uỷ nhiệm chi trả tiền mặt bằng kho tháng này đi c,Phê duyệt
A Tuấn check rồi bổ sung thêm vô cái list quy trình rep khách nha,Giao việc
a Sơn gửi mail chia sẻ ý kiến đánh giá về hệ thống r nha team,Gửi/Trả lời email
Phụng attach mấy tấm hình feedback lỗi sp vô mail gửi nhà máy,Gửi/Trả lời email
Gửi thư mời họp giao ban định kỳ sáng thứ 2 cho tất cả các trưởng phòng giúp sếp nhé.,Lên lịch họp
Liễu vô tk công ty renew cái server aws trc ngày mai k bị ngưng dịch vụ á,Tạo nhắc nhở
Phúc lên elearning làm xong bài test traning sp mới trc eod mai nha,Tạo nhắc nhở
Set lịch call với support của Google Cloud để giải trình bill tháng trước sáng thứ 2.,Lên lịch họp
Lan book phòng họp nhỏ chiều nay 2h để gặp khách VIP kí hợp đồng nhé.,Lên lịch họp
Khuyên soạn document giải trình nguyên nhân gốc rễ vụ app bị downtime 30p tối hôm qua nhe,Soạn báo cáo
Vũ sắp xếp buổi test nếm thử menu tiệc tất niên với bên nhà hàng chiều thứ 6.,Lên lịch họp
Vy rảnh k làm luôn bc seo ranking tuần này r ném t,Soạn báo cáo
lớp vẫn chạy bth r m qua gặp sếp Kiên bàn kĩ thêm về cái nội dung kĩ thuật nhe,Lên lịch họp
cafe bánh kẹo pantry hết sạch sành sanh r Ngọc mua bổ sung thêm trc 2h chiều nay lẹ e,Tạo nhắc nhở
Tuấn lên file báo cáo tình hình sử dụng ngân sách mkt tháng 5 đi,Soạn báo cáo
Lên lịch họp trù bị cho chuyến đi offsite hoạch định chiến lược của ban giám đốc chiều t3.,Lên lịch họp
công ty chuẩn bị tổ chức họp qua điện thoại với anh Lâm bên phía đối tác,Lên lịch họp
Đôn viết báo cáo đánh giá hiệu quả kinh tế của version giao diện thắng giải đợt a/b test,Soạn báo cáo
Chi liên hệ bên mua gói seeding group fb thanh toán luôn trc 5h chiều nay cho kịp KPI,Tạo nhắc nhở
tiến soạn document phân tích nguyên nhân gốc rễ vụ gọi API bị timeout liên tục trưa nay,Soạn báo cáo
Yến làm báo cáo tính ROI của dàn KOL review mĩ phẩm đợt rồi đi m,Soạn báo cáo
Chị Yến rất thông cảm và thậm chí còn từ chối nhận chiếc đĩa CD nhạc mà anh Toàn định tặng bù,Gửi/Trả lời email
cuối cùng chị Bích nhờ anh Hải gửi lại cho cô một bản sao của tệp báo cáo tổng hợp kết quả kiểm tra qua email,Gửi/Trả lời email
Tuấn Anh cấp quyền admin hệ thống cho 2 b tester mới trc 9h sáng mai dùm a,Tạo nhắc nhở
Dũng gửi gấp cái link hệ thống báo cáo lỗi cho a vô test lại nha,Giao việc
Lan gửi bản cập nhật product lộ trình sản phẩm cho toàn nhóm theo yêu cầu của Nam nhé,Gửi/Trả lời email
Do có quá nhiều ý kiến đóng góp anh Tài đã hẹn gặp trực tiếp anh Khang vào thứ tư để trao đổi chi tiết và anh Khang đã xác nhận lịch hẹn này,Lên lịch họp
Vũ setup gửi email newsletter cho subscibers trc 9h sáng t6 nghen,Tạo nhắc nhở
m đi khảo sát giá mấy cái laptop đồ hoạ bên Phong Vũ r báo lại t gấp nha để t trình sếp Duy xin kinh phí mua mới,Giao việc
c Mai lập bảng báo cáo dự phóng so sánh chi phí thuê và mua đứt văn phòng đi ạ,Soạn báo cáo
em Hà theo dõi vụ chuyển phòng của Bithi xem mọi thứ đã ổn chưa nhé,Giao việc
Lên lịch họp với ban quản lý tòa nhà bàn phương án diễn tập PCCC t4 tuần sau nhe,Lên lịch họp
Tú duyệt danh sách 10 KOL cho chiến dịch ra mắt app mới chiều nay nhé,Phê duyệt
Bích ra máy in kéo hết đống mã vận đơn tiktok shop ra dán trc 10h sáng cbi giao,Tạo nhắc nhở
Khoa duyệt request nâng cấp máy chủ lên hệ điều hành 2.7 cho toàn bộ hệ thống nhé,Phê duyệt
Trâm lập bảng báo cáo chấm điểm các agency sau buổi pitching hqua,Soạn báo cáo
Khoa ơi viết bản hướng dẫn sử dụng cổng ứng dụng di động theo phản hồi của Ray nhé,Soạn báo cáo
mai ae mình call nhanh 15p chốt lại cái project LC2000 nha Thảo,Lên lịch họp
Tuấn phân công Lan viết script test cho ứng dụng cảm ứng rồi gửi cho John review nhé,Giao việc
Liên hệ với team vận hành để xin thêm thông tin về cái quy trình làm việc mới đi m,Giao việc
Liên lập bảng xếp hạng điểm số bảo vệ đề tài cuối khóa của lứa intern đợt này nha,Soạn báo cáo
sếp duyệt giùm em cái đề xuất mua thêm mấy bộ tua vít cho phòng vận hành nha,Phê duyệt
"mn ơi xếp lịch gặp khách hàng lớn vào cuối tháng, cần chuẩn bị kỹ nên báo sớm",Lên lịch họp
chốt mấy cái action item sau buổi sprint retro hqua rùi log lên jira nha,Phê duyệt
sếp nhờ m report cái lỗi scriptease sang cho bên vendor Nombas xử lý gấp trong chiều nay vì khách đang hối quá trời k kịp demo ngày mai r nha,Giao việc
2 em rảnh giờ nào để anh book meeting,Lên lịch họp
chị kim cho e xin link folder mkt assets qua mail ạ,Gửi/Trả lời email
Thạch viết báo cáo đánh giá phiên bản giao diện nào hiệu quả hơn sau đợt a/b test app nha,Soạn báo cáo
chị Lai reply mail của vendor confirm cái số lượng hàng nhập tháng này giùm e,Gửi/Trả lời email
Book lịch họp định kỳ với các trưởng ca nhà máy vào 4h chiều t5 hàng tuần.,Lên lịch họp
Hẹn team dịch thuật họp chốt bộ từ vựng tiếng Nhật cho app vào 4h chiều t5.,Lên lịch họp
Bạn chỉnh lại css cho 2 cái nút đó đồng bộ màu với nhau đi,Giao việc
Hiệp xuất file báo cáo chi phí dùng google cloud của 3 tháng gần nhất,Soạn báo cáo
em gửi cái file slide thuyết trình đính kèm qua email nhờ sếp feedback giùm nghen,Gửi/Trả lời email
M hỏi sếp Tuấn coi a Minh nhận đc đủ tài liệu chưa nhe do ổng lo chưa bàn giao chính thức r lỡ có sai sót gì ổng k chịu trách nhiệm đâu,Giao việc
A duyệt dùm e cái yêu cầu mở tài khoản để tạo thư tín dụng dự phòng nhe để e còn gửi cho ngân hàng họ làm thủ tục trước nghỉ lễ,Phê duyệt
tối nay ae gặp nhau ở chỗ anh Tuấn chốt nốt nha,Lên lịch họp
Thủy làm file excel báo cáo doanh thu mảng affiliate tháng rồi đi e,Soạn báo cáo
Thảo ném cái hướng dẫn qua cho c Mai nhe,Giao việc
m coi lại chỗ file xml device tree xem nó nằm đâu trong project r báo lại a để team còn biết đường reuse cho mấy node khác trong phase 2 nhe,Giao việc
Vy dọn dẹp phân khu hàng móp méo hỏng trả về đẩy ra 1 góc trc 5h chiều nay,Tạo nhắc nhở
Từ sau m nhớ nhắc khách nén file lại trước khi gửi mail cho an toàn nhé,Tạo nhắc nhở
Sếp Sơn ổng hỏi mn coi ai test cái app r thì báo ổng nhe ổng lo k kịp deadline nên hối mn test nhanh r đưa feedback cho ổng nhe,Giao việc
Mọi người từ từ chốt thời gian họp r fix lỗi cho xong trước đã nha,Lên lịch họp
em Hà đặt call với chị Linh để bàn về đối tác công nghệ lab hợp đồng vào chiều nay luôn nhé,Lên lịch họp
Mai a Tuấn rảnh thì đi chơi bóng rổ vs team nha,Gửi/Trả lời email
Lệ lập bảng thống kê lưu lượng khách vào cửa hàng offline theo từng khung giờ ngày hnay,Soạn báo cáo
C Lan update bản phân tích cân bằng tải r gửi sếp Dũng nha,Giao việc
tính Soạn thảo chi tiết chi phí phát sinh do server kích hoạt auto-scaling tháng trước,Soạn báo cáo
bộ phận hỗ trợ duyệt đóng phiếu r đánh dấu sự cố đã xử lý xong,Phê duyệt
Anh em ráng nghĩ thêm vài cái tên cho đội bóng chuyền công ty đợt này nha,Soạn báo cáo
Khung giờ 1-2h chiều nay họp review với anh Minh được không mọi người,Lên lịch họp
Phong làm báo cáo tồn kho tại các nhà phân phối miền bắc tháng 11,Soạn báo cáo
soạn mail báo giá mấy cái model mới gửi qua cho team sale giùm c,Gửi/Trả lời email
Cúc xem rùi duyệt báo giá đổi nhà cung cấp màng co đóng gói sp đi m,Phê duyệt
lộc xuất data làm báo cáo tỉ lệ click qua (CTR) của các chiến dịch push noti tháng này,Soạn báo cáo
"chuyển tiếp email xác nhận từ đội vận chuyển cho Steve ngay nhé, họ đang đợi tin",Gửi/Trả lời email
Tuấn follow up với đối tác lớn về kết quả pitching tuần trước xem họ có phản hồi gì không,Giao việc
Nam tổng hợp lại info r update cho bên dev giùm c,Giao việc
Anh Hưng cho rằng nguyên nhân chính dẫn đến sự thất bại là do các công ty không đủ năng lực tự vận hành hệ thống nội bộ của mình,Soạn báo cáo
Trực rep mail xin lỗi khách và gửi kèm cái voucher 50k nha,Gửi/Trả lời email
bé Lan check lại file thiết kế banner r gửi cho bên in ấn trc giờ nghỉ trưa nay nhe để chiều họ giao luôn cho kịp event,Giao việc
đính kèm cái file excel tính ROI của campaign đợt rồi vô mail gửi sếp xem trc,Gửi/Trả lời email
Phi confirm mức discount 15% cho khách VIP bên Bình Dương đi a,Phê duyệt
Nam rename lại cái file thiết kế này cho đúng chuẩn naming convention giúp anh,Giao việc
"Hà check với Linh xem lịch đào tạo chi nhánh đã xác nhận chưa, bạn ấy đang hỏi",Giao việc
duyệt cái nội dung tin nhắn SMS quảng cáo để chiều blast gửi KH nha,Phê duyệt
bạn xử lý giùm tui cái issue này rồi gửi luôn danh thiếp của Dave cho khách nha,Giao việc
Dũng hỏi lại ông Sơn xem ông đó có liên hệ lại với team mình chưa,Giao việc
Sếp cf coi có cần tách riêng cái hóa đơn khách sạn ra khỏi tổng chi phí công tác không nha,Phê duyệt
Viễn sửa lại mầu logo brand theo feedback của sếp r gửi lại trc eod t4 m nhe,Tạo nhắc nhở
trưởng phòng Hà ơi cái phần mềm thiết kế hình ảnh của bộ phận truyền thông ngày mai là hết hạn bản quyền sử dụng rồi ạ. Phần mềm này rất quan trọng để các bạn chỉnh sửa băng rôn và bảng hiệu quảng cáo cho sự kiện ra mắt chi nhánh mới vào cuối tháng này. C kiểm tra bảng thông báo giá rồi phê duyệt chi phí gia hạn phần mềm thiết kế để em dùng thẻ tín dụng công ty thanh toán luôn nha chị,Phê duyệt
chị Trang cần gom thông tin này để phản hồi lại cho khách hàng vào ngày mai,Gửi/Trả lời email
A xin thông tin liên hệ của nhà cung cấp này đi do đợt này bên mình cần nhập thêm mấy cái server dự phòng r mà k biết ai uy tín,Giao việc
Yến set lịch gửi email newsletter cho data khách cũ trc ngày 25 tháng này,Tạo nhắc nhở
Anh Hùng quyết định ưu tiên chạy test sau khi fix xong mấy cái lỗi hồi quy nhe,Giao việc
A Sơn nhờ mọi người rà soát list coi có lỗi sai gì k trước khi gửi bản cuối cho a Tuấn nhe,Giao việc
Anh Hùng ráng set lịch họp vs team kỹ thuật sang chiều thứ ba đi vì e k muốn đánh giá dự án khi chưa hiểu rõ bài toán kinh doanh đâu,Lên lịch họp
Tuấn check mail r fwd cái invoice tháng 3 qua cho kế toán giùm a nhé,Gửi/Trả lời email
M hỏi lão Minh coi có biết ổng cài đặt Outlook sao k nhe để t qua support ổng r chỉnh lại luôn r m báo lại ổng giùm t nha,Giao việc
anh Hải vừa gửi cho nhóm danh sách chi tiết các công ty lớn đang đầu tư chuyển đổi sang nền tảng mạng không dây cho các ứng dụng như email và lịch làm việc,Soạn báo cáo
lên nhắc nhở t2 tuần sau mở form đăng ký lớp First Aid,Tạo nhắc nhở
Book lịch gặp bên thi công nội thất để chốt vật liệu làm văn phòng mới chiều mai.,Lên lịch họp
giám đốc Ngọc ơi bạn Hùng nhân viên thiết kế đồ họa đã hoàn thành xuất sắc hai tháng thử việc với rất nhiều lời khen từ các quản lý bộ phận khác rồi ạ. em thấy năng lực của bạn ấy hoàn toàn đáp ứng được vị trí nhân viên chính thức của công ty. chị dành chút thời gian phê duyệt quyết định bổ nhiệm nhân viên chính thức để em thông báo tin vui cho bạn ấy nhé chị.,Phê duyệt
Bình gửi email cái mã vận đơn cho bên giao hàng để họ tra cứu nhe,Gửi/Trả lời email
Đồng setup camp r cắn tiền chạy ads tiktok trc 12h đêm nay nha,Tạo nhắc nhở
Bình ơi sếp tổng kí bảng lương có mộc đỏ trên base hồi trưa r á m. hnay mùng 5 r ae đang há hốc mồm ngóng lúa về tk để đóng tiền nhà tiền tã sữa cho con kìa m. m đẩy lệnh lên nh r duyệt ck lương cho nhân viên trc 2h chiều hnay giùm t nhen k ae nó đình công đi nhậu h,Tạo nhắc nhở
Lên lịch họp với ban giám đốc báo cáo dòng tiền tháng trước vào chiều t3 nha.,Lên lịch họp
công ty đang tiến hành kiểm tra hệ thống email nội bộ do một số nhân sự gặp lỗi không nhận được thư từ bên ngoài gửi vào,Gửi/Trả lời email
chị báo lại vs bên IT đổi cái máy bàn của ông Dave sang laptop giùm e vì tính chất công việc ổng hay phải đi support khách hàng tận nơi á,Giao việc
m vào ga4 kéo data làm file bc traffic app tuần vừa r đi Hải,Soạn báo cáo
Dũng làm file báo cáo tracking chỉ số CPA của chiến dịch google ads tuần này,Soạn báo cáo
Trâm fwd cái file excel feedback của KH sang mail cho team product nha,Gửi/Trả lời email
Tín quăng em link dashboard google analytics của web mình qua mail với,Gửi/Trả lời email
Trọng chốt phương án upgrade server AWS để t báo team infra triển khai,Phê duyệt
Bà Lan bả đề xuất mình nên tính phí cố định cho data plan nhe r tính thêm phí theo lượt truy cập m rảnh thì vô báo giá lại cho khách r gửi lại bả nha,Giao việc
c Linh trực tiếp hướng dẫn a Hùng trong dự án này từ giờ luôn nhe,Giao việc
Sơn check đt lấy cái số của lão Tuấn t vừa nhắn nha r m gọi đt nhắc ổng mở cái roaming quốc tế lên k đi công tác lại mất liên lạc,Giao việc
sếp xem qua cái đề xuất chi 500 đô thuê chuyên gia tư vấn r duyệt sớm giùm e nha k thôi chiều nay họ nghỉ làm là khỏi hỏi luôn,Phê duyệt
Phong push code lên nhánh dev trc 6h tối nay r hẵng nghỉ,Tạo nhắc nhở
Mình dời cái lịch họp review kết quả kinh doanh với team sale sang chiều thứ 3 tuần sau nha mọi người,Lên lịch họp
Sếp Minh chốt dời lịch họp vs đối tác Etrade sang 5h chiều nay r nha,Lên lịch họp
Mơ lập bảng thống kê nguyên nhân hoàn đơn RTO của tuần này nha,Soạn báo cáo
Tuệ check email lấy thư mời tham gia hội thảo tuần sau nha,Gửi/Trả lời email
Lan ơi tình hình bán hàng tháng này của chi nhánh miền trung có vẻ đang chậm lại nhiều so với tháng trước rồi đó. chị nghi ngờ do đối thủ mới tung ra chương trình khuyến mãi giảm giá sâu. em gom hết số liệu hóa đơn từ đầu tháng đến giờ rồi làm báo cáo tình hình doanh thu khu vực miền trung gửi cho chị xem để chị tìm cách xử lý nhé.,Soạn báo cáo
Đạt duyệt ngân sách khóa học chứng chỉ PMP cho dàn tech lead giùm e,Phê duyệt
Thắng check lại tiêu chí r làm bc đánh giá nhà cung cấp đợt 1 đi a,Soạn báo cáo
m bổ sung thêm mấy cái mô tả với list file đính kèm vào trong email giao hàng nha,Soạn báo cáo
lên file tracking tỉ lệ chuyển đổi số data khách hàng thu về từ sự kiện offline hqua nhe,Soạn báo cáo
Giao làm cái mass email thông báo nghỉ lễ 30/4 đính kèm file thông báo gửi toàn bộ user,Gửi/Trả lời email
Linh duyệt bảng phân ca trực cho tổng đài viên tuần sau,Phê duyệt
Lan báo sếp Tuấn là cái lỗi bộ nhớ được fix xong r nha m rảnh thì vô bugzilla update lại status giùm t nhe để sếp khỏi cằn nhằn,Giao việc
Trang update lại người nhận form giùm chị,Giao việc
Lâm viết sẵn cái draft email xin lỗi khách hàng r đưa sếp xem,Soạn báo cáo
forward cái mail confirm lịch phỏng vấn của ứng viên cho các anh phỏng vấn viên giùm,Gửi/Trả lời email
Hẹn các bác tài xế xe tải họp quán triệt lại quy định giao nhận hàng lúc 4h chiều nay.,Lên lịch họp
Nga chốt sơ đồ lắp hệ thống kệ sắt trong kho hàng trung chuyển,Phê duyệt
a Sơn chốt lịch hẹn a Hùng làm người liên hệ thay thế lúc khẩn cấp,Lên lịch họp
A Tuấn ổng bảo ổng có gọi cho m r nhe ổng nhắn lại là m rảnh thì alo ổng để bàn vụ r nha m nhớ gọi lại cho ổng nhe,Gửi/Trả lời email
Uyển approve phương án fix lỗi bị apple store reject hqua đi e,Phê duyệt
Mai ra máy in bắn hết mã vận đơn của tiktok shop trc 10h sáng cbi giao cho shipper,Tạo nhắc nhở
Duyên làm slide tổng kết kết quả a/b testing cái landing page tết đi m,Soạn báo cáo
Thảo lấy data r gọi nhắc nợ mấy kh trễ hạn thanh toán trc eod nay nghen,Tạo nhắc nhở
Anh Phát gửi báo cáo lỗi hệ thống cho sếp Khang và anh Lâm kèm theo ba ví dụ minh họa cụ thể,Lên lịch họp
m update số liệu r lên bc kpi chi nhánh hcm gửi sếp lẹ đi Danh,Soạn báo cáo
note lại giúp mình là phải hoàn thành xong cái task tối ưu data trước giờ nghỉ trưa,Tạo nhắc nhở
Mi lên lịch họp ban tổ chức giải bóng đá nội bộ công ty vào 4h chiều mai nhe.,Lên lịch họp
Lãm làm báo cáo thống kê số tiền tiết kiệm đc nhờ xài spot instance trên aws tháng rồi nha,Soạn báo cáo
Anh Tuấn cho rằng chị Thủy là người nắm rõ nhất cách triển khai việc này mặc dù trước đó anh Bảo từng báo cáo đội của chị Thủy đang bị quá tải công việc,Tạo nhắc nhở
"chị Hương ơi theo dõi giúp e vụ gia hạn tên miền tên miền công ty đi, sắp hết hạn rồi",Giao việc
Set lịch sync với team pháp chế về vụ kiện bản quyền sáng t3 nha Bằng.,Lên lịch họp
em gửi email đính kèm danh sách khách hàng VIP tháng trước cho đối tác giúp chị,Gửi/Trả lời email
Hân chốt màu dress code cho đêm gala dinner đợt company trip đi,Phê duyệt
anh Tuấn chốt lịch họp với sếp về kế hoạch giải ngân ngân sách tháng 11 đi,Lên lịch họp
Hương lên file tracking phân tích các ctrinh khuyến mãi tết của đối thủ nha,Soạn báo cáo
Ân xem rùi chốt cái báo cáo đánh giá xưởng gia công mới đi m,Phê duyệt
Tuấn ơi chuyển tiếp thông tin liên hệ của Nader cho Jackie giúp t với,Gửi/Trả lời email
anh Đăng vừa gửi bảng tính cập nhật trạng thái phễu khách hàng cho anh Lâm,Soạn báo cáo
Anh Tùng xem lại vị trí lưu file cấu hình xml trong cây thư mục dự án xem chuẩn chưa nhé,Giao việc
Mọi người cố gắng fix xong 3 cái issue này trước 15/6 để kịp ra mắt tính năng mới nha,Tạo nhắc nhở
"Bảo ơi phản hồi lại mail của Bảo về danh sách nhập liệu CW nhé, xác nhận xóa tên ai",Gửi/Trả lời email
anh Hải soạn tài liệu nhấn mạnh thế mạnh vượt trội của công ty chúng ta,Soạn báo cáo
Em cf lại xem dùng server mới chạy dự án đợt này đã tối ưu nhất chưa nha.,Phê duyệt
Điệp approve cái merge request thay đổi cấu hình gitlab runner để chạy CI/CD nhanh hơn đi,Phê duyệt
Lan theo dõi với nhóm kiểm thử xem còn bao nhiêu lỗi phần mềm lỗi ưu tiên cao chưa close trước release,Giao việc
Hỏi lại coi ông đó bắt đầu ký hợp đồng từ ngày nào vậy em,Giao việc
Tòng viết báo cáo các chỉ số chịu tải của server sau đợt chạy load test chuẩn bị sale,Soạn báo cáo
Chị Vy gửi tài liệu phân quyền do sếp Tuấn duyệt r phàn nàn vụ sếp phải tự duyệt gần như mọi hợp đồng á,Giao việc
Ngân đính kèm uỷ nhiệm chi vô mail rồi gửi cho vendor confirm nha,Gửi/Trả lời email
Cường chốt phương án thuê xe tải chở hàng tết để t làm hợp đồng,Phê duyệt
m set cái lịch meeting vs sếp Tuấn vs a Minh vào sáng thứ sáu nhe để chốt lại toàn bộ quy trình release cho dự án mới,Lên lịch họp
Trang check sao kê vcb xem tiền thằng mỏ neo vào ch r báo a trc 10h sáng,Tạo nhắc nhở
Team gửi email thông tin điểm đến khóa đào tạo cho anh em đặt vé máy bay với book phòng nha,Gửi/Trả lời email
t mới gửi mã vận đơn qua email rồi đó m check xem,Gửi/Trả lời email
tí Mai soạn cái email thông báo ctrinh kmai 8/3 gửi list KH VIP trc 11h nha,Gửi/Trả lời email
Hẹn bên cung cấp bao bì qua xưởng test khả năng chịu nhiệt của hộp nhựa thứ 4 đi.,Lên lịch họp
cương đính kèm bản thuyết trình dự án vô thư điện tử rồi gửi đối tác trc 5h chiều,Gửi/Trả lời email
Tường ck đóng tiền điện cn 2 trc mùng 5 k nhà nước cắt h,Tạo nhắc nhở
m soạn nốt cái slide presentation để t5 này báo cáo sếp Đức nhé,Soạn báo cáo
A Hoàng update list chứng chỉ cần thiết r phổ biến cho nhóm ba rà soát đi,Giao việc
Minh duyệt danh sách nhân sự đc cấp slot đậu ô tô dưới hầm tháng này,Phê duyệt
a Khang chốt khung giờ go-live app mới trc 3h chiều nay nhé,Phê duyệt
fw cái mail này qua cho bác Dũng đọc để nắm tình hình,Gửi/Trả lời email
Set lịch buổi test tính năng thanh toán bằng Apple Pay với đối tác ngân hàng sáng mai.,Lên lịch họp
Thu soạn r gửi offer letter cho bé sale mới trc 4h chiều nhe e,Tạo nhắc nhở
anh Hải chốt phương án cài đặt phần mềm quản lý lên một máy tính dự phòng,Lên lịch họp
a Nam ơi chuyển tiếp cái link tài liệu thuyết trình lên intranet cho nhóm kinh doanh giúp nhé,Gửi/Trả lời email
Oanh sắp xếp thời gian gặp nhà cung cấp bao bì vào đầu tuần sau giùm mình.,Lên lịch họp
chị Ngọc phản hồi email rằng phần tử vi của cô khá đúng với thực tế nhưng có vài lời cảnh báo hơi khó hiểu khiến cô băn khoăn,Gửi/Trả lời email
c Lan fwd email cho sếp Hùng để tóm tắt tình hình team mình nha,Gửi/Trả lời email
Book giùm buổi giải đáp thắc mắc về thuế TNCN cho toàn thể nhân viên sáng t6 nha.,Lên lịch họp
Tình hình công nợ bên đó sao rồi sếp tính phương án xử lý tiếp theo thế nào đây,Giao việc
forward cái mail chứa hóa đơn server AWS tháng này qua cho sếp check đi mng,Gửi/Trả lời email
Lan ơi chuyển tiếp email của Đạt về project Visto cho toàn nhóm AE nhé,Gửi/Trả lời email
sâm approve cái ticket xin cấp quyền root server cho bạn devops mới vô nha,Phê duyệt
Hẹn luật sư tư vấn vụ cty bị đối thủ ăn cắp bản quyền hình ảnh vào thứ 4 này giùm.,Lên lịch họp
Đừng quên điều chuyển thằng Huy sang phụ trách phần test tự động nha,Tạo nhắc nhở
a Ngôn xem và duyệt nháp chính sách thưởng tháng 13 năm nay giúp HR ạ,Phê duyệt
Lan review lại bản thỏa thuận với đối tác và cho t ý kiến trước thứ 2,Phê duyệt
mọi người đều thống nhất đây là khoản đầu tư hợp lý cho chiến dịch tiếp thị,Phê duyệt
cường xuất data làm cái bảng phân tích cohort retention của user mới tải app tháng 5,Soạn báo cáo
Anh Hùng rep mail báo là chuyến đi công tác bên Đức bị hủy r nha,Gửi/Trả lời email
Thiện approve việc dump database từ production đem xuống môi trường staging cho ae test,Phê duyệt
Thái lập bảng báo cáo các khoản chi phí sửa chữa xe nâng hàng trong quý 3,Soạn báo cáo
m vô check lại mấy cái file vừa commit trên git nha Nam để đảm bảo là cái bug tải data nó đc fix triệt để trước khi mình release bản mới,Giao việc
anh em set lịch meeting để thảo luận cụ thể về kiến trúc hệ thống đợt này nha,Lên lịch họp
Chị Diễm báo cáo rằng một đoạn mã lệnh liên tục bị lỗi trên một số giao diện và thắc mắc liệu có phải do máy tính chưa kết nối mạng không,Soạn báo cáo
Anh em QA confirm lại xem mấy cái index này có khớp với truy vấn trên database thật k nha,Tạo nhắc nhở
Mai lên lịch họp review campaign mkt tháng này vào chiều t6 nha m.,Lên lịch họp
anh giải thích rõ lý do chọn thời gian bảo trì hệ thống lúc nửa đêm giúp em nha,Soạn báo cáo
Hương check lại xem mấy bug hôm qua đã fix xong chưa rồi gửi ID cho c nha,Giao việc
minh thu hồi lại toàn bộ laptop vs thẻ nhân viên của mấy ông sale vừa nghỉ việc nhe để bàn giao lại cho hr chốt sổ cuối tháng,Giao việc
đoan duyệt bảng ngân sách thưởng tết nhân viên năm nay để báo sếp tổng nhe,Phê duyệt
Tuấn lấy ds lead đổ về từ cái webinar hqa gọi follow up hết trong hnay luôn nhe e,Tạo nhắc nhở
bạn hỏi team dev xem khi nào có bản fix cho mấy cái bug này nhé ạ,Giao việc
Uy duyệt bộ câu hỏi phỏng vấn giám đốc cho báo VNExpress tuần sau nha,Phê duyệt
hương in giùm a mấy bản báo cáo tài chính r mang vô phòng họp nhe vì 9h sáng nay mấy sếp lớn bắt đầu họp r,Giao việc
bảo confirm lại danh sách kols tham gia event ra mắt mĩ phẩm trc 3h,Phê duyệt
Lan nộp tờ khai thuế môn bài lên trang thuedientu trc 5h chiều nay nha e,Tạo nhắc nhở
Anh Khoa đánh giá cao chuyên môn kỹ thuật nhưng e ngại về kỹ năng kinh doanh và kiến thức mảng mạng không dây của ứng viên này,Lên lịch họp
Sinh duyệt chi phí tích hợp phần mềm CRM với hệ thống tổng đài ảo giúp team tech,Phê duyệt
A Tuấn cho e xin vài cái luận điểm để e bắt đầu soạn plan nhe,Soạn báo cáo
Tớ mới gửi cái plan triển khai đa ngôn ngữ cho team rồi mng check thời hạn hoàn thành nha,Gửi/Trả lời email
Bảo ba tháng vừa qua bộ phận phát triển nguồn nhân lực của công ty đã tổ chức rất nhiều khóa học nâng cao kỹ năng mềm và kỹ năng giao tiếp cho nhân viên bán hàng đó. Ban lãnh đạo muốn đánh giá xem chất lượng công việc có cải thiện sau khi được đào tạo không. Em thu thập bài kiểm tra cuối khóa và lập báo cáo kết quả đào tạo nhân viên quý này gửi cho anh rà soát nhé.,Soạn báo cáo
Kiên approve chiến dịch chạy ads facebook mảng mỹ phẩm nhe,Phê duyệt
Hẹn bên nhà thầu thi công văn phòng mới lên chốt bản vẽ layout trưa mai.,Lên lịch họp
Trong nhóm đang có chút bối rối bắt đầu từ chị Bích về cách sử dụng thuộc tính ngôn ngữ ở cấp độ ứng dụng và giao diện,Phê duyệt
a Mạc duyệt kịch bản xử lý khiếu nại khách hàng mới cho đội call center nhe,Phê duyệt
Hẹn quản lý kho miền Trung họp rà soát hao hụt hàng hoá cuối năm vào đầu giờ chiều mai.,Lên lịch họp
bạn Hợp đính kèm cái quotation pdf vô mail rồi gửi khách chốt giá đi,Gửi/Trả lời email
Tú soạn plan chuẩn bị qua talk vs bên Accenture nha nhớ bám sát mấy cái mục tiêu sếp giao,Soạn báo cáo
Tín hẹn team pháp chế họp rà soát quy chế lương thưởng nội bộ vào 9h sáng thứ 5.,Lên lịch họp
Gấm chốt cái key visual cho chiến dịch mùa hè để các kênh resize banner,Phê duyệt
Lan liên hệ vs sếp Hùng hỏi lịch trống của ổng r book giùm a một buổi ăn trưa giao lưu vs team mình vào 12h trưa thứ tư nhe,Lên lịch họp
m chia task cho ae r add hết đống detail của cái build vô giùm c nhe,Giao việc
M rep mail ông Sơn nhe ổng bảo đang test cái IE vs I-mode bên Merill-Lynch r đó có gì m hỏi bả xem bả đánh giá sao r gửi cho mn coi nhe,Gửi/Trả lời email
Bảo book lịch gặp sếp Minh để xin duyệt đề xuất mở rộng nhân sự trước thứ 6,Lên lịch họp
Vinh nhớ cắm tool chạy data migration trc tối t7 tuần này nhe,Tạo nhắc nhở
Hảo tổng hợp báo cáo tỉ lệ hao hụt hư hỏng thùng carton đóng gói trong tháng 5 đi,Soạn báo cáo
Forward mail ticket cấp quyền truy cập hệ thống ERP cho bên admin duyệt,Gửi/Trả lời email
hưng vô duyệt hợp đồng dịch vụ vệ sinh kho bãi định kỳ năm nay đi a,Phê duyệt
Book phòng nhỏ để team ngồi nghe báo cáo từ đơn vị nghiên cứu thị trường Nielsen t5 nhe.,Lên lịch họp
Anh Lâm lo ngại việc báo giá này có thể làm lộ thông tin bảo mật về hạ tầng của công ty nên anh Phát chỉ đạo anh chỉ cần đưa ra một con số ước tính sơ bộ,Soạn báo cáo
Khang tìm mua mấy cái server cấu hình cao cho phòng IT đợt này nha,Giao việc
Book phòng họp nhỏ để team UX research báo cáo kết quả phỏng vấn người dùng chiều t3.,Lên lịch họp
Toàn Soạn thảo ROI của chiến dịch tung sản phẩm mới nhe a,Soạn báo cáo
Sơn fwd lại cái báo giá tính năng alerts cho phòng ban check nha,Gửi/Trả lời email
Minh attach cái file JD bản word vô mail gửi cho headhunter rùi báo a,Gửi/Trả lời email
Book phòng lớn chiều nay để sếp chạy dry-run cho buổi lên sóng Shark Tank tuần sau.,Lên lịch họp
Tuấn nhớ vô thư mục dự án lưu lại cái tài liệu sếp vừa gửi nha,Giao việc
Em soạn cái mail đề xuất thăng chức lên giám đốc kỹ thuật kèm deal lương mới cho anh Tùng gửi sếp nha,Soạn báo cáo
c gửi mail nhắc mấy bạn trong team tranh thủ quay video clip rồi nộp lại cho e trước 5h chiều nay để e kịp edit cho sự kiện ngày mai nhe,Giao việc
Hà review và duyệt bản salary plan cho Mahesh trước khi nhân sự xử lý các thủ tục nhé,Phê duyệt
m cài cái báo thức nhắc a khoảng 2h chiều nay gọi lại cho sếp nha do hồi sáng sếp kiếm a bàn vụ hợp đồng mà a k cầm điện thoại nên lỡ mất,Tạo nhắc nhở
Chị Bích chuẩn bị sẵn 30 40 cái nhãn dán đĩa mềm bản cũ cho a Sơn nhe nhớ note lại là tới tháng 9 phòng ban mình sẽ phải cập nhật lại mẫu thiết kế mới đó,Giao việc
anh check lại điều kiện tiên quyết của kịch bản kiểm thử giùm tui nha,Giao việc
Book buổi hướng dẫn ae thủ tục claim bảo hiểm sức khỏe PTI vào chiều thứ 3 đi.,Lên lịch họp
Trâm lập bảng tính khấu hao mớ máy tính và thiết bị IT của cty trong năm tài chính này,Soạn báo cáo
Sáng duyệt cái chi phí thuê freelancer dịch thuật tài liệu hdsd sang tiếng anh nha,Phê duyệt
Đức book lịch demo tool mới với team ops vào thứ 3 tuần sau nha e.,Lên lịch họp
Quốc vô duyệt cái merge request nhánh hotfix lỗi giỏ hàng gấp t với,Phê duyệt
tổng hợp cái báo cáo giải trình chi phí setup sự kiện offline bị lố ngân sách dùm nha ae,Soạn báo cáo
Chị Oanh đề xuất tổ chức một buổi họp với các đối tác chiến lược để vạch ra chiến lược tiếp cận cụ thể cho cả bốn dự án này,Lên lịch họp
Kiều book lịch mời chuyên gia về training kĩ năng quản lý time cuối tháng nha.,Lên lịch họp
Hương soạn bản customer use-case cho dự án American Century giúp James với,Soạn báo cáo
Nam rảnh lôi cái file system architecture ra review rồi note lại cho a trc t6 e nhé,Tạo nhắc nhở
Việt soạn cái brief chi tiết r gửi cho 3 bạn kol đợt này trc thứ 4 nhen e,Tạo nhắc nhở
có gì em nhắn số điện thoại của chị Trâm để mng hỏi thăm nha,Giao việc
spec ok r mình xài dynamic packet size cho toàn bộ device luôn nha,Phê duyệt
mình set lịch call lúc 6h tối nay cho cả team lun nha,Lên lịch họp
Sương gửi lại thư có đính kèm hợp đồng thuê nhà bạt sự kiện cho bên cung cấp chốt,Gửi/Trả lời email
"a Tuấn ơi project McGraw-Hill có gì mới không ạ, em thấy lâu rồi không update",Giao việc
Set lịch kickoff dự án mobile app mới vào 9h sáng thứ 2 tuần sau nhe.,Lên lịch họp
Mail cái list bug còn tồn đọng qua cho team QA test lại nha e,Gửi/Trả lời email
anh Hưng cũng đồng tình đề xuất tổ chức một buổi họp trực tiếp,Lên lịch họp
Chị Bích liên hệ a Tuấn nhờ support vụ đổi tên thư mục nhe,Gửi/Trả lời email
em sẽ lên lấy bản thiết kế mới nhất về rồi làm cái báo cáo bug luôn,Soạn báo cáo
chị Bích gửi email bài kiểm tra tính năng phần mềm cho cả nhóm nhưng anh Khoa đã phản hồi nhắc nhở rằng cô đã quên đính kèm tệp tài liệu quan trọng,Gửi/Trả lời email
Triết tổng hợp file báo cáo các khoản điều chỉnh tăng giảm lương tháng này giùm c,Soạn báo cáo
phụng chốt danh sách nhân viên xuất sắc nhất quý 1 để làm bằng khen nha e,Phê duyệt
Book lịch làm việc với bên cung cấp dịch vụ pen-test vào trưa thứ 5.,Lên lịch họp
sếp Vượng share quyền truy cập link drive danh sách KOL cho em qua mail với,Gửi/Trả lời email
Yên vô CRM duyệt cái yêu cầu hoàn tiền cho khách bị lỗi đơn hàng nha e,Phê duyệt
anh Sơn có một vài góp ý khiến cấu trúc báo cáo bị rối nhưng anh Khang cũng đã nhanh chóng xử lý ổn thỏa,Soạn báo cáo
Sếp Dũng chốt dời lịch họp sang ngày mai r nha mấy đứa,Lên lịch họp
Sơn rủ a Tuấn chiều nay gặp mặt khách bên PACCAR r tiện thể demo cái kiểu BI cho họ coi luôn nha ae có ý tưởng gì hay k thì góp ý thêm nha,Giao việc
My Soạn thảo tóm tắt nội dung buổi gặp đối tác hqua gửi sếp,Soạn báo cáo
Vỹ làm lại cái báo giá cho Sun Group hạ chiết khấu xuống 5% r gửi c trc 11h trưa,Tạo nhắc nhở
uyển xem lại chính sách cấp quyền dùng vpn cho nhân viên làm remote rùi confirm nhe,Phê duyệt
c Lan gửi email onboarding cho 2 bé intern mới trc 4h chiều để t2 tụi nó đi làm nha,Tạo nhắc nhở
châu duyệt bảng thanh toán tiền hoa hồng cho đại lý cấp 2 tháng rồi,Phê duyệt
minh chốt mức thưởng kpi cuối năm cho team vận hành kho đi sếp,Phê duyệt
Khoa sắp xếp một buổi training an toàn lao động cho kho trong tuần sau đi.,Lên lịch họp
sếp Vinh bên cty ABC khách ruột của mình đợt này ngta tính kí cái hđ 500 củ nên muốn xin mượn 2 cái máy chiếu về test trc á sếp. form mượn hàng e làm trên base r có kèm biên bản mượn đồ cam kết đền bù r á. a duyệt cho cty ABC mượn hàng sample để e xuất kho qua ngta nha,Phê duyệt
anh Tuấn đề xuất nên viết các hướng dẫn này vào tệp hướng dẫn và lưu trên đĩa CD,Tạo nhắc nhở
thương confirm chính sách đổi trả hàng hóa update mới nhất rùi up lên web,Phê duyệt
Chung xuất report xem tần suất dev xài lại các UI component trong design system tháng rồi,Soạn báo cáo
Long tạo file log lại toàn bộ đống tech debt của dự án e-com tính tới hiện tại nha,Soạn báo cáo
Tú cấp quyền admin aws cho a tech lead mới vô trc 10h sáng mai nha,Tạo nhắc nhở
Vy viết dùm a cái thông cáo báo chí vụ cty mình vừa ký hợp đồng thành công vs bên Accenture nhe viết hoành tráng xíu để tuần sau đăng lên website cty luôn,Soạn báo cáo
chị Vy rep mail trêu a Hùng kiếm ai cùng chiều cao mà thi đấu nha,Gửi/Trả lời email
Thoại duyệt ngân sách đào tạo nội bộ và mua khoá học cho nhân viên trong Q2 đi sếp,Phê duyệt
A Dũng hỏi a Sơn nhận đc card mạng ethernet chưa r liệt kê chi tiết mấy tùy chọn hiện có nha,Giao việc
chị Hà check mail xem có nhận đc file scan sổ BHXH e gửi chưa ạ,Gửi/Trả lời email
ông Duy fwd cái email confirm sếp giữ firewall cho ổng nhe,Gửi/Trả lời email
nhớ lưu contact của bên công ty event để đợt tới mình gọi liên hệ nha,Tạo nhắc nhở
Em rep mail thông báo cho bên IT nếu cái cách trên vẫn không fix được nha.,Gửi/Trả lời email
anh Cường yêu cầu lập một danh sách tập hợp toàn bộ thông tin liên hệ,Giao việc
Phúc ơi đặt lịch họp nội bộ trước khi gặp khách hàng để thống nhất quan điểm nha,Lên lịch họp
bạn sắm thêm cái điện thoại nội bộ mới cho phòng kinh doanh nha,Giao việc
chiều nay gọi trao đổi cụ thể sau nhé,Lên lịch họp
Anh Hùng cung cấp bản sao thiệp mời của sự kiện để tui fwd đi cho list khách hàng đăng ký liền nha,Giao việc
Phú update status mấy con lead hqua thành won trên hubspot trc cuối tuần m nhe,Tạo nhắc nhở
Anh Toàn có vài thắc mắc và muốn xin đầu mối bên đối tác để trao đổi kỹ hơn thì hóa ra người đó chính là anh Lâm,Lên lịch họp
Hùng nhắc team dev test xong app sớm kẻo trễ deadline nha,Tạo nhắc nhở
Mi lên lịch post bài cho fanpage tuần sau trc 6h tối nay đi m,Tạo nhắc nhở
Thúy tổng hợp báo cáo tiến độ training lứa thực tập sinh mới nha,Soạn báo cáo
t chốt lịch cho buổi training đợt tới với team chị Mai nhé,Lên lịch họp
Diệp bổ sung thêm con bug này vào file release note của bản SP4 nhé,Soạn báo cáo
rep email hỏi xem anh Phúc có xin dc vé đi hội thảo Java One k,Gửi/Trả lời email
Lên lịch họp khẩn cấp team logistics để giải tỏa hàng tồn đọng ở kho trung chuyển ngay chiều nay.,Lên lịch họp
Toàn m nay gom ba cái biên lai tiền điện nước tòa nhà vs tiền mạng tháng này đem xuống kế toán xin phiếu chi đi nha m. đợt r quên đóng bên cty điện dọa xuống cắt điện vp kìa m. nhớ đi thanh toán trc 5h chiều hnay nha trễ là chết dở cả phòng đó,Tạo nhắc nhở
set lịch meeting vs bên Accenture vụ hợp đồng bảo trì nhe Phương để mai a vs sếp Robert vô chốt luôn điều khoản thanh toán cho xong trước cuối tháng,Giao việc
bạn Khoa gửi link docs API tích hợp momo vào group này giúp mình,Gửi/Trả lời email
sâm confirm lại mấy cái hóa đơn đỏ bị xuất sai thông tin mã số thuế giùm,Phê duyệt
a Hùng tổng hợp báo cáo số liệu mới nhất theo định dạng bản dựng r giải đáp cặn kẽ thắc mắc của a Tuấn về cách mẫu kết xuất,Soạn báo cáo
Anh Tân cầu cứu chị Trúc và sếp Quân vì nhóm vẫn chưa xin được danh sách liên lạc và mối quan hệ của anh tại đối tác không tốt lắm,Giao việc
note lại xem lịch trống của sếp vào thứ 4 để xếp lịch bù cho buổi họp bị hủy,Tạo nhắc nhở
anh Hào nhận lời check lại lịch của mọi người để chốt giờ họp mới nhe,Lên lịch họp
Sếp giải thích kỹ hơn về cái giả lập đó đi,Giao việc
nhóm đã làm thất lạc hai thiết bị có sẵn trước đó nên anh Bình sẽ lên đơn đặt mua máy mới và anh Kiên sẽ phụ trách việc cài đặt,Phê duyệt
Sếp Hùng ổng coi lại cái mail r hỏi coi nãy m update gì trên server nhe m rảnh thì báo lại ổng nhe để ổng biết r ổng note vô sổ,Giao việc
Nhờ Tuấn hỏi lại team AE xem họ có tài liệu quy trình nào xài được cho case này k,Giao việc
Lê email cái hợp đồng NDA bản tiếng anh cho đối tác nước ngoài kí,Gửi/Trả lời email
nhóm đang chờ phía đối tác chốt lại lịch học mới chậm nhất là ngày mai,Lên lịch họp
"mn xếp lịch họp rà soát lỗi sau đợt vá hệ thống, Duy book link meet giùm đi",Lên lịch họp
Dũng lên file báo cáo update tiến độ OKR của phòng mình tuần này đi,Soạn báo cáo
Anh Dũng báo k có ở vp r xin dời meeting vs a Tuấn sang 4h chiều để kịp họp ca 5h nhe,Lên lịch họp
e soạn lịch trình chạy event tháng này gửi a xem nhe,Soạn báo cáo
a Tú config lại mấy cái webhook bắn tin nhắn sang telegram cho dự án mới trc cuối tuần a nhen,Tạo nhắc nhở
5h chiều nay sẽ chốt sổ code để đẩy lên test nha mng,Tạo nhắc nhở
lan gọi IT xuống lắp gấp cái điện thoại ở sảnh cho khách xài nhe do sáng nay có mấy người phàn nàn k liên lạc đc vs lễ tân r,Giao việc
e rep mail nhắc khéo team tập trung làm việc đi nha đừng có rảnh rỗi lên mạng đọc mấy tin showbiz tào lao trong giờ làm việc nữa,Gửi/Trả lời email
Trang nhớ mời thêm a Sơn tham dự cái buổi chia sẻ trưa nay nha vì a ấy đang phát triển mấy cái tool demo rất hữu ích cho team mình đó,Giao việc
Long config cái bucket s3 aws để lưu hình ảnh user r ném api key cho t trc cuối ngày,Tạo nhắc nhở
fwd cho a cái mail phàn nàn của khách vụ app k vô đc lúc sáng nha để a ném sang cho team dev check xem do lỗi server hay do code bị bug,Gửi/Trả lời email
Nhóm đang muốn xin dời lịch đào tạo lùi lại hai tuần để tập trung toàn bộ nguồn lực cho hai dự án ưu tiên của công ty chúng ta,Lên lịch họp
vân forward cái mail phản hồi rủi ro bảo mật của hệ thống cho IT manager,Gửi/Trả lời email
anh Duy duyệt giùm em cái đề xuất mua thêm thiết bị với ạ,Phê duyệt
em nhờ phòng IT fwd email thông tin tài khoản nội bộ cho mấy bạn nhân viên mới nha,Gửi/Trả lời email
rà soát rùi chốt danh sách khách hàng vip được tặng bánh trung thu năm nay nhe,Phê duyệt
em báo chị Hạnh liên hệ sắp xếp lịch phỏng vấn ứng viên mới đợt này nha.,Lên lịch họp
Danh coi tối nay ai ở lại thì nhắc ae điền form đk ot trc 5h chiều hnay k hr k tính lương ráng chịu nha,Tạo nhắc nhở
c Trúc gửi mail toàn bộ hình ảnh giao diện công cụ quản trị r a Hùng ráng check file log để lên report sớm nhất có thể báo cáo sếp nhe,Gửi/Trả lời email
Team sale set lịch meeting với khách hàng vào chiều mai để chốt luôn cái hợp đồng bảo trì nha,Lên lịch họp
Sếp Lan bả bảo phải review thêm lần nữa nha m rảnh thì chạy qua hỏi bả lịch trống nhe để t chốt lịch r ae mình rà lại lần cuối,Giao việc
anh viết một bản hướng dẫn chi tiết cách cấu hình máy in mới cho văn phòng giúp em,Soạn báo cáo
t rep mail r nha nãy t vs thằng Nam cũng có bàn về cái vụ Phone OnLine bên công ty mẹ tụi t thấy nghi ngờ tính khả thi của cái dự án này lắm,Gửi/Trả lời email
tui viết cái hướng dẫn xử lý mấy cái lỗi trình duyệt lúc tải file cho mọi người tham khảo nha,Soạn báo cáo
Mẫn lên hoàn thành khóa học tuân thủ an toàn mạng trc ngày 30 nhe,Tạo nhắc nhở
Trong email cuối anh Khoa tiếp tục bổ sung hai bản vá lỗi nữa cùng các bước thao tác thực hiện chi tiết,Gửi/Trả lời email
A Hoàng xóa dự án đó đi r tạo cái mới cho kịp chạy vào tối mai nha,Giao việc
Tường tạo bảng chấm điểm khóa đào tạo nghiệp vụ cho các đại lý nhượng quyền đợt này,Soạn báo cáo
"mn ơi ai đang cầm lỗi phần mềm #4938 vậy, đã reset lại chưa hay vẫn còn lỗi",Giao việc
Tuấn tạo meeting phỏng vấn ứng viên ios lúc 10h sáng thứ 4 giùm c.,Lên lịch họp
Phát lập báo cáo lưu lượng khách đến cửa hàng offline tháng này đi,Soạn báo cáo
a Trung rep mail từ chối cái proposal của bên vendor A giúp e nha,Gửi/Trả lời email
t rep mail lại r nha do t k biết trả lời sao nên kêu ổng đi hỏi sếp Tuấn á m rảnh thì hỏi tụi AE xem có cái process nào dùng tạm đc k nha,Gửi/Trả lời email
chị Lan yêu cầu nhóm làm rõ các thông tin chi tiết về dự án thương mại điện tử mà cô vừa tiếp nhận bàn giao từ bộ phận khác,Lên lịch họp
do có quá nhiều ý kiến đóng góp cho bản report nên sếp Hùng chốt lịch hẹn gặp trực tiếp a Tuấn vào thứ tư để trao đổi chi tiết các hạng mục còn vướng mắc nha team,Lên lịch họp
Giáp note lại ý rùi làm biên bản cuộc họp đánh giá năng lực nhân sự chiều nay nha,Soạn báo cáo
mn nhớ xác nhận lại với nhóm Nhật về thời gian chụp screenshot bản tiếng Nhật nhé,Tạo nhắc nhở
Minh ơi gửi mail cảm ơn khách hàng khách hàng tài chính Japan sau buổi demo sáng nay nhé,Gửi/Trả lời email
Bình tạo cái file excel liệt kê chi phí duy trì các con server staging tháng này dùm,Soạn báo cáo
mình copy hết đống nội dung intranet vô 1 cái folder giùm a r làm theo hướng dẫn này nhe,Giao việc
Sơn set meeting chốt phương án thiết kế bao bì với sếp trưa mai đi.,Lên lịch họp
anh Hải gửi email cho đối tác để tóm tắt nội dung trao đổi công việc,Gửi/Trả lời email
nhóm lưu ý trách nhiệm sửa máy chủ hoàn toàn thuộc về phía đối tác ETRADE,Tạo nhắc nhở
Em in cho sếp mấy bản tài liệu để mang vào phòng họp nha,Giao việc
chị Hà ơi nhờ Duy contact bên đội AE sắp xếp lịch làm việc với Madhu nhé,Giao việc
Anh duyệt mua thêm con máy test mới cho team dev giùm em với sếp Tùng ơi,Phê duyệt
c Vy duyệt theo lời khuyên r thừa nhận lỗi bản thân gây sự cố,Phê duyệt
Dung gửi invite lịch release sản phẩm mới cho toàn bộ các lead dự án sáng ngày mai.,Lên lịch họp
A Hoàng yêu cầu cung cấp nội dung Screaming Media để render data nhe,Giao việc
a Trường duyệt danh sách nợ xấu cần trích lập dự phòng trong năm nay,Phê duyệt
Trung xem lịch tuần này có trống 2 slot để phỏng vấn ko,Lên lịch họp
Vỹ confirm ngày khai trương chính thức của cửa hàng chi nhánh quận 7,Phê duyệt
Duy soạn mail hỏi team IT xem có cần giữ lại bản backup mấy cái CD cũ ko,Gửi/Trả lời email
"Lan ơi dời buổi review budget sang thứ 6 chiều đi, sáng t có khách đột xuất",Lên lịch họp
a Hùng hào hứng vs ý tưởng này r cam kết chốt lịch hẹn liền,Lên lịch họp
Khanh set lịch call với đối tác singapore để chốt chi phí vận hành q3 đi e.,Lên lịch họp
Cf lại với bên mua hàng xem mình có tiếp tục ký hợp đồng nguyên tắc với bên nhà cung cấp thiết bị văn phòng này nữa không,Phê duyệt
Hà nhanh check lại r gửi email tờ khai thuế cho bên dịch vụ nha,Gửi/Trả lời email
anh Hoàng check rồi phê duyệt gấp cái bản thông cáo báo chí này giúp e,Phê duyệt
Huyền chốt thể lệ cuộc thi đua doanh số quý 3 rùi gửi ae sale,Phê duyệt
Anh em rà soát lại xem cái order này cụ thể là mua những món gì,Giao việc
Hà follow up với chị Linh xem đã review xong các điều khoản hợp đồng chưa,Giao việc
Tạm ứng luôn 500 đô ngân sách cho mấy khoản phí lặt vặt của dự án đi,Phê duyệt
Hoa gửi mail đính kèm cái link bản tin tháng cho ban Marketing nha,Gửi/Trả lời email
Kiên gửi mail cái project plan mới nhất sau buổi họp sáng nay cho working group r,Gửi/Trả lời email
Thiện đặt lịch sếp ăn tối ngoại giao với đối tác Hàn Quốc tối thứ 6 tuần này giùm.,Lên lịch họp
Em rep mail xin lỗi khách vì gửi nhầm file báo giá hôm qua đi.,Gửi/Trả lời email
Bảo nhớ note lại cái lỗi leak memory này để báo cho team dev fix đợt sau,Tạo nhắc nhở
Tịnh viết báo cáo ước tính ngân sách chạy ads của 3 bên đối thủ trong tháng rồi nhe,Soạn báo cáo
anh Tuấn gửi cho chị Ngọc một đường link xem tử vi hàng ngày trên mạng và rủ cô cùng xem thử cho vui trong giờ nghỉ giải lao,Gửi/Trả lời email
Khoa nhớ ck tiền nhà tháng này trc mùng 5 nghen em,Tạo nhắc nhở
Sắp xếp một buổi workshop về luật bảo vệ dữ liệu cá nhân cho team tech và legal vào t5.,Lên lịch họp
tính duyệt uỷ nhiệm chi thanh toán tiền gửi xe tháng này cho toà nhà giùm,Phê duyệt
a Hoàng tổng hợp số liệu r lên cái báo cáo tóm tắt toàn diện nha,Soạn báo cáo
Linh ơi m kéo số rồi lên file bc ads tuần vừa rồi nhe,Soạn báo cáo
mọi người gom hết bộ suite r gửi lại cho t nhe để đẩy test nốt cho xong,Giao việc
Khoa duyệt bản bản đề xuất gửi đối tác hãng hàng không đối tác trước khi Minh present nhé,Phê duyệt
chốt cái bản vẽ layout chia phòng ban cho văn phòng mới trc chiều t6 nha team,Phê duyệt
Anh Sơn góp ý là team mình cần phải phân tích kỹ lưỡng các rủi ro tiềm ẩn r update vào bản thuyết trình dù dự án k có thay đổi lớn,Soạn báo cáo
San chuyển tiếp thư xác nhận đặt phòng khách sạn cho đoàn đi công tác,Gửi/Trả lời email
Thắng sắp xếp một buổi thảo luận nội bộ về việc cải thiện chế độ đãi ngộ cho ae vào đầu tháng.,Lên lịch họp
sếp xem rồi duyệt giùm em mấy cái thay đổi trên app để em cho push lên store,Phê duyệt
Chị Lan xem lại cái plan phân bổ resource tháng này r duyệt sớm giùm e nha do mấy bạn bên dev đang ngồi chơi k chờ task mới từ bữa qua tới giờ r,Phê duyệt
Tiến xem qua cái SEO audit report rùi confirm để gửi khách,Phê duyệt
Phong book xe tải 2 tấn chành xe chở hàng đi cần thơ trc ngày mai đi m,Tạo nhắc nhở
anh Triết tạo cái google form đăng ký cơm trưa rồi email link cho cả vp,Gửi/Trả lời email
Chiều nay a rep mail báo a Hùng là vp mình có tổ chức tiệc thứ sáu r nhe để ae ráng rủ c Lan mặc váy đẹp chụp hình kỉ niệm,Gửi/Trả lời email
Duy chuẩn bị bản tài liệu tóm tắt 1 trang giới thiệu giải pháp 401K mobile cho buổi pitching thứ 4,Soạn báo cáo
Vy chiều nay bên đại lý phân phối độc quyền ngoài miền bắc họ gọi điện giục công ty mình gửi các mẫu nước hoa mới ra mắt để họ trưng bày tại cửa hàng đó em. họ bảo sắp tới ngày khai trương rồi nên cần hàng rất gấp. em xuống kho lựa chọn những hộp sản phẩm đẹp nhất rồi đóng gói gửi sản phẩm dùng thử cho đại lý trước buổi sáng ngày mai bằng dịch vụ hỏa tốc nhé.,Tạo nhắc nhở
Khải book phòng để team content ngồi brief kịch bản quay tiktok sáng mai.,Lên lịch họp
Nhi xem lại bill rồi soạn bc thu chi event hqua nhé,Soạn báo cáo
cường xuất file breakdown chi phí băng thông (bandwidth) trên aws tháng 8 đi,Soạn báo cáo
Cảnh tổng hợp báo cáo xếp hạng doanh số các chi nhánh cửa hàng Q3 nhe,Soạn báo cáo
Lên lịch họp kickoff chiến dịch thiện nguyện xây trường vùng cao vào tuần sau đi mọi người.,Lên lịch họp
công ty đang tái định vị thương hiệu,Tạo nhắc nhở
c Hương ơi đặt lịch họp định kỳ hàng tuần với các trưởng phòng vào thứ 4 9h giúp e,Lên lịch họp
Lan nhắc mn nộp đủ giấy tờ nhe r e bảo vs họ là có thể nộp trễ thêm 1 2 ngày nhưng mà có gì k hiểu thì hỏi bả nha,Tạo nhắc nhở
Nhớ dùng cái form mới nhất trên drive nhé mng,Tạo nhắc nhở
Bé Linh soạn r fwd cái email báo giá dịch vụ kèm mấy file kĩ thuật cho khách hàng xem thử nhe họ đang giục sáng giờ r,Gửi/Trả lời email
c Vy soạn xong bản list thông tin ngân sách r báo e check sơ qua r hãy xuất report fax cho bên hành chính xử lý vào sáng mai nha,Soạn báo cáo
Tuyền soạn email gửi file doc release notes cho các stakeholders,Gửi/Trả lời email
a Bách duyệt báo giá sửa hệ thống máy lạnh ở chi nhánh 1 giúp e,Phê duyệt
Chiều nay từ 4h45 đến 5h a rảnh nhe Lan có gì cần trao đổi nhanh thì chạy qua phòng a hoặc nhắn tin qua Teams cũng đc,Lên lịch họp
Thắng vào review cái plan dự án mới này đi,Giao việc
Kiều lập bảng tổng hợp báo cáo chi phí tiền tăng ca của xưởng tháng này,Soạn báo cáo
Khoa cuối tuần nay kêu ae xắp xếp lại layout kho hàng cho gọn đi nha m,Tạo nhắc nhở
"Lan làm tài liệu trình chiếu báo cáo quý 3 cho buổi họp thứ 2 nhé, cần có cả data từ tài chính",Giao việc
Mọi người check lại cái file log trên server xem bị lỗi gì mà báo không tìm thấy adapter vậy,Giao việc
chị hỏi anh Cường xem khi nào cái tính năng mới trên app được release nha.,Giao việc
Tuấn làm bản estimate số giờ làm việc cho dự án Visto gửi cho Đạt nhé,Soạn báo cáo
Trang email báo sếp Tuấn là m đã log thông tin call etrade nha,Gửi/Trả lời email
Phát chốt cái database schema để ae dev bắt đầu dựng model,Phê duyệt
Định soạn file báo cáo tỉ lệ chuyển đổi lead mảng B2B từ đầu năm đến giờ,Soạn báo cáo
Hà tỉa tót lại mấy cái slide thuyết trình hội thảo ngày mai r gửi t trc sáng mai t coi lại,Tạo nhắc nhở
Bằng làm báo cáo phân tích review app 1 sao rùi đề xuất action plan,Soạn báo cáo
Quý chốt cái lộ trình chạy roadshow xe đạp quanh thành phố tuần sau nha,Phê duyệt
t rep mail hỏi bà Lan xem 2 cái bug bữa trước đã đc xử lý xong chưa nha r nhờ bả gửi lại số bug cho t update báo cáo cuối tuần luôn,Gửi/Trả lời email
bạn note lại cách xử lý mấy cái feedback trên để có gì hướng dẫn cho mng nha,Tạo nhắc nhở
Huấn check rùi approve việc cài đặt mã facebook pixel lên landing page mới nha,Phê duyệt
note lại nhắc sếp follow up cái plan với bà Trang sau nhe,Tạo nhắc nhở
chị Lan nộp claim công tác phí đà nẵng trc thứ 4 nhe,Tạo nhắc nhở
Sơn hỏi a Tuấn xem ổng chắc chắn đó là cái lỗi bản quyền thứ 3 k nha do nãy t thấy nó báo lung tung k biết lỗi gì luôn,Giao việc
Phương ơi e mail cái media plan cho bên khách trc 4h chiều nay nha,Gửi/Trả lời email
Đạt xuất report mức độ bao phủ test case (test coverage) của bản release v1.4,Soạn báo cáo
anh cf lại coi chiều nay 3h có tham gia cuộc họp dự án được không nha,Phê duyệt
Dũng tổng hợp số liệu làm báo cáo chi tiết phí mua dung lượng google drive tháng 8,Soạn báo cáo
Bách gọi ngta giao thêm nước suối vp trc 12h trưa nha,Tạo nhắc nhở
"Khoa ơi lên lịch buổi trình diễn sản phẩm cho đối tác vận chuyển tuần này đi, họ đang chờ đấy",Lên lịch họp
c Lan duyệt uỷ nhiệm chi tiền điện tháng này cho kế toán,Phê duyệt
Nhóm dự định sẽ tiếp cận khách hàng thông qua sự giới thiệu của đối tác để tìm hiểu vai trò của họ trước khi đưa ra bản đánh giá chung,Soạn báo cáo
Trâm lập báo cáo chi phí bảo dưỡng đội xe tải giao hàng trong tháng 10 đi,Soạn báo cáo
Vy soạn file báo cáo phễu tuyển dụng tháng 10 trc cuộc họp chiều nay,Soạn báo cáo
Nhớ mượn cục sạc dự phòng của anh Kiên mang theo lúc đi sự kiện nhé,Tạo nhắc nhở
Tuấn assign cho Dũng viết script load test database rồi báo lại kết quả nhé,Giao việc
Lên lịch họp team thiết kế chốt lại concept booth triển lãm thứ 3 tuần sau nhe.,Lên lịch họp
team check lại rùi chốt cái slide pitching dự án chiều nay đi,Phê duyệt
ngọc scan cái hợp đồng lắp mạng internet rùi gửi thư điện tử cho bộ phận hành chính,Gửi/Trả lời email
Diệu tạo report đo lường mức độ tái sử dụng các UI component trong project mới nha,Soạn báo cáo
Sếp Hoàng bảo phòng ban phải ưu tiên fix cái lỗi đếm phiên gấp nha e nhờ a Tuấn vô support chạy test lại k là sập toàn bộ máy chủ luôn,Giao việc
đào duyệt cái content calendar mảng social media cho quý 3 trc 5h,Phê duyệt
c Hà ới e mới đẩy cục code fix cái lỗi giỏ hàng k update giá tiền r á. hnay t6 sprint cuối mẹ r mà tester nó đang ngồi chơi k có gì để test kìa c. c vô github coi r duyệt cái pull request số #452 liền dùm e để nó auto deploy lên staging cho tụi qa nó cào nha,Phê duyệt
chị Phượng duyệt báo giá thanh lý mớ máy tính cũ của văn phòng đi ạ,Phê duyệt
Thành gửi mail vô group chat giải thích vụ Siebel r nha ae,Gửi/Trả lời email
"Duy đặt lịch họp rà soát lại hợp đồng với luật sư vào thứ 5 đi, quan trọng lắm",Lên lịch họp
Anh trả lời cái mail báo vs thằng Tuấn là ổng đồng ý với mấy cái chi phí dự kiến rồi nha r tiện thể hỏi thêm coi gói đó có bao gồm khách mới k,Gửi/Trả lời email
anh tìm thêm vài option thay thế cho cái logo chiến dịch đợt này giúp em,Giao việc
Xin thêm tư vấn từ chuyên gia về cách ứng dụng phần mềm mới vào mảng training cho hiệu quả,Giao việc
e qua phòng nhân sự xin thiết kế mới r in gấp cho chị một hộp namecard nhe nhớ để ý xem số điện thoại trên đó đã đc update chưa,Giao việc
gửi thư điện tử báo giá cước vận tải đường bộ cho công ty nhựa trong chiều nay nha,Gửi/Trả lời email
a Tiến tạo file báo cáo nhật ký lộ trình giao hàng của đội xe tải ngày hôm nay nha,Soạn báo cáo
Check mail lấy cái link onedrive chứa tài liệu nội bộ phòng marketing nhe mng,Gửi/Trả lời email
a Nam sắp xếp buổi họp giữa đội phát triển và vận hành hệ thống về kế hoạch triển khai nhé,Lên lịch họp
Trong cái thư mời họp có sai lỗi chính tả nên mọi người chỉnh lại nhé,Tạo nhắc nhở
e nhắn a Sơn là 9h sáng mai họp nha do em k thấy lịch trống của ảnh nên cứ chốt h đó đi r coi ảnh sắp xếp sao,Lên lịch họp
Vy nhớ tạo lịch nhắc a gọi lại cho bên khách sạn Intercontinental để confirm vụ đổi phòng cho sếp nha do ổng k thích cái view hiện tại,Tạo nhắc nhở
Quốc soạn mail gửi báo cáo pnl quý 1 cho ban giám đốc trc thứ 5,Gửi/Trả lời email
Nhậm viết báo cáo tổng kết các nguyên nhân khiến app mình bị apple reject đợt vừa qua,Soạn báo cáo
bạn rep mail khách hàng kèm theo cái mã xác nhận đơn hàng lúc nãy nha,Gửi/Trả lời email
Phương dọn dẹp phân khu hàng hỏng trả về kho clear trc cuối ngày nha,Tạo nhắc nhở
Đoan liên hệ mấy production house xin báo giá quay chụp trc 5h chiều nay nha c,Tạo nhắc nhở
Anh Hưng đồng tình với quan điểm của anh Toàn và sẽ phản hồi email để giải thích rõ hơn về tình trạng cạn kiệt nguồn vốn tài trợ hiện nay,Gửi/Trả lời email
Bà Lan gửi m cái bảng tính nha m rảnh thì vô update lại lịch trình r thông báo cho mọi người biết nhe do m quản lý cái file này mà,Giao việc
Trí coi lại màu sắc cuốn brochure mới rùi confirm cho a để đi in ấn,Phê duyệt
Nhung bổ sung thêm phần EMDS vào file spec giùm mình,Giao việc
sếp Dũng duyệt giùm e mấy cái template ebc e mới chỉnh sửa lại nha,Phê duyệt
Trước buổi họp anh Thành gửi tài liệu tóm tắt cơ hội hợp tác để hai bên có thể giải quyết trước mọi vướng mắc còn tồn đọng,Lên lịch họp
Linh set kèo meeting để sếp trình bày cái test plan cho ae mổ xẻ nha,Lên lịch họp
Đừng quên nhắc mọi người điền form xin nghỉ phép trước ngày 15 hàng tháng để phòng nhân sự còn kịp thời gian làm bảng lương nha,Tạo nhắc nhở
thi xuất danh sách khách hàng chưa gia hạn ra tệp văn bản rồi gửi thư cho nhóm sale,Gửi/Trả lời email
Trang gửi cái địa chỉ training r đó mng lo book vé với ksan giùm c nha,Giao việc
Phúc set 1 cái lịch call r add thêm 2 lão kia vào trao đổi luôn,Lên lịch họp
attach cái file pdf profile cty vô email rồi quăng cho khách tham khảo đi mng,Gửi/Trả lời email
Hùng duyệt uỷ nhiệm chi nộp thuế nhập khẩu lô hàng linh kiện điện tử ạ,Phê duyệt
đoan chốt danh mục tài sản cố định cũ cần thanh lý trong năm nay nha em,Phê duyệt
Quốc soạn document báo cáo phân tích nguyên nhân sự cố downtime app cuối tuần,Soạn báo cáo
e viết mail trả lời chị Lan báo là văn phòng mọi người vẫn đang chạy kpi bình thường nha chúc bả có chuyến đi nghỉ mát vui vẻ với gia đình,Gửi/Trả lời email
Lan gửi cái kq test qa cho a Tuấn nhe để a vô xem coi có lỗi lầm gì k r phản hồi lại cho bên đó fix luôn cho nóng nha e,Giao việc
sếp bảo em book lịch họp vs bên pháp lý để chốt hợp đồng nha,Lên lịch họp
Nhắc mọi người trong team review kĩ cái sfc r note lại mấy chỗ cần sửa nhe để thứ 2 tuần sau sếp có tài liệu họp vs khách hàng,Tạo nhắc nhở
Quang duyệt mức lương trên offer letter của bạn dev mới nhe,Phê duyệt
A Tuấn chốt list lỗi cần hoàn thành ngay trong đêm nay nên phòng qa phải làm thêm giờ và kỹ sư bắt buộc rà soát kỹ mọi đoạn mã mới,Giao việc
m nhắc nhở cả team theo sát tiến độ chốt sale khách hàng tiềm năng này nha.,Tạo nhắc nhở
Sếp Hải đã phê duyệt chiến dịch giành lấy hợp đồng cung cấp dịch vụ mạng không dây với đối tác chiến lược này và giao cho anh Hưng phụ trách,Phê duyệt
Bạn Vinh cần script gấp thì cứ escalation cái request lên anh Sơn để ổng ưu tiên xử lý nha,Giao việc
chốt bộ chỉ số cân bằng game bản update v1.4 rùi báo dev nhe mng,Phê duyệt
khi anh Phát rà soát lại hợp đồng thì thấy các điều khoản quy định về trách nhiệm hỗ trợ kỹ thuật ghi rất chung chung,Lên lịch họp
Tú Anh xuất data kh từ hệ thống cho team telesale trc 9h sáng dùm c,Tạo nhắc nhở
ae note lại khách hàng này k dùng dịch vụ thanh toán online nha,Tạo nhắc nhở
bạn soạn mail hỏi bên cung cấp xem họ có giảm giá thêm cho lô hàng máy tính đợt này không,Gửi/Trả lời email
Việt cài tool chạy pentest nguyên cái hệ thống crm mới coi có lủng lỗ nào k trc cuối tuần,Tạo nhắc nhở
Tuệ tổng hợp danh sách lập biên bản thanh lý tài sản cố định hư hỏng của tháng 11 đi,Soạn báo cáo
Anh Hùng yêu cầu a Tuấn đăng tải cuốn cẩm nang lên mạng nội bộ r gửi email thông báo để toàn thể nhân viên tải về học,Giao việc
hỏi IT xem cái Siebel load dc trên palmtop chưa trc khi qua training r báo a,Giao việc
anh Bảo đề xuất nhóm nên liên hệ với anh Đạt vì anh ấy nắm rất rõ chuyên môn mảng này,Lên lịch họp
Anh Tuấn rep mail từ chối phòng vận hành vụ xin máy test demo r nhe,Gửi/Trả lời email
Phi set một buổi họp khẩn xử lý khủng hoảng truyền thông vụ phốt trên Facebook ngay bây giờ.,Lên lịch họp
Trang gửi email cái brief campaign tết cho bên agency làm plan nha,Gửi/Trả lời email
nhớ m là thg Tuấn cài đặt máy cho mấy khách hàng đầu lun nha,Tạo nhắc nhở
e xin sếp xem mình có đc dùng tool Screaming Media cho đợt training tuần sau k để a còn báo bên IT cài đặt sẵn lên máy cho mọi người,Giao việc
Thảo kéo số làm file excel kpi sales tháng này chốt trước 5h giúp a,Soạn báo cáo
Tuấn viết báo cáo giải trình sự chênh lệch chi phí điện nước giữa các chi nhánh trong Q1,Soạn báo cáo
hẹn gặp tụi Dynegy nha r m coi sếp có tính scoping luôn k,Lên lịch họp
Anh Tuấn báo đang gặp khó khăn khi chuyển giao diện bảng điều khiển sang chế độ node nên a Hùng ráng sắp xếp thời gian dọn dẹp vp để qua support,Giao việc
c setup lịch rảnh t3 để họp vs team mình vụ này nha,Lên lịch họp
a Tuấn hnay rảnh thì liên hệ bên medlatec hay hoàn mỹ gì đó xin báo giá gói khám sức khoẻ định kì năm nay cho ae cty nha. năm ngoái khám dỏm quá tụi nó chê. a chốt ds pkham r báo c trc mùng 10 nha,Tạo nhắc nhở
note lại là fix xong bug thì liên hệ vs ông Khoa ngay nha,Tạo nhắc nhở
Team support báo cáo chi tiết về cái lỗi trên hệ thống Salesforce nhe,Giao việc
Set lịch họp khẩn với team server xử lý vụ rò rỉ dữ liệu ngay chiều nay.,Lên lịch họp
t rep mail xin số điện thoại ông quản lý bên Cash Edge r nha khi nào có t quăng cho m gọi hối ổng chuyển khoản gấp,Gửi/Trả lời email
Chị Lan coi duyệt giúp e cái danh sách cấp quyền truy cập vpn cho remote user nhe để e đẩy qua cho IT họ config mạng trong sáng nay,Phê duyệt
Tuấn ơi làm báo cáo phân tích hiệu năng máy chủ sau đợt kiểm thử tải tuần trước đi,Soạn báo cáo
m tổng hợp lại mấy cái lỗi IT thường gặp lúc chạy app r gửi cho a Tuấn nha để team còn làm tài liệu hướng dẫn cho user đợt tới,Giao việc
a Linh ơi trả lời xác nhận lịch họp với đội Chicago vào ngày 26 giúp Donivan với,Gửi/Trả lời email
chị Phương ơi tháng này cơ quan bảo hiểm xã hội yêu cầu các doanh nghiệp phải đóng trước số tiền bảo hiểm y tế cho nhân viên để họ kịp thời in thẻ khám bệnh mới cho năm sau đó chị. danh sách nhân sự và số tiền tương ứng em đã tính toán cẩn thận trong tệp tài liệu rồi. chị lướt qua kiểm tra rồi phê duyệt lệnh chuyển khoản đóng bảo hiểm xã hội để em báo ngân hàng thực hiện nhé.,Phê duyệt
Loan tổng hợp file báo cáo tỉ lệ gia hạn hợp đồng B2B năm nay,Soạn báo cáo
C Huế confirm thông tin đặt phòng khách sạn Hyatt nha,Giao việc
Hoàng hẹn đối tác logistics họp review SLA quý trước vào tuần sau nha b.,Lên lịch họp
"Khoa ơi phản hồi mail của đối tác đối tác công nghệ về điều khoản hợp tác nhé, trả lời lịch sự thôi",Gửi/Trả lời email
khang duyệt ngân sách chạy seeding group facebook tháng tới giùm c,Phê duyệt
anh Sơn rất ưng ứng viên này vì anh nắm rõ quy trình bán hàng và giao tiếp tốt,Lên lịch họp
"em đặt lịch tổng kết sau đợt kiểm thử tuần này với Minh và Tuấn nhé, khoảng 30 phút thôi",Lên lịch họp
chị Châu chỉ ra rằng mọi người đang nhầm lẫn không rõ tên thuộc tính là viết tắt hay viết đầy đủ,Phê duyệt
"bữa nào mn rảnh họp nhanh về tiến độ dự án tháng này, sếp hỏi liên tục rồi",Lên lịch họp
Chiều m rảnh thì tạt qua chỗ anh bàn xíu việc trước khi t họp với đối tác nha,Lên lịch họp
Anh Sơn confirm chốt lịch họp vào thứ hai nhe,Lên lịch họp
chiều mai 4h kế toán vs mua hàng họp review lại vụ chênh lệch công nợ nhen mn,Lên lịch họp
Anh Hùng xin đổi ca để tiện cho cái meeting đột xuất chiều nay của a Sơn nhe,Lên lịch họp
A Sơn ngó qua xem cái đơn hàng mua thêm ổ cứng cho server như này đã đúng quy trình chưa thì approve luôn trên hệ thống giùm e để chiều e đẩy sang kế toán,Phê duyệt
Nhớ feedback cho t về cái file data test trước chiều nay nha,Tạo nhắc nhở
a Hùng đồng tình vs đề xuất ưu tiên các dịch vụ tài chính r gợi ý a Sơn ráng chốt lịch hẹn gặp đại diện mấy cty ngân hàng lớn tại sự kiện tuần sau nhe,Lên lịch họp
Bạn check lại xem bản build mới nhất của app đang nằm ở đâu,Giao việc
sáng nay Đức reply mail vendor confirm cái lịch giao hàng kèm PO nhé,Gửi/Trả lời email
Gửi thông báo chính thức sớm để em còn tạo email alias cho team dự án,Giao việc
Châu chốt bảng lương r gửi sếp kí trc cuối ngày mai nha e,Tạo nhắc nhở
Em gửi mail báo cho a Hùng về cái deal bên Albertson đã chốt xong rồi đó,Gửi/Trả lời email
Như up cái form đánh giá kpi q2 lên hệ thống r nhắc mng điền trc eod t5 nha c,Tạo nhắc nhở
Cúc viết cái báo cáo phân tích UX luồng checkout mới cập nhật hqua rùi gửi ae,Soạn báo cáo
"Lan trả lời mail của khách hàng đi, họ hỏi lần 2 rồi đó mà chưa thấy ai rep",Gửi/Trả lời email
Liễu đặt lịch họp hội đồng cổ đông bất thường vào đầu tháng tới giúp anh.,Lên lịch họp
Phong ơi lúc sáng bên tổng cục thuế họ nhắn tin báo là chữ ký số điện tử của công ty mình sắp hết hạn sử dụng rồi đó em. Nếu để quá hạn là không nộp được tờ khai tháng này đâu mà còn bị phạt tiền nữa. Em cầm USB đi gia hạn chữ ký số điện tử ngay trong hôm nay luôn giúp chị nhé để chị còn làm thủ tục.,Tạo nhắc nhở
Tuyền xuất report phân chia mức độ nghiêm trọng (severity) của đống bug QA report tuần này,Soạn báo cáo
book lịch call 15p chốt xem h team mình định xử lý sao vs bên Lucent,Lên lịch họp
Phương soạn cái slide báo cáo nghiệm thu chiến dịch booking dàn KOC tháng này giùm c,Soạn báo cáo
nhắc Divakar update số giờ làm việc cho dự án Visto trước cuối tuần nhé,Tạo nhắc nhở
Đoan làm báo cáo thời điểm khách hàng hay cúp máy ngang khi telesale gọi ra tư vấn,Soạn báo cáo
Tuấn đặt lịch sync ngắn với đội vận hành hệ thống về hoàn tác plan trước triển khai nhé,Lên lịch họp
"Linh sắp xếp buổi trao đổi với đội vận hành về quy trình mới, khoảng 1 tiếng thôi",Lên lịch họp
Cường email bản scan giấy phép bản quyền âm nhạc cho bên đài truyền hình trc 2h chiều,Gửi/Trả lời email
Hương confirm duyệt cái bản hợp đồng mới nhất r đó,Phê duyệt
thảo duyệt đề xuất mua tool tracking bug xịn hơn cho team QA ạ,Phê duyệt
Sếp khen cái bản report dự án tháng sáu xuất sắc r nên e hy vọng cty mình có thể tiến tới hợp tác chính thức vs họ luôn nha,Soạn báo cáo
Quyên gửi cái catalog sản phẩm mới nhất qua mail cho đại lý đi e,Gửi/Trả lời email
Thảo email cái chứng từ khấu trừ thuế TNCN cho anh nhân viên cũ vừa xin nha,Gửi/Trả lời email
Em bận không đi sự kiện được nên sếp pass qua cho bạn Long đi thay giùm em nhé,Giao việc
thứ 6 này Việt nhắc tạp vụ dọn sạch tủ lạnh bỏ hết đồ ăn mốc trc 5h chiều nha,Tạo nhắc nhở
Sơn check lại xem mình có nên đổi tên Anderson Consulting sang Accenture trên mấy cái data sheet cuối cùng k nhe để a còn báo design sửa lại cho kịp in,Giao việc
Đặt phòng họp có máy chiếu để present kế hoạch marketing mảng b2b sáng thứ 2.,Lên lịch họp
chị Cẩm chụp cái biên lai nộp thuế đính kèm vô mail gửi kế toán trưởng confirm,Gửi/Trả lời email
Sếp Tuấn nhắc e làm thêm mấy cái kết nối r đó e coi lại cái lịch họp r rảnh thì bố trí tụi IT xuống chạy dây cho kịp nhe,Tạo nhắc nhở
Sếp Hùng set meeting với team Marketing để chốt cái chiến lược sản phẩm quý tới nha,Lên lịch họp
Khang chốt tỷ giá thanh toán LC nhập khẩu lô hàng đài loan hôm nay nha,Phê duyệt
Lan set quyền read only trên aws cho bé intern mới vô trc 1h chiều nay giùm t,Tạo nhắc nhở
Anh duyệt giùm em cái đề xuất dùng phần mềm mới có lợi cho định hướng chiến lược đợt này nha,Phê duyệt
Thủy nén folder mockup màn hình app thành file zip rùi email cho dev implement,Gửi/Trả lời email
Ngân viết báo cáo phân tích nguyên nhân user thoát ngang buổi livestream hôm qua,Soạn báo cáo
Sơn kiểm tra lại quy trình r làm 1 file bc chuẩn bị audit isms tuần sau,Soạn báo cáo
bạn Khải email cho mình cái file excel budget final nha,Gửi/Trả lời email
đừng quên gửi bản demo tiếng Nhật cho Toshi trước hạn chót 24/11 nha mn,Tạo nhắc nhở
Chiều nay bận họp với đối tác rồi nên Phương thay mặt anh lead buổi meeting này nhé,Giao việc
Giao viết cái biên bản xác nhận danh sách trúng thưởng lucky draw đêm YEP nhe m,Soạn báo cáo
Lan rảnh thì hỗ trợ a in thêm mấy cái thẻ nhân viên mới nhe m rảnh thì phụ a r đi phát cho tụi nó nhe để t đi làm mấy việc khác,Giao việc
Khoa xuất hđđt cho cty á châu gửi qua mail họ trc trưa mai dùm t,Tạo nhắc nhở
em hỏi bên HR xem hợp đồng tuyển dụng của sếp Hoàng đã chốt xong chưa nha,Giao việc
Phong m làm cái hđ thực tập sinh cho 2 bé mkt mới vô hqa ch. tụi nó hỏi t miết kìa. m soạn hđ r gọi tụi nó lên phòng nhân sự kí tá đàng hoàng trc chiều mai nha m. để lằng nhằng rắc rối,Tạo nhắc nhở
Chị Phương cho rằng nhóm nên nhờ đối tác tư vấn vì họ hiểu rất sâu về giải pháp này nên chị Thủy quyết định sẽ đặt lịch họp,Lên lịch họp
em check lại xem server có ghi log đầy đủ không,Giao việc
sơn cấp quyền checkin git cho mấy bạn dev mới vô giùm a nhe để tụi nó tự pull code về fix mấy con bug còn tồn đọng từ sprint trước,Giao việc
C Linh yêu cầu làm thẻ từ cho thành viên hội đồng cố vấn Accenture để tiện ra vào nhe,Gửi/Trả lời email
Ông Sơn ổng hối m ráng hoàn thành cái report trước thứ hai r nha m báo ổng coi khi nào m qua bên CTIA r để ổng biết lịch nhe,Giao việc
Anh Tùng chuẩn bị slide tiếng Tây Ban Nha cho buổi thuyết trình với đối tác tuần sau đi nhé,Soạn báo cáo
Sếp hỏi thêm về cái quy trình xin visa cho bạn Tùng giúp em với,Giao việc
a Tuấn ơi approve kế hoạch phân công nhân sự cho dự án hệ thống dịch vụ di động 3.5 giúp nhóm vs,Phê duyệt
cf lại danh sách nhân sự tham gia gala dinner giúp c,Giao việc
a Nam ơi approve đề xuất hợp tác với đối tác thiết bị cho Rộng xử lý tiếp nhé,Phê duyệt
Sang review rùi chốt bộ guideline rebranding mới của cty nha,Phê duyệt
a Tuấn set call với đội nghiên cứu phát triển về roadmap sản phẩm Q2 giúp e với,Lên lịch họp
a Nam ơi chuyển tiếp tài liệu bản đề xuất cũ để nhóm dùng làm reference khi viết bản mới nhé,Gửi/Trả lời email
Bà Vy bả báo vs sếp Hùng là m rảnh thì check mấy con bug của tụi dev r nha để bả biết r bả cập nhật lại nhe,Giao việc
Bích book phòng training kỹ năng chốt sale cho mấy bé mới vô 2h chiều t6 nhe,Lên lịch họp
"Duy ơi chuyển tiếp danh sách nhân sự cần cấp/xóa quyền cho Phương nhé, Linh đã xác nhận",Gửi/Trả lời email
"a Nam ơi sàn giao dịch đã whitelist IP mới chưa ạ, em cần xác nhận trước khi triển khai",Giao việc
Ông Minh ổng hỏi m rảnh thì gửi mấy cái ý tưởng cho tờ báo r nha m vô check nhe ổng bảo cái vụ tuần này có vẻ ổn r,Giao việc
Vy rảnh thì gọi lên tổng đài báo họ hủy hết dịch vụ quốc tế của cty mình nhe do dạo này chi phí điện thoại tăng vọt quá r,Giao việc
Khang làm cái báo cáo kết quả chạy A/B testing ads fb đợt rồi,Soạn báo cáo
Lan xem lại cái KV tết rồi confirm chốt để mai t gửi xưởng in,Phê duyệt
Sơn lên danh sách ứng viên r gửi lại cái lịch trống cho bên HR nhe để tuần sau ngta mời họ vô phòng phỏng vấn đàng hoàng nha,Giao việc
Điểm vướng mắc lớn nhất là việc giải quyết vấn đề cam kết hỗ trợ kỹ thuật đối với ứng dụng phần mềm mà khách hàng đang sử dụng,Lên lịch họp
Xuyến tạo file tính khấu hao tài sản cố định văn phòng năm nay giúp a,Soạn báo cáo
Tín book lịch họp online với đối tác cung cấp nguyên liệu mùng 5 cho t.,Lên lịch họp
anh Tuấn check xem nguyên nhân nào gây ra cái lỗi đường dẫn file này nha r báo e để e xóa cái trang thứ hai khỏi luồng xử lý luôn,Giao việc
t vừa gửi invite họp chiều thứ sáu r nha mấy m nhớ accept rồi coi trước tài liệu a Sơn gửi trong mail để vô họp đỡ mất thời gian giải thích lại từ đầu,Lên lịch họp
Chị mang cái thiết kế này lên cho anh Tùng duyệt luôn cho nóng,Phê duyệt
em Minh gửi file báo cáo Accounts Receivable cho Amy trước buổi họp ban lãnh đạo thứ 2,Gửi/Trả lời email
bách duyệt báo cáo lưu chuyển tiền tệ tháng 8 giùm phòng tài chính,Phê duyệt
Lượng viết báo cáo giải trình chênh lệch giá mua thùng carton thực tế so với giá dự toán,Soạn báo cáo
"Tuấn chuẩn bị tài liệu trình chiếu pitching cho buổi gặp đối tác lớn thứ 4 nhé, cần có case study sàn giao dịch",Soạn báo cáo
t thấy có bug phần thanh toán m check fix thử xem,Giao việc
Mng soạn cái plan chi tiết cho buổi họp với đối tác dự án sắp tới giúp em nha,Soạn báo cáo
Sếp nhờ m lấy báo giá in lại nguyên bộ tài liệu hướng dẫn sử dụng mới trong lúc chờ team dev họ update lại cái tính năng tìm kiếm trên app nha,Giao việc
anh Toàn giải thích rằng các bài kiểm tra tải dữ liệu lên hệ thống chưa thành công và đáng lẽ chi nhánh đối tác phải chịu trách nhiệm cung cấp toàn bộ dữ liệu này,Lên lịch họp
Kiên rep mail khách xin thêm cái link demo sản phẩm nhé,Gửi/Trả lời email
Anh Hưng cảm thấy rất ấn tượng với tiến độ dự án nên đã phản hồi email và đóng góp thêm vài lời khuyên hữu ích cho đội ngũ của anh Hải,Gửi/Trả lời email
tớ sẽ fw cái báo cáo cho ông xem xong hỏi luôn vụ bên Airborne Freight,Gửi/Trả lời email
Thảo coi bản draft video tvc 8/3 xem ô kê chưa rồi báo c chốt với agency,Phê duyệt
A Dũng bảo việc cài phần mềm k làm gián đoạn cuộc họp chiều nay đâu,Lên lịch họp
Anh Tuấn khuyên c Lan cứ chủ động đặt vé trước để đảm bảo tuân thủ quy định mua vé sớm mười bốn ngày của cty trong lúc chờ ý kiến xác nhận,Giao việc
Mạc làm báo cáo số lượng lead thu về từ cái event offline cuối tuần nha,Soạn báo cáo
gửi email báo cáo tình trạng lỗi server cho bên dev team xử lý lẹ nhe,Gửi/Trả lời email
Khải nhớ gia hạn cái chứng chỉ ssl trc ngày 25 k web sập á,Tạo nhắc nhở
Hiền tổng hợp biên bản báo cáo tiến độ thu hồi các khoản nợ xấu của tệp khách B2B Q1,Soạn báo cáo
quỳnh duyệt danh sách khách hàng dc xét duyệt nâng hạng thẻ vip tháng này,Phê duyệt
Trang gọi cho ứng viên dev lúc sáng để hẹn lại giờ phỏng vấn giúp mình.,Giao việc
c Châu báo email của a Hùng bị lỗi nên nhờ c Vy sắp xếp lại lịch họp cho hai bên r cuối cùng chốt là sáng thứ hai sẽ trao đổi qua đt nha,Lên lịch họp
"anh Nam đặt call với đội Ấn Độ lúc 8h sáng thứ 4 nhé, cần xác nhận thêm về tài liệu đặc tả kỹ thuật",Lên lịch họp
M hỏi lại sếp Hùng xem cái bug này có liên quan gì tới database k nha để t biết đường mò mẫm fix tiếp chứ giờ k có manh mối gì hết,Giao việc
Diện tạo file excel danh sách khách mời tham dự event họp báo ra mắt sp nhe,Soạn báo cáo
Long sắp xếp lại phòng họp vs workstation cho đợt training tới nhe,Giao việc
sáng vào Kiên cấp quyền aws cho dev mới trc 10h sáng giùm c,Tạo nhắc nhở
e set lịch pv vs ứng viên đó vào đầu tuần tới giùm a nha,Lên lịch họp
Chị Linh rà soát lại cái tài liệu quy trình rồi cập nhật mấy chỗ cần thiết đi,Giao việc
Nhàn confirm mức phạt ncc giao hàng trễ tiến độ để t làm biên bản,Phê duyệt
sếp Phát duyệt chọn bệnh viện đa khoa hoàn mỹ để khám sức khỏe định kỳ ạ,Phê duyệt
Bình chốt vị trí đặt billboard ngoài trời ở ngã tư sở để t làm hđ,Phê duyệt
nhớ phản hồi thư của đại lý đính kèm bản quét giấy chứng nhận vệ sinh an toàn thực phẩm nhé,Gửi/Trả lời email
Chị Nga đang soạn tài liệu tóm tắt cho anh Bách và chị Yến về nội dung của cuộc họp vừa qua tại công ty để mọi người cùng nắm bắt,Soạn báo cáo
Duy chuẩn bị bản kế hoạch kiểm thử máy chủ Java gửi cho Lisa trước thứ 6,Soạn báo cáo
viễn chốt danh sách mua bài PR media đợt black friday trc 3h chiều nay đi,Phê duyệt
Quang chốt cái list booking báo PR đợt này rùi báo finance chuyển tiền,Phê duyệt
cả đội đang nỗ lực hoàn thiện ý tưởng để sớm ra mắt hệ thống hoạt động hoàn toàn trên nền tảng web,Lên lịch họp
M tranh thủ làm xong cái báo cáo chi phí công tác tuần trước r gửi a nhe để kế toán họ kịp chốt lương trước ngày mùng 5,Giao việc
Ngân lên nháp mấy cái thẻ tên cho nhân viên mới onboard nhé,Soạn báo cáo
huy đóng gói r gửi mail cái file source thiết kế cho bên in ấn nhé,Gửi/Trả lời email
Hiếu duyệt đề xuất mua ghế công thái học cho team dev nhe,Phê duyệt
My lên lịch phỏng vấn đánh giá thử việc cho 3 bạn intern marketing trong tuần này nhé.,Lên lịch họp
Duy rà soát lại nhánh main trên git cho ổn định r hẵng tạo nhánh mới,Giao việc
anh hỏi thử bên đó cài đặt xong server chưa và có cần mình support phần cấu hình không nhé,Giao việc
Sắp xếp buổi thương lượng gia hạn hợp đồng thuê mặt bằng với chủ nhà vào trưa t3.,Lên lịch họp
"Lan ơi xác nhận lịch họp với đội Chicago vào ngày 26 chưa, họ đang hỏi",Lên lịch họp
Ngọc soạn sẵn 10 bộ sales kit xịn vô túi giấy xách cty trc trưa mai để chiều team mình đi hội chợ,Tạo nhắc nhở
Thúy set cái meeting gấp để bàn vụ đổi supplier giấy in ngay bây giờ luôn c.,Lên lịch họp
Mai mang file đi in 20 cuốn catalog kẹp file gửi khách trc 4h chiều t ghé lấy,Tạo nhắc nhở
Book phòng họp VIP để sếp tiếp đoàn thanh tra liên ngành vào sáng thứ 5 nhe.,Lên lịch họp
m hỏi ông Hùng xem lúc ổng dạy training có bị lỗi cái con bug đó k nhe để t biết đường fix lại chứ k lại bị chửi um lên nữa,Giao việc
A check lại mấy cái form login xem có đúng chuẩn k nha để e còn báo bên kỹ thuật chốt luôn k thôi lại lỡ mất tiến độ,Giao việc
Vy vô base duyệt lệnh refund cho chị khách q7 trc 3h chiều để e ck lại ngta nha c,Tạo nhắc nhở
thu duyệt form đăng ký mua bảo hiểm sức khoẻ cho người nhà của nv nha,Phê duyệt
anh có mấy cái tech details này nên em book phòng họp để team mình thảo luận cho rõ nghen,Lên lịch họp
a vào đổi lại cờ DownloadCriteriaID sang chế độ live giúp e nha vì lúc nãy a test xong quên set lại làm hệ thống k chạy đc chức năng báo cáo r,Giao việc
Trâm tạo file bc tiến độ daily task r ném link vô group cho ae update nha,Soạn báo cáo
Khang fwd lại cái mail danh sách alias cho t dc ko,Gửi/Trả lời email
gửi thư điện tử báo giá dịch vụ dọn dẹp vệ sinh cho văn phòng mới giúp mình nhé,Gửi/Trả lời email
Quyên hẹn lịch làm việc với luật sư tư vấn sở hữu trí tuệ thứ 3 nha.,Lên lịch họp
Việt đợt này cảnh sát phòng cháy chữa cháy của thành phố đang đi kiểm tra gắt gao các kho chứa hàng hóa dễ cháy nổ trên địa bàn quận mình đó em. Hôm qua họ có để lại một tờ biểu mẫu yêu cầu chúng ta phải tự kê khai số lượng bình chữa cháy và lối thoát hiểm. E điền đầy đủ thông tin rồi nộp biên bản kiểm tra phòng cháy chữa cháy trước ngày thứ tư để họ nghiệm thu nhé,Tạo nhắc nhở
làm cái slide tổng kết ý tưởng của các team tham gia cuộc thi hackathon nội bộ tuần trước nhe,Soạn báo cáo
anh Phúc set up cái call Webex để demo app cho bên đối tác giùm em,Lên lịch họp
Sắp xếp buổi đào tạo quy trình phản hồi khiếu nại cho các bạn CSKH mới vào sáng t6.,Lên lịch họp
Chị Hà làm cái list 30 khách hàng tiềm năng gửi phòng sale chạy campaign mới đi,Soạn báo cáo
t sẽ check lại kinh nghiệm db của bạn ý m rảnh mai phỏng vấn k,Lên lịch họp
sếp cf lại xem mình có được phép xóa bản build cũ của ứng dụng PlanetRx trên server không,Phê duyệt
Mọi người nhớ gửi nội dung r e ghép vô bản tin cty nhe,Tạo nhắc nhở
b tạo nhắc nhở thử khởi động lại máy tính ở chế độ an toàn xem sao nha,Tạo nhắc nhở
Book phòng họp nhỏ để team CSKH mổ xẻ nguyên nhân các case khách chửi tuần rồi vào 3h t5,Lên lịch họp
Lan nhờ Duy xây dựng kịch bản kiểm thử tải cho máy chủ Java rồi báo cáo lại nhé,Giao việc
Giám đốc approve gấp cái hóa đơn thanh toán tiền server tháng này để kế toán đi lệnh,Phê duyệt
Sơn chốt ngay cái timeline di chuyển ứng dụng cho khách hàng giùm a nhe sếp Dũng đang dí deadline gắt lắm nên team mình phải làm xong gọn gàng trong hôm nay,Giao việc
Khoa nhớ làm đề nghị hoàn ứng đợt đi Đà Nẵng trc EOD hnay nha em,Tạo nhắc nhở
M hỏi 3 ông sếp coi có muốn xài cái bản ổn định trước khi tạo bản mới k nha do nãy ổng phàn nàn k muốn dùng bản chính vì sợ xung đột,Giao việc
M hỏi thử bà Lan coi bả có đang kiếm xe k nha nãy ổng bảo muốn pass lại chiếc Mustang á bả rảnh thì liên hệ ổng nhe,Giao việc
em lấy bản build mới nhất trên server về test hồi quy giúp anh,Giao việc
Hảo xuất data làm báo cáo lưu lượng truy cập gian hàng shopee đợt sale 11/11,Soạn báo cáo
Tuấn set lịch kickoff dự án hackathon nội bộ vào chiều t6 nha e.,Lên lịch họp
Kiên kiếm chỗ mua máy Jornada rẻ hơn cho em Lan nha,Giao việc
A Sơn báo đã có card mạng r đợi đi công tác Dallas về sẽ cài đặt nhe,Giao việc
Ông ráng chốt cái deal này trước cuối tháng 9 nha,Giao việc
em Tuấn giao Linh contact đối tác lớn hỏi về khoản thanh toán còn tồn đọng nhé,Giao việc
Kêu bạn Đức fwd cái mail file budget plan Q2 qua cho c xem lại cái,Gửi/Trả lời email
mọi người hoàn thiện nốt cái tài liệu đặc tả chức năng rồi gửi t nha,Soạn báo cáo
Phương cbi 3 bộ onboarding kit sổ bút áo thun để sẵn trên bàn trc 8h sáng mai đón newbie nha,Tạo nhắc nhở
Team đóng góp ý kiến cho cái bản thuyết trình của c Lan lẹ nhe,Giao việc
Uy lên báo cáo pr clipping gom hết link bài báo viết về đợt ra mắt sp hqua nhe,Soạn báo cáo
Bà Lan bả hỏi m có muốn mua chiếc xe k r bả giảm giá cho nhe m rảnh thì nhắn bả tiếng để bả biết r bán cho người khác nhe,Gửi/Trả lời email
sếp Minh duyệt chương trình giảm giá 20% cho dịp Black Friday giùm em,Phê duyệt
c Phương điền xong form audit đánh giá ISO r submit hệ thống trc EOD nay nha chị sếp hối qa chừng,Tạo nhắc nhở
nếu ông Phương k có comment gì thì t approve luôn cái file này nhe,Phê duyệt
việt duyệt đề xuất mua thêm máy pha cafe hạt cho khu pantry văn phòng,Phê duyệt
Tâm gom link làm file báo cáo pr clipping đợt ra mắt thương hiệu mới nha,Soạn báo cáo
Trung fwd mail cho 2 ổng xin feedback về cái deal đợt này xem sao,Gửi/Trả lời email
Vũ lập file excel báo cáo tỉ lệ hoàn đơn của các bên vận chuyển tháng này,Soạn báo cáo
Tuấn hỏi giúp t Mai xem công việc kiểm thử tải máy chủ đã có người nhận chưa chưa,Giao việc
a Tuấn sắp xếp thời gian r báo lại để a book lịch họp team kỹ thuật cập nhật tiến độ dự án Liberate vào chiều thứ sáu tuần này nhe,Lên lịch họp
Khung mười hai giờ trưa thứ hai k khả thi đâu nha sếp Hùng ơi,Lên lịch họp
Nhớ nhắc mn trong team lưu ý mấy cái vụ quản lý thiết bị không dây nha r m rảnh thì hỗ trợ tụi nó nhe chứ sếp đang than phiền vụ này lắm,Tạo nhắc nhở
rep mail đính kèm cái contract đã approve cho bên AT&T nha,Gửi/Trả lời email
anh Hiếu xác nhận đây là sự thay đổi giữa các phiên bản phần mềm khác nhau,Phê duyệt
t type sẵn cái memo về việc chỉnh màn hình lên 3 inches r đó,Soạn báo cáo
Chị Vy báo chi tiết vụ đặt phòng cho c Bích tại khách sạn Hyatt nhe,Giao việc
Vũ chốt danh sách khách mời thu âm podcast mùa 2 để e liên hệ,Phê duyệt
Nhân forward cái mail thông báo tăng giá nguyên liệu từ ncc cho t xem thử,Gửi/Trả lời email
Cường set lịch call với team outsource ấn độ lúc 2h chiều mai để test API.,Lên lịch họp
chiều t6 trc 5h Quang update xong số kpi tháng vô sheet nhe,Tạo nhắc nhở
Chị Lan đảm nhận phần test cài đặt ứng dụng trên máy mới nhe còn a Dũng thì lấy máy đó ra chạy thử mấy cái luồng cơ bản xem ổn k,Giao việc
A Tuấn fwd lại cái slide cho đối tác r nhớ update luôn mấy cái note nãy mình bàn để mọi người có cái file chuẩn check lại lần cuối nha,Giao việc
nhắc Tùng gửi báo cáo kiểm thử máy chủ cho toàn nhóm trước 5h chiều nay,Tạo nhắc nhở
chị Linh book phòng họp thứ 6 này để team ngồi lại sync với nhau nha,Lên lịch họp
review nội dung với danh sách nhận rùi approve để tool tự động bắn mass email quảng cáo đi,Phê duyệt
Linh ơi m gửi t cái plan content q2 trc cuối tuần này nha,Tạo nhắc nhở
Hẹn lịch phỏng vấn bạn C level do headhunter giới thiệu chiều thứ 5 giùm anh.,Lên lịch họp
Tuyến tạo biên bản log lại các sự cố máy móc làm gián đoạn sản xuất tháng này,Soạn báo cáo
Vỹ set lịch 1-1 với bạn intern design để feedback cái portfolio cuối khoá trưa mai.,Lên lịch họp
Cố sắp xếp một buổi ăn trưa làm việc để sửa cái pitch deck gọi vốn vòng Series A vào trưa t3 cho c nha,Lên lịch họp
Bách duyệt chi phí book dancer quay clip tiktok mảng dance cover nha e,Phê duyệt
em đổi lịch phỏng vấn của chị sang 1h30 chiều nay cho khớp với sếp nha,Lên lịch họp
Tú xuất file thẻ bảo hiểm r gửi fax cho nha khoa gấp giùm a,Giao việc
note lại giúp mình là phải cc email cho các giám đốc khi gửi báo cáo tuần nha,Tạo nhắc nhở
Xuất báo cáo tồn kho thực tế ra pdf r email cho quản lý kho khu vực phía nam đi,Gửi/Trả lời email
liễu chốt phương án đổi tuyến đường giao hàng khu vực nội thành trc 3h,Phê duyệt
chị Hương ơi nhờ Duy viết thêm kịch bản test cho mô-đun cookie trên device nhé,Giao việc
A Tuấn nhờ m update cái db trong Admintool nhe r m vô coi cái file ini nó bị sao r nhờ a Minh double check lại code r sửa luôn giùm ổng,Giao việc
Ngà gửi thư kèm theo giấy đề nghị tạm ứng tiền công tác cho kế toán trưởng duyệt,Gửi/Trả lời email
trưa nay book phòng họp để chốt lại cái plan marketing này luôn nhé,Lên lịch họp
Anh chốt lịch gặp sếp Trung với sếp Bảo vào chiều thứ 5 tuần sau nhé,Lên lịch họp
em forward mail đính kèm mấy cái yêu cầu tính năng mới từ khách hàng cho team dev nghen,Gửi/Trả lời email
e hỏi khách xem tầm 2-3h chiều mai có rảnh k để team mình qua demo tính năng mới của app nhe nếu được thì chốt lịch luôn để t chuẩn bị slide,Giao việc
nhớ lưu ý mấy cái risk trong hợp đồng k có lại sinh chuyện nhé,Tạo nhắc nhở
m chỉnh sửa lại cv của ứng viên sao cho sát vs y/c khách hàng nha,Soạn báo cáo
Ân viết báo cáo phân tích lí do lứa nhân viên mới rớt đài ngay trong tuần onboarding nhe,Soạn báo cáo
Ni reply email agency quăng cho họ cái link brief campaign tháng sau,Gửi/Trả lời email
Tuấn ơi xác nhận và approve request cài thêm Photoshop và Illustrator cho nhóm Design nhé,Phê duyệt
"a Nam ơi duyệt cho Đạt xuất báo cáo thống kê dự án USPS nhé, cần gấp",Phê duyệt
anh Dinh soạn file báo cáo pipeline khách hàng b2b quý 3 trc giờ họp chiều nay,Soạn báo cáo
bạn liên hệ lại bên đối tác Accenture để deal lại cái hợp đồng dịch vụ giúp mình,Giao việc
C Trâm hướng dẫn e cách tái hiện cái bug trên môi trường test với,Giao việc
vụ này đợi anh Phúc đi công tác về rồi họp,Lên lịch họp
ae set cái call 15p để resolve mấy cái conflict trên git này nhe,Lên lịch họp
Do chị Thủy về sớm nên chị Trúc đã gửi email để hỏi cập nhật tình trạng tiến độ của phiên bản phần mềm sắp phát hành,Gửi/Trả lời email
Cường confirm cái ngân sách mua bánh trung thu tặng đối tác giùm phòng mua hàng,Phê duyệt
Anh Bách dự định sẽ nhờ các mối quan hệ bên đối tác để xúc tiến thương vụ này và yêu cầu nhóm chuẩn bị hồ sơ năng lực,Giao việc
T đính kèm cái sơ đồ hệ thống duy nhất mà bên mình có cho khách hàng xem rồi đó,Gửi/Trả lời email
Toại xin sếp r gửi c cái sao kê tk vcb trc trưa mai nhe,Tạo nhắc nhở
chị Lan ơi set lịch họp tổng kết quý 3 với ban giám đốc vào cuối tháng này nhé,Lên lịch họp
Trung tạo event calendar cho buổi townhall quý 2 vào chiều t6 tuần này nha e.,Lên lịch họp
edit lại cái text interview 1 tí cho bên HP họ duyệt nha em,Soạn báo cáo
Sếp giải thích rõ hơn cái chỗ đền bù hợp đồng với vụ cổ phiếu giùm em với,Giao việc
Lan duyệt cái layout dàn trang cuốn sổ tay nhân viên mới giùm c,Phê duyệt
Uyên chốt size booth event r gửi thi công trc t2 nha,Tạo nhắc nhở
Team tui đang bàn vụ cung cấp dịch vụ chuyển đổi cho Siratka r nha ae vô họp r góp ý giùm t nhe để t soạn cái plan cho mn coi,Giao việc
Việt đi in 500 bản brochure sự kiện xong mang qa kho trc ngày mai luôn em nha,Tạo nhắc nhở
Mai nhớ gõ thêm mấy cái ký hiệu copyright vô bản draft r gửi c nha,Soạn báo cáo
t duyệt xong cái project i-mode rồi m check lại nha,Phê duyệt
Mai t qua vp gặp trực tiếp team m để bàn về cái proposal mới luôn nhe tiện thể đi ăn trưa vs team luôn cho vui,Lên lịch họp
Dũng gửi mail báo chương trình training mng check xem sao,Gửi/Trả lời email
ae dàn head chốt target doanh thu tháng 12 rùi gửi lại cho t tổng hợp,Phê duyệt
Khoa ơi assign Linh follow up với đối tác đối tác về phản hồi bản đề xuất tuần trước nhé,Giao việc
việc còn lại bây giờ là điều chỉnh lại số liệu quá ảo của hai khách hàng lớn để tránh làm sai lệch số liệu thống kê chung của toàn khu vực,Soạn báo cáo
Thảo fwd mấy cái cv đợt này qua mail cho a xem trc đi,Gửi/Trả lời email
chị soạn giúp em phiên bản mới của tài liệu hướng dẫn sử dụng nha,Soạn báo cáo
như duyệt cái bản vẽ 3D gian hàng triển lãm để bên thi công sản xuất,Phê duyệt
hôm nay t off m nhờ Đức liên hệ với sếp giùm t,Giao việc
Chị nhớ nhắc team Nhật Bản về vụ update server tối nay,Tạo nhắc nhở
c Lan cầm thiệp đi xin thêm chữ ký của mọi người r tiện thể mua cái thẻ quà tặng của thương hiệu mà c Ngọc yêu thích luôn nhe,Giao việc
Sếp Phát duyệt đẩy hết chi phí đi lại cho khách chịu lun r nhe,Phê duyệt
Linh support check lại info hợp đồng r confirm sớm cho t,Giao việc
Tín confirm mấy con số tài chính trong slide pitching gọi vốn trc 2h,Phê duyệt
Tín Soạn thảo tổng kết tiến trình xử lý vụ khủng hoảng PR hqua,Soạn báo cáo
bạn bổ sung thêm mấy cái requirements mới của team marketing vào tài liệu dự án giúp t,Giao việc
viễn confirm lại cái logic tính tiền giảm giá đợt black friday với dev team đi,Phê duyệt
a Minh phân công Hà làm bản tổng hợp phản hồi từ buổi buổi trình diễn với khách hàng khách hàng dược phẩm nhé,Giao việc
em rep mail chốt nhận việc bên cty kia r nha a Tuấn ơi,Gửi/Trả lời email
Add cái link port vào tài liệu thiết kế hệ thống giùm a,Giao việc
anh book lịch họp gấp 15 phút với team để giải quyết cái vụ picklist lỗi này nghen,Lên lịch họp
Nhớ dặn bà Lan rảnh thì gọi điện thoại confirm coi cái Service Pack 4 có dính tới vụ đó k nha r bả rảnh thì bả feedback lại cho team,Tạo nhắc nhở
Anh Việt báo sẽ nghỉ phép hết thứ ba r chỉ định a Hùng làm liên hệ thay thế lúc khẩn cấp nha,Gửi/Trả lời email
sếp xem qua rồi duyệt cái tầm nhìn chiến lược marketing quý 3 em mới làm nha,Phê duyệt
Thảo xem rùi approve bộ test case cho tính năng quên pass đi em,Phê duyệt
lập danh sách các tài khoản lạm dụng mã giảm giá bất thường đợt black friday đi mng,Soạn báo cáo
chị Thảo cảm ơn a Dũng r thừa nhận do lỗi của mình gây ra sự cố nha,Giao việc
Vy m ra tour les jour mua 2 cái bánh kem sinh nhật cho team tháng này đem về trc 2h chiều nha,Tạo nhắc nhở
Sơn vô giải thích giùm 2 ông bên team qa tại sao cái lỗi này nó k xuất hiện trên bản test r nhe r m rảnh thì coi lại cái code cũ xem nó bị gì k,Giao việc
Em email xin chị Oanh thêm cái tài liệu hướng dẫn cài app rồi,Gửi/Trả lời email
Hương xuất hóa đơn cho bên fpt r gửi c trc 3h chieu nay,Tạo nhắc nhở
chị Oanh scan cái giấy phép dkkd gửi mail em để làm hồ sơ thầu nhé,Gửi/Trả lời email
Anh Hải đã lên lịch họp với phía đối tác cung cấp phần mềm để xử lý việc này và anh Đạt yêu cầu phải hoàn thành trước thời hạn đã định,Lên lịch họp
Diệp duyệt báo giá phí kiểm toán độc lập năm nay rùi báo kế toán làm tạm ứng,Phê duyệt
Hẹn team pháp chế họp rà soát lại toàn bộ template hợp đồng thương mại lúc 2h chiều t4.,Lên lịch họp
"Bảo ơi chốt ngày pitching với đối tác lớn chưa, tuần này còn slot nào k",Lên lịch họp
Tuấn rảnh k hỏi bên IT xem tuần sau có thể set up cái FTP site cho team design đc k nhe để tụi nó dễ dàng share mấy file hình chất lượng cao,Giao việc
Hương ơi hỏi Minh xem kịch bản kiểm thử Fidelity đã hoàn thiện chưa nhé,Giao việc
Trâm duyệt ngân sách tổ chức Year End Party năm nay giùm team event,Phê duyệt
Trúc confirm bản plan chạy marketing tổng thể cho mùa black friday trc 5h chiều,Phê duyệt
a Tuấn giao Hương phụ trách mảng testing hiệu năng hệ thống cho dự án khách hàng dược phẩm nhé,Giao việc
Anh Hoàng ráng sắp xếp thời gian làm cái demo cho tool duyệt offline r e sẽ phụ trách phần viết tài liệu hướng dẫn cho hệ thống này luôn nha,Giao việc
chị check với đối tác coi mình nên liên hệ với ai để chuyển cái EP Online qua bên họ nha,Giao việc
Em hỏi lại team R&D xem cái bug 3606 này ai chịu trách nhiệm fix chính vậy,Giao việc
Hạ Soạn thảo đánh giá tình hình sức khoẻ chung của nhân sự cty sau đợt khám định kì,Soạn báo cáo
thi chốt bảng phân ca làm việc dịp lễ 30/4 cho team ops trc cuối tuần nhe,Phê duyệt
A Sơn ráng thu xếp hẹn gặp đại diện cty tài chính tại triển lãm nha,Lên lịch họp
Anh Khoa đề xuất giải ngân sáu ngàn đô la cho chiến dịch gửi email tiếp thị hàng loạt nhằm mục đích thu hút thêm khách hàng tiềm năng,Phê duyệt
Mai email vô group r xin ý kiến về class,Gửi/Trả lời email
team online fix gấp cái lỗi trên đoạn mã kịch bản này giúp e vs nha,Giao việc
Khoa nhớ báo cáo lại kết quả kiểm thử tải cho Việt trước buổi họp chiều thứ 5,Tạo nhắc nhở
a Kiên scan kết quả khám sức khỏe định kì r gửi email cho phòng nhân sự tập hợp,Gửi/Trả lời email
Thành ném email vô group follow up cái bugfix của app r nhe,Gửi/Trả lời email
Anh Khoa yêu cầu nhóm đánh giá kỹ những ảnh hưởng tiêu cực khi tách các đường truyền ra khỏi không gian dùng chung của hệ thống máy chủ,Giao việc
Tuấn type lại quả biên bản họp nãy rồi up lên driver nha,Soạn báo cáo
nhớ note lại mấy cái risk của server đợt này nha ae,Tạo nhắc nhở
Bích set lịch mailchimp gửi voucher cho tập KH cũ trc 10h sáng t6 nghen,Tạo nhắc nhở
mình thấy team đang khá lấn cấn về cái plan marketing tháng sau nên c My xem lại nhé,Giao việc
mình rep mail đối tác chốt vụ Kabira sau cái call hnay luôn nha,Gửi/Trả lời email
chiều cả team vô meeting để mổ xẻ r fix nốt đống bug đó với Kiên nha,Lên lịch họp
ý làm cái email newsletter đính kèm e-book mới gửi list subscriber đi em,Gửi/Trả lời email
Yến duyệt form đề xuất mua văn phòng phẩm quý 2 nhe,Phê duyệt
Khải lập bảng chấm điểm đánh giá KPI của bên PR agency sau 6 tháng hợp tác nha,Soạn báo cáo
Tạo event họp chốt ngân sách chạy ads mảng tiktok shop với trưởng phòng mkt chiều mai.,Lên lịch họp
Hà ơi nhắc Nghĩa kiểm kê tài sản IT trước thứ 6 tuần này nhé,Tạo nhắc nhở
anh duyệt cái bản kế hoạch kỹ thuật này lẹ lẹ để em gửi cho team triển khai,Phê duyệt
Chiều mai 3h sếp Vinh hẹn họp team kế toán chốt sổ cuối năm đó.,Lên lịch họp
Huỳnh tạo cái template biên bản giao ca mới cho bảo vệ tòa nhà đi e,Soạn báo cáo
sếp Hoạt book lịch đi uống vài ly với team vào tối thứ 5 tuần này nha,Lên lịch họp
Bích lên list task mng r tạo file bc workload tuần tới,Soạn báo cáo
m vô tổng hợp lại thông tin đầu mối liên hệ 3 dự án giùm t,Giao việc
Đôn soạn tài liệu tổng hợp những ý kiến đóng góp của nhân viên mới sau 2 tháng thử việc,Soạn báo cáo
Chị Quyên hỏi xem sếp Quân hoặc anh Hải có ai sẵn sàng nhận dự án này không vì khu vực của anh Việt hiện không có người phụ trách,Giao việc
Quyên viết báo cáo tóm tắt các lí do user gỡ cài đặt app qua form feedback hqua,Soạn báo cáo
Thiết làm báo cáo đánh giá hiệu quả khóa training kĩ năng quản lý time vừa rồi,Soạn báo cáo
Quỳnh làm báo cáo hàng hư hỏng hao hụt trong kho tháng 4 cho t,Soạn báo cáo
Uyên tạo file báo cáo log lại mấy cái case khách hàng complain nặng tuần này,Soạn báo cáo
tí Mai tổng hợp báo cáo feedback khách hàng đợt event vừa rồi nha,Soạn báo cáo
Hà tua lại camera bãi xe check vụ mất nón bảo hiểm báo c trc thứ 6 nghen,Tạo nhắc nhở
Sếp kiếm xem bảng giá bên đó nó bán bao nhiêu được không,Giao việc
Mấy e lưu ý là lúc làm cái giao diện cho người dùng phải test kĩ mấy cái luồng thao tác nha sếp Hùng nhắc hoài cái vụ user-related details á,Tạo nhắc nhở
anh reply mail cho đối tác kèm theo mấy cái feedback về kế hoạch marketing đợt này luôn,Gửi/Trả lời email
Vương lên lịch họp xử lý khủng hoảng truyền thông gấp lúc 3h chiều nay nhé.,Lên lịch họp
Hương hỏi lại a Sơn xem ông Tuấn cần bao lâu để hoàn thiện dự án này vì sếp đang hối có estimate cụ thể để chốt resource cho phase 2 đó,Giao việc
Vy rảnh thì gọi điện thoại bàn bạc thêm với sếp Tuấn nhe nãy ổng bảo đang đợi điện thoại từ em đó để ổng chốt hợp đồng luôn,Giao việc
a Tuấn nhớ kí mấy cái uỷ nhiệm chi vs giấy tờ thuế trc sáng mai để e đi nộp mộc nha,Tạo nhắc nhở
Sơn update lại toàn bộ list task cho team QA ngay sáng nay giúp a nha vì trưa nay sếp vô họp check tiến độ gắt lắm k đùa đc đâu,Giao việc
Khoa ơi check với đội BE xem giao diện lập trình đã ready cho nhóm mobile test chưa,Giao việc
a Hùng nhắn lại vs sếp Dũng là buổi thuyết trình sẽ kéo dài khoảng nửa tiếng nhe.,Lên lịch họp
a rảnh nè mấy giờ e muốn họp thì báo a,Lên lịch họp
Book lịch phỏng vấn bạn freelance copywriter qua Google Meet vào 10h sáng mai.,Lên lịch họp
A Tuấn viết báo cáo hỏi đội kỹ thuật về quy tắc xác thực lúc đổi biểu mẫu sang dạng nút submit vì hệ thống báo lỗi k chuyển hướng,Soạn báo cáo
Lan liên hệ vs bên team dev hỏi xem lúc nào cài xong hệ thống HP với Solaris để bên qa cử người qua observe quy trình test nha k thôi bị trễ,Giao việc
Trung đi hỏi lão Sơn mấy info bên Sysco đi bữa a nghe nói nó ở Houston,Giao việc
Hạnh gửi invite tối nay 8h ae mình pair programming giải quyết nốt cái bug này.,Lên lịch họp
tiên approve cái ticket xin cấp quyền vpn vô server remote nha e,Phê duyệt
chị Hà ơi viết báo cáo tổng kết hoạt động kinh doanh với đối tác lớn Financial Services nhé,Soạn báo cáo
a Quang làm bc kế hoạch sx tuần sau r in ra lun nhe,Soạn báo cáo
c cài nhắc nhở check lại team đối tác mới để sếp k bị quên nha,Tạo nhắc nhở
E liên hệ ông Sơn hỏi coi ra ngoài mua ở Fry’s đc k nha do nãy sếp bảo phải đợi 3 4 ngày mới xử lý xong cái vụ tín dụng á,Giao việc
anh Toàn và anh Lâm cũng có một lịch hẹn tương tự để bàn bạc công việc,Lên lịch họp
Nga rep mail báo mng cái pass để mở file zip bảo mật nha,Gửi/Trả lời email
chị Vy gửi cái mail cho anh Sơn vs mấy anh bên ban tuyển dụng kèm theo cái resume vs lịch phỏng vấn của ông Tuấn vào ngày 9 tháng 11 nhe,Gửi/Trả lời email
Châu xuất log hệ thống rùi lập bảng báo cáo tổng thời gian downtime tuần vừa rồi đi,Soạn báo cáo
Vy nhắn tin báo cho bà Trish biết là cái sản phẩm mình test xong r nhe để bả còn báo lại vs khách k bả hối nãy giờ,Gửi/Trả lời email
Lên lịch đánh giá nhà cung cấp nguyên vật liệu quý 3 vào ngày 15 tới đi.,Lên lịch họp
c Hà duyệt báo cáo thuế GTGT tháng rồi để em nộp lên chi cục,Phê duyệt
My gửi a cái link docs hướng dẫn quy trình onboarding,Gửi/Trả lời email
chị fwd luôn cái lịch trình công tác với hội nghị qua email cho hai sếp giùm tui nha,Gửi/Trả lời email
Sắp xếp buổi offline tri ân các nhà phân phối xuất sắc nhất quý 1 vào cuối tháng.,Lên lịch họp
dạ chốt định mức tiêu hao nguyên vật liệu cho mã hàng mới rùi gửi xưởng,Phê duyệt
quân xuất report xem có bao nhiêu % user đã update lên app v3.0 rùi báo t,Soạn báo cáo
Mọi người phải ưu tiên cc cho chị Bích bên đối tác vô cái chuỗi mail này ngay nhe để bả nắm tình hình r xử lý cái vụ bồi thường cho xong,Giao việc
Nhớ mang hồ sơ bảo hiểm qua cho chị Oanh xem trước khi nộp lên tổng nha anh em,Tạo nhắc nhở
A Hùng hỏi nhóm nên phát hành bản dựng này luôn hay chờ vá lỗi,Phê duyệt
Thành ơi nhớ check lại cái script auto build xem nó chạy ổn định chưa giúp anh,Giao việc
m set up cuộc họp với bên Dynegy để bàn về phạm vi dự án đợt này,Lên lịch họp
a Bảo chốt ds máy tính cần mua cho khóa newbie tháng sau r pass qua phòng mua hàng trc t6 nha a,Tạo nhắc nhở
gửi t cái link folder báo cáo doanh thu tuần trước đi Phong,Gửi/Trả lời email
Trâm Anh tạo cái request claim tiền grab tháng r trên base trc t4 tuần này nha,Tạo nhắc nhở
A Sơn gửi list người hỗ trợ business ASP r báo có add thêm tên a Hùng nhe,Giao việc
Dũng gửi invite họp kickoff dự án mở chi nhánh Cần Thơ 2h chiều t5 này cho các head nha,Lên lịch họp
A Minh gửi lại list giá cho bà Lan r nha bả hỏi ổng nghĩ sao về cái plan data này nhe m rảnh thì vô coi r cho ý kiến nha,Gửi/Trả lời email
anh Tân gửi email bản pdf hợp đồng nguyên tắc cho agency kí,Gửi/Trả lời email
anh Hải rep mail hỏi thành viên bên đối tác sẽ công tác bao lâu,Gửi/Trả lời email
Hà xếp lịch call với bên tài chính để chốt ngân sách Q1 trước cuối tuần nhé,Lên lịch họp
Khôi duyệt cái UI flow cho luồng quên mật khẩu t mới update trên figma nha,Phê duyệt
Loan gửi email file cad layout sự kiện cho bên thi công chốt trc 3h,Gửi/Trả lời email
Xuyến book buổi training kĩ năng giao tiếp qua điện thoại cho nhân viên telesale tuần tới.,Lên lịch họp
m reply email giải thích rõ lý do bên mình chọn giải pháp này cho đối tác hiểu nha,Gửi/Trả lời email
Lên lịch đối soát công nợ tháng rồi với tất cả các đại lý trước ngày 15 đi mng.,Lên lịch họp
anh Sơn approve cho team mình xin thêm budget mua đt test nha,Phê duyệt
Set lịch họp team thu hồi công nợ đầu tháng t2 tuần sau để chia data khách hàng nhe.,Lên lịch họp
Sắp xếp buổi demo hệ thống ERP cho chi nhánh Hải Phòng qua Teams sáng thứ 2.,Lên lịch họp
Liễu chốt chính sách bảo hành 1 đổi 1 cho dòng sản phẩm máy hút bụi mới nha,Phê duyệt
Lãm lập bảng báo cáo điểm số qua môn của lứa đại lý nhượng quyền mới training đợt 1 nhe,Soạn báo cáo
em Vy soạn gấp cái báo cáo lưu chuyển tiền tệ bổ sung vô bảng kê chi phí hoạt động gửi cho sếp Dũng nhe ổng đang cần gấp để mai họp r,Soạn báo cáo
em book lịch họp với sếp Tuấn chiều nay để chốt 2 cái issue còn lại nha,Lên lịch họp
Set lịch họp hội đồng kỉ luật xử lý vi phạm nội quy lúc 11h trưa mai.,Lên lịch họp
c Lan biên soạn báo giá chia thành nhiều phần để khách hàng dễ cắt giảm ngân sách trong lúc đội idc đánh giá lại yêu cầu mới này,Soạn báo cáo
"em Duy trả lời mail của đội kiểm thử về kết quả sanity test nhé, họ cần xác nhận luôn",Gửi/Trả lời email
Dung chốt phương án thưởng tết âm lịch cho toàn cty,Phê duyệt
thạch forward cái mail escalation của khách sang cho team ops xử lý,Gửi/Trả lời email
Hiếu nộp form đk gửi xe chổ tòa nhà trc eod hnay k mai đi xe bus nha m,Tạo nhắc nhở
a Nam chuẩn bị tài liệu kế hoạch dự án version mới rồi gửi cả nhóm review nhé,Soạn báo cáo
Hiền confirm cái lịch bảo trì hệ thống định kì tháng này với bên IT,Phê duyệt
Sếp Thông check mail xem em gửi cái file template đánh giá năng lực nhân sự đã đúng ý sếp chưa,Gửi/Trả lời email
Dave để ý canh mua mấy dòng máy nokia mới nhất giùm a nha vì khách yêu cầu test trên thiết bị thật trước khi release bản update tuần sau,Giao việc
Linh set một cái lịch sync up với bên production house vào sáng mai giùm t.,Lên lịch họp
a Hùng rep mail cho Amy confirm cái quán cafe đó oki r nhe để tụi mình chốt địa điểm đi uống bia vs ban giám đốc tối nay luôn,Gửi/Trả lời email
chị em phòng CSKH gửi email thông báo cho toàn bộ khách hàng về việc mình đổi địa chỉ IP mới nha,Gửi/Trả lời email
sếp Hùng review lại cái budget plan quý 3 giùm e r note lại mấy chỗ cần cắt giảm nha để e báo kế toán xuất quỹ sớm,Giao việc
Thục chốt phương án màu sắc của cái logo mới để t quăng cho bên in ấn làm biển hiệu,Phê duyệt
A Tuấn tạt qua văn phòng a xíu nha để mình bàn luôn kịch bản chốt sale lát chiều a gọi điện cho sếp Tom,Giao việc
Cẩm xuất log làm báo cáo các mã lỗi làm crash app nhiều nhất tuần này,Soạn báo cáo
Quỳnh confirm báo cáo kiểm kê kho cuối tháng rùi gửi kế toán,Phê duyệt
chị Diệp draft trước cái form đánh giá nhân sự cho bạn Nam nha,Soạn báo cáo
kiểm tra hòm thư để tải tệp tin danh sách khách hàng trúng thưởng về đối chiếu,Gửi/Trả lời email
Khải tổng hợp file chi tiết các khoản mua sắm bánh kẹo đồ uống cho pantry tháng 10,Soạn báo cáo
Công ty đã biên soạn xong tài liệu hướng dẫn quản trị ngoại tuyến và anh Phát vừa gửi cho cả nhóm duyệt lại lần cuối,Lên lịch họp
Hùng support em trả lời mấy câu hỏi về quy trình vận hành phần mềm của bên Ford xíu nha,Giao việc
mọi người cũng đồng ý rằng cần ổn định hệ thống trang web hiện tại trước khi chuyển đổi,Lên lịch họp
em gửi mail file thuyết trình dung lượng lớn này cho sếp Hùng check lại nha,Gửi/Trả lời email
Sếp đã phê duyệt bản ghi nhớ thỏa thuận phác thảo rõ lĩnh vực hợp tác dù dự án này hiện chưa có đầu mối liên hệ chính thức,Phê duyệt
Theo em thì mấy cái điều khoản về quản lý phần mềm này a Khánh cứ đưa thẳng vào thư ngỏ ý luôn cho nhanh khỏi cần update tiến độ,Giao việc
anh Sơn cho rằng bộ mã quốc tế hóa nên được tích hợp vào bộ mã chuẩn chung của hệ thống thay vì chỉ áp dụng riêng cho giai đoạn ba như hiện tại,Lên lịch họp
Khoa Soạn thảo sự cố sập server tối qua gửi sếp gấp nha,Soạn báo cáo
em Lan soạn bản tóm tắt kết quả kiểm thử hệ thống dịch vụ di động 3.5 gửi cho Khoa và Rạng nhé,Soạn báo cáo
Diệp xuất data làm báo cáo sprint backlog tuần này ra file excel nha,Soạn báo cáo
em Minh làm báo cáo thống kê số giờ làm việc của nhóm AE cho dự án Visto nhé,Giao việc
soạn email thông báo đổi chính sách hoàn tiền đính kèm file policy mới nhất gửi list KH nhe,Gửi/Trả lời email
Tuấn hỏi lại bên design xem cái sfc này để phục vụ cho buổi demo offline vs GE đúng k nha r coi tụi nó chừng nào mới có bản ước tính chi tiết,Giao việc
oanh duyệt báo giá book bài pr trên kenh14 đợt black friday này giúp t,Phê duyệt
Đăng chốt địa điểm đi teambuilding năm nay để hr đặt vé,Phê duyệt
m viết giúp t một đoạn đánh giá ngắn về chương trình đào tạo hôm trước,Soạn báo cáo
lập cái bảng so sánh tính năng giỏ hàng của app mình với 3 app đối thủ lớn nhất nha mng,Soạn báo cáo
Sếp làm rõ xem nếu giảm ngân sách cho dự án này thì cụ thể mình sẽ cắt giảm những hạng mục nào,Giao việc
Sơn gửi mail đính kèm danh sách nhân sự mới cho bên bộ phận an ninh nhe để họ làm thẻ từ r phân quyền ra vào tòa nhà cho mấy e nó,Gửi/Trả lời email
e Hương tạo thêm một cái tab mới vô bảng tính dự án r đẩy hết mấy cái thông tin tài liệu mới nhất sếp vừa gửi vô đó giùm a nhe,Giao việc
Chị Vy từ chối đổi lịch vì a Sơn chốt giờ họp mất r,Lên lịch họp
Chị verify lại cái chức danh của sếp Tuấn trên hệ thống xem chuẩn chưa,Giao việc
chị Đào duyệt bảng phụ cấp cho mấy bạn thực tập sinh tháng rồi nhe,Phê duyệt
Trung gửi email confirm lại với mng về cái thông báo hqua,Gửi/Trả lời email
m coi chèn thêm mấy cái slide demo sản phẩm vào file thuyết trình giùm a để lát chiều a trình bày cho bên Banamex coi cho nó trực quan nhe,Giao việc
Hà dạo này anh thấy chi phí mua sắm vật tư văn phòng và các khoản lặt vặt của công ty mình đang tăng cao một cách bất thường đó. cứ đà này thì cuối năm lợi nhuận sẽ giảm sút nghiêm trọng mất. em gom toàn bộ phiếu thu chi từ đầu tháng và làm báo cáo chi phí vận hành hàng tháng để anh rà soát xem đang lãng phí ở khâu nào nhé.,Soạn báo cáo
"Tuấn chuyển tiếp file design artwork cho Toshi và Lisa giúp t với, họ cần làm việc cùng",Gửi/Trả lời email
nhờ e set nhắc nhở sáng thứ hai tuần sau báo sếp gửi bảng đánh giá MBO của quý này cho hr nha k thôi tụi nó réo hoài nhức đầu lắm,Tạo nhắc nhở
Vy soạn cái danh sách tổng hợp tiền claim cơm tối tăng ca của khối back-office tháng rồi,Soạn báo cáo
Tui book phòng để chiều nay team ngồi brainstorm ý tưởng cho cái dự án đợt này,Lên lịch họp
Xuân duyệt cái bảng tổng hợp tiền tăng ca OT tháng vừa rồi của team sản xuất,Phê duyệt
Anh Bảo nhớ kiểm tra kỹ lỗi ngữ pháp trong bản nháp tài liệu đào tạo và đảm bảo tính nhất quán với ngôn ngữ của phòng marketing,Giao việc
vy lập bảng báo cáo dự chi tiền hoa hồng cho hệ thống affiliate tháng 8 nhe,Soạn báo cáo
Sếp Dũng approve vụ mua tên miền edwin r nha e triển khai thanh toán luôn đi,Phê duyệt
Chiều thứ 3 chị Linh rảnh không e qua trao đổi chút về cái hợp đồng bảo trì,Lên lịch họp
"đừng quên khởi động lại máy chủ SAP trước buổi kiểm thử sáng mai nha, Khoa cần dùng",Tạo nhắc nhở
em đang viết dở cái bản chiến lược hợp tác với agency nên anh vào điền thêm idea nha,Soạn báo cáo
Thái set lịch team design ngồi duyệt file in ấn mockup sản phẩm mới chiều t3 nha.,Lên lịch họp
Đức chốt kích thước hộp carton đóng gói dòng sản phẩm mới rùi gửi ncc,Phê duyệt
Hằng hoàn thiện cái media plan gửi brand trc 5h nay nhe,Tạo nhắc nhở
Lan ưu tiên fix lỗi mấy cái file compile r báo lại a Hùng nhe,Giao việc
em đặt reminder tuần sau hẳn xử lý cái ticket này vì nó cũng không urgent lắm,Tạo nhắc nhở
Khoa ơi gửi bản update tình hình xử lý lỗi phần mềm cho khách hàng đối tác lớn trước cuối ngày hôm nay nhé,Gửi/Trả lời email
a Tuấn check mấy cái file DDS vs UDIC trong thư mục gốc r tổng hợp thành một list gửi cho tụi e xin feedback vào chiều nay để e chốt báo cáo nha,Giao việc
sếp duyệt bảng dự toán ngân sách chạy activation siêu thị tháng tới giúp team ạ,Phê duyệt
Ly alo lại support a khánh vip trc 11h trưa nay giùm c nha,Tạo nhắc nhở
Chị Châu nhớ rà soát lại bộ slide thuyết trình này cùng với đội ngũ và anh Khang trước giờ họp để đảm bảo không có sai sót gì,Giao việc
Minh book lịch họp chuẩn bị nội dung buổi đào tạo khách hàng vào thứ 3 tuần sau,Lên lịch họp
nhớ gửi file báo cáo tồn kho qua mail cho phòng mua hàng sáng nay,Gửi/Trả lời email
Anh Hoàng approve cái scope of work này đi để em báo bên khách hàng bắt tay vào làm,Phê duyệt
rep mail khách hàng gửi cho họ cái folder chứa hình ảnh tiến độ thi công tuần rồi,Gửi/Trả lời email
Minh gửi bản NDA cho bên đối tác kí tá đóng mộc thu về trc eod nay m nhé,Tạo nhắc nhở
Bảo soạn form thông báo kết quả thử việc bé my gửi c kí trc t6 nha,Tạo nhắc nhở
Lai lập file báo cáo lượng nguyên vật liệu xuất xưởng trong ngày hôm nay đi,Soạn báo cáo
chuyển tiếp thư mời họp giao ban sáng mai kèm theo tài liệu báo cáo cho ban giám đốc giùm mình,Gửi/Trả lời email
Khoa nhớ xác nhận với đội Ấn Độ về kết quả khởi động lại máy chủ JBUILDRTEST nhé,Tạo nhắc nhở
Quân soạn giúp mình cái plan chi tiết cho đợt release tháng sau nha,Soạn báo cáo
Tuần sau nhờ bên IT cài cái server FTP cho team mình dùng chung nha sếp,Giao việc
e Tuấn check lại file build mới nhất rồi add thêm cái patch fix lỗi xpath của sếp nha để kịp release bản GA trước ngày 19 tháng này,Giao việc
Trâm duyệt mẫu giỏ quà tết tặng khách hàng VIP,Phê duyệt
Anh Bách ghi vào báo cáo rằng nhờ nỗ lực kết nối của anh Định và chị Nga mà công ty mới có được cơ hội tiếp cận tập đoàn lớn như vậy,Soạn báo cáo
Thục chuyển tiếp bức thư khiếu nại chất lượng sản phẩm qua cho phòng quản lý chất lượng,Gửi/Trả lời email
Kiều setup r chạy cronjob tổng hợp data trc 10h tối hnay nghen,Tạo nhắc nhở
bạn cf lại thông tin giới tính của em bé giúp mình nha,Phê duyệt
Phú set cái call với bên agency để nghe họ pitch idea trưa nay nhe.,Lên lịch họp
Trí book lịch brief creative cho team inhouse vào 10h sáng thứ 2 tuần sau nhé.,Lên lịch họp
Kim Anh check r mua thêm đồ cho hộp y tế vp trc cuối tuần nha c,Tạo nhắc nhở
a Hương ơi phê duyệt chính thức bản kế hoạch phân công nhân sự cho quý 4 giúp nhóm với,Phê duyệt
E cf xem em nén mấy cái file này thành dạng zip trước khi đẩy lên server được không nha.,Phê duyệt
Giang confirm bộ tiêu chí lead scoring mới rùi báo team mkt chạy camp,Phê duyệt
chị Trang kết luận cần tài khoản riêng cho từng người và cân nhắc mua thêm phần mềm đánh dấu,Phê duyệt
Ngôn viết báo cáo đánh giá tỉ lệ thực tập sinh kí hợp đồng chính thức theo từng trường ĐH,Soạn báo cáo
Lượng rep mail khách xin file gốc logo công ty mình nhe,Gửi/Trả lời email
chị Hà ơi gửi bản nháp hợp đồng cho Giang review trước khi ký chính thức nhé,Gửi/Trả lời email
"nhớ nộp báo cáo quý 3 trước 5h chiều thứ 6 nha mn, sếp nhắc rồi đó",Tạo nhắc nhở
Hợp check rùi approve nội dung push noti app chiều nay gửi user đi m,Phê duyệt
Hân đặt lịch hẹn bên xưởng in qua gửi mẫu test bao bì thứ 2 tuần tới nhé.,Lên lịch họp
Lan tổng hợp cái report báo cáo budget chuyến đi chơi hè gửi sếp nhe,Soạn báo cáo
Anh Tuấn vô app duyệt cái plan event này giúp em với,Phê duyệt
Chị Lan giải quyết nốt cái drama của mấy bạn nhân viên mới giùm em,Giao việc
Liên soạn biên bản bàn giao máy tính với màn hình cho 3 bạn newbie hnay nhe,Soạn báo cáo
Thảo gửi file pts banner trc trưa mai để a feedback nha,Tạo nhắc nhở
Bảo ơi approve request của nhóm để chuyển cấp xử lý lỗi phần mềm lên R&D xử lý ngay nhé,Phê duyệt
Nương gửi thư điện tử thông báo thay đổi quy chế công ty đính kèm tệp quy chế mới,Gửi/Trả lời email
Tín check mail r rep kh vụ lỗi app trc khi nghỉ hnay nha,Tạo nhắc nhở
a Minh ơi soạn email thông báo chính sách mới về in tài liệu gửi toàn công ty nhé,Soạn báo cáo
Diễm chốt size đồ bảo hộ lđ r báo cho xưởng trc 12h trưa đi b,Tạo nhắc nhở
A Sơn rảnh thì book lịch để a e mình bàn sâu hơn về cái Service Pack 4 nhe do nãy t coi thấy có mấy cái điều kiện nó chưa hợp lý lắm,Lên lịch họp
Tạo meeting bàn kế hoạch chuyển văn phòng mới với các head phòng ban chiều thứ 2.,Lên lịch họp
Sau đó anh Hải đã thử chạy bài kiểm tra và báo lại với chị Bích bằng email rằng tệp tài liệu vẫn còn một số lỗi lập trình cần được dọn dẹp lại mã nguồn,Gửi/Trả lời email
Anh em IT làm cái tài liệu hướng dẫn khách cài app rồi up lên drive nhé,Soạn báo cáo
Sinh email thư mời tham dự event ra mắt sp mới cho list nhà báo nhe,Gửi/Trả lời email
Tịnh xem rùi chốt cái layout bản vẽ 3D cho gian hàng triển lãm tuần sau,Phê duyệt
sếp cf xem em thêm một khóa học mới lên website thì có cần đổi giao diện không nha,Phê duyệt
Trọng gửi file brand guidelines cho đối tác qua email để họ làm artwork nhé,Gửi/Trả lời email
Anh Sơn lưu ý vs khách là chi phí chênh lệch chỉ áp dụng khi những thay đổi đó bị giới hạn ở cái logo vs đường dẫn url thôi nhe,Giao việc
nhớ mượn chìa khóa phòng họp 3 trước giờ thuyết trình nhé,Tạo nhắc nhở
Sếp Minh đề xuất tuần sau tổ chức buổi webex hướng dẫn cho team sale nha e check xem ngày nào rảnh r báo lại để a book phòng họp luôn nhe,Lên lịch họp
Tú tổng hợp thêm dữ liệu lịch sử của năm ngoái r gửi a,Giao việc
"em Duy gửi lại báo cáo tiếp thị tháng này cho toàn nhóm nhé, ai hỏi gì cứ nhắn tin",Gửi/Trả lời email
Đẩy nhanh tiến độ hoàn thiện cái release này trước ngày 19/3 nhé,Tạo nhắc nhở
m check lại coi cái ứng viên hôm qua có kinh nghiệm làm web hay database k nha để a cân nhắc đưa vô làm dự án mới tháng sau,Giao việc
Khoa nay rảnh vô ahrefs check lại list từ khóa xem có rớt top ko. đợt r google update thuật toán t thấy traffic gãy quá. m check r xuất file report gửi t trc sáng mai nha m.,Tạo nhắc nhở
mng review cái doc vừa update r ném feedback lại cho Dũng với t nha,Giao việc
sếp coi rồi duyệt luôn phiên bản phần mềm nào mng sẽ xài để em còn triển khai,Phê duyệt
Cúc vẽ cái biểu đồ phân tích nguyên nhân user gỡ app dựa trên form survey tháng trước,Soạn báo cáo
sang reply mail khách ném cái link drive file video raw cho họ tải nha,Gửi/Trả lời email
"Hương book lịch gặp đối tác vận chuyển để chốt điều khoản hợp đồng, thứ 5 chiều",Lên lịch họp
e xem doanh thu các ch r làm bản bc gửi a Tùng lun nha Huy,Soạn báo cáo
Hải book lịch cf 1-1 vs thg Nam trc khi nó nghỉ việc để làm exit interview 2h chiều nay nha,Lên lịch họp
mn review qua bản đề xuất của Rộng về nền tảng đối tác rồi xác nhận ok trước thứ 6 nhé,Phê duyệt
tải bản nháp thông cáo báo chí t mới gửi qua hòm thư về xem thử xem có cần sửa gì không,Gửi/Trả lời email
Sếp liên hệ với bên Cash Edge hỏi xem cái hóa đơn 20k đô bao giờ họ thanh toán chưa,Giao việc
Khoa set lịch 9h sáng t6 này họp demo nghiệm thu phase 1 dự án vs bên Techcombank dùm t,Lên lịch họp
Gửi cái quy trình xử lý sự cố kỹ thuật cho c,Giao việc
check kỹ lại mấy cái điều khoản trước khi gửi mail cho khách nha m,Giao việc
Long thông báo chốt kết quả minigame trên group trc 12h đêm nay nha,Tạo nhắc nhở
m coi trong mail có file nào bự thì xóa bớt đi Tuấn vì hệ thống báo dung lượng hòm thư của m sắp full k nhận đc mail mới nữa r,Giao việc
Quế gửi update cs bảo hành cho đối tác trc 3h chiều nha em,Tạo nhắc nhở
m hỏi ông Tuấn cái quy trình test con Admin Tool 3 giùm t nhe,Giao việc
Anh Toàn thắc mắc liệu công ty có gửi thông cáo cho anh Lâm bên công ty phân tích mảng mạng không dây để cập nhật tình hình không,Lên lịch họp
Tài lập bảng báo cáo dự chi tiền hoa hồng cho team sale tháng này rùi gửi CFO,Soạn báo cáo
Em soạn sẵn cái lịch trình công tác Đà Nẵng tuần tới rồi gửi email trực tiếp cho anh Hoàng bên ban giám đốc giùm chị nhé,Gửi/Trả lời email
e rep mail báo vs đối tác là công ty mình có từng hợp tác marketing vs bên này từ hồi còn làm việc chung với team cũ r nhe,Gửi/Trả lời email
A Hùng yêu cầu set một cái meeting ngắn để xin ý kiến về vụ tiền gửi vs hợp đồng bảo hiểm nhe,Lên lịch họp
Lan book phòng họp t6 này 3h chiều team mình review lại cái camp 8/3 hụt kpi vừa r nha,Lên lịch họp
Nhờ a gửi lại cái bảng phân bổ phần trăm cho tháng 5 trước cuối ngày 4 tháng 6 nha để team kế toán tụi e còn kịp làm báo cáo,Giao việc
Bả Vy bả hỏi m có biết kiếm mấy cái app Palm đã đăng ký ở đâu k nhe m rảnh thì vô rep lại bả nhe để bả lên site Palm bả tải,Giao việc
Hiếu Soạn thảo đề xuất phương án tối ưu chi phí server aws,Soạn báo cáo
nhớ note lại hỏi xem nó có quay lại làm không để còn lưu hồ sơ nhé,Tạo nhắc nhở
Vinh chốt ngày dọn văn phòng sang tòa nhà mới trc thứ 6 nhe,Phê duyệt
Minh order bánh kem titi ship qua cty trc 2h chiều nay để tổ chức sn cho team tech,Tạo nhắc nhở
Confirm lại lịch nghỉ phép thứ 5 với thứ 6 tuần này giùm sếp nha,Phê duyệt
Ánh lấy quỹ vp đóng tiền mạng viettel tháng này trc ngày 15 nghen e,Tạo nhắc nhở
Cầm soạn biên bản đối chiếu chênh lệch giữa hoá đơn google cloud với số liệu dự toán nha,Soạn báo cáo
Hẹn team QA và bên BA họp kickoff đợt test UAT sản phẩm mới lúc 2h chiều mai.,Lên lịch họp
chị Hạnh email file csv timesheet tuần này cho em duyệt nha,Gửi/Trả lời email
các điều khoản đàm phán này được dựa trên kế hoạch kinh doanh mà anh Kiên đã chia sẻ với sếp Quân và anh Cường,Tạo nhắc nhở
C Lan k chịu r chất vấn lý do tại sao server lại báo quá tải á,Giao việc
A Hoàng tự rep mail bằng cái link a Tuấn gửi trước đó r nhe,Giao việc
gửi mail đính kèm danh sách cho sếp Ngân nha m,Gửi/Trả lời email
Mai update list lead hnay vô crm trc khi về nha,Tạo nhắc nhở
hỏi xem bên mình phát triển app cho khách trên nền tảng RIM nào,Giao việc
"chị Hà ơi approve request mua laptop cho Ravi với, Nghĩa đã xác nhận có hàng rồi",Phê duyệt
e đi hỏi sếp Sơn xem bên Cash Edge đã chuyển tiền cho cái hóa đơn 20k đô chưa nhe do hqua kế toán báo vẫn chưa thấy tiền nổi lên hệ thống,Giao việc
Bằng tổng hợp báo cáo sự cố user lạm dụng mã giảm giá đợt sale vừa rồi nhe,Soạn báo cáo
Châu check mail nhận link file recording buổi họp hqua nhe,Gửi/Trả lời email
Anh Dũng vô check r approve giùm e cái thông báo mới hỗ trợ cho mấy cái iframe nhe để team thiết kế họ còn có căn cứ làm tiếp giao diện,Phê duyệt
hỏi a Tuấn xem ổng có plan training cho 4 5 người bên Japan CTC k nha để t biết đường báo tụi nó sắp xếp nhân sự qua học,Giao việc
"Minh ơi mày check lại tiến độ lỗi phần mềm 3863 của mình chưa, khách hàng cần update gấp",Giao việc
anh Toàn muốn xin số điện thoại của anh Lâm để liên lạc,Lên lịch họp
anh Toàn trình bày một tài liệu kế hoạch chi tiết sẽ được đưa vào bản phát hành phần mềm phiên bản bốn chấm không sắp tới,Lên lịch họp
C Thảo nhờ a Sơn vs c Lan update gấp tình hình cái hợp đồng dự án đợt này vì c ấy hoàn toàn k có bất kỳ thông tin liên hệ nào của đối tác,Giao việc
Họ nhất trí rằng cách này hiệu quả hơn việc tạo phiếu yêu cầu trên hệ thống theo dõi lỗi vì các lỗi chị Thủy gặp phải mang tính đặc thù cao,Gửi/Trả lời email
Tạo meeting invite rồi add anh vào group call với bên đối tác để trao đổi thêm nha,Lên lịch họp
chị Nguyệt soạn giúp em bản dịch tiếng Nhật cho mấy câu thông báo lỗi hệ thống,Soạn báo cáo
tối nay note lại việc cài đặt thằng Neomar lên server,Tạo nhắc nhở
Chị Nga yêu cầu cả nhóm huy động mọi nguồn lực để kết nối với đúng người nhằm mục đích giành lấy dự án quan trọng của hãng hàng không,Giao việc
Tấn làm uỷ nhiệm chi r ck lương tháng 13 cho ae trc 12h trưa t6 nhe m,Tạo nhắc nhở
Quỳnh gửi khách cái email nhắc thanh toán đính kèm file công nợ tháng rồi trong hnay nha,Gửi/Trả lời email
Bách rep mail team content đính kèm cái file list từ khóa SEO tháng 5,Gửi/Trả lời email
anh Phi quăng em cái link sheet content calendar qua mail nha,Gửi/Trả lời email
Chị Vy soạn lại văn bản xác nhận a Hùng phụ trách việc này,Soạn báo cáo
Tú tạo dashboard báo cáo các chỉ số chạy tiktok ads campaign 11/11 nha,Soạn báo cáo
E set nhắc nhở backup toàn bộ dữ liệu từ mạng nội bộ sang cái folder chung vào cuối ngày,Tạo nhắc nhở
thằng Hùng test lại cái bug này xem nó đã chạy đúng với cái tài liệu kỹ thuật chưa nghen,Giao việc
sáng mai Luân update lại tỉ giá usd trên hệ thống trc 8h sáng nhe,Tạo nhắc nhở
c Ngọc duyệt cái hiệu ứng animation cho nút giỏ hàng trên figma nhe,Phê duyệt
nhã chốt mấy cái chỉ số cam kết chất lượng dịch vụ SLA với bên đối tác giao hàng,Phê duyệt
a Duy check lại cái draft chiến lược đối tác giúp e để chốt với team Marketing trước giờ nghỉ trưa nay kịp lên plan quý nha,Giao việc
Hương ơi theo dõi giúp t xem Tùng đã xong bài kiểm thử sync chưa nhé,Giao việc
a Hùng rep mail báo các lỗi này đã đc phân công từ trước,Gửi/Trả lời email
Phúc kêu kết quả k ảnh hưởng j đâu tks m nha m check thêm mấy cái issue kia đi,Giao việc
Long viết báo cáo tổng chi phí sửa chữa bảo dưỡng đội xe giao hàng trong năm nay đi,Soạn báo cáo
Yên ơi rep mail khách xin thêm cái link demo hệ thống erp giùm mình,Gửi/Trả lời email
Trang tổng hợp file báo cáo chi phí tổ chức year end party nhe e,Soạn báo cáo
Ngà nghe thử mấy giọng đọc rùi confirm chọn bạn voice talent nào thu âm cho tvc nha,Phê duyệt
Trọng tổng hợp số liệu làm báo cáo lượt tải app trong Q4 gửi sếp,Soạn báo cáo
a Minh tiếp tục theo sát tiến độ cái tài khoản bên thị trường Hồng Kông r update cho e ngay khi bên đối tác họ xử lý xong vấn đề nhe,Giao việc
Vượng xuất cái hóa đơn đỏ cho fpt r gửi email cho kế toán bên đó trc eod nay nhé,Tạo nhắc nhở
Nhật tạo lịch phỏng vấn vòng 2 vị trí kế toán trưởng chiều t6 đi em.,Lên lịch họp
Khuê quăng t cái link record buổi training kĩ năng sale hôm qua qua mail,Gửi/Trả lời email
từ giờ ae cc mail cho c Mai khi làm việc vs bên agency đó nhé,Gửi/Trả lời email
chị Thảo duyệt luôn cái hướng xử lý server bị quá tải giúp team vs ạ,Phê duyệt
m kéo số hotline làm bc sla call center hnay đi Tú,Soạn báo cáo
Duy fwd info cho mấy ổng r nha,Gửi/Trả lời email
Trang backup lại toàn bộ data trc khi xoá username giùm c nha,Giao việc
chốt lẹ mấy tấm screenshot up lên app store để chiều nay release app mới nè,Phê duyệt
a Minh ơi duyệt cho nhóm gian hàng tại triển lãm công nghệ không thì hết slot rồi,Phê duyệt
Em viết xong cái tài liệu hướng dẫn tạo tệp dữ liệu cho mọi người rồi đó.,Soạn báo cáo
Nhàn chốt danh sách 20 bạn tiktoker để chạy chiến dịch seeding quý 3 đi,Phê duyệt
Đăng book lịch ae kĩ thuật qua chi nhánh 3 lắp đặt hệ thống mạng nội bộ nguyên ngày t7.,Lên lịch họp
Bích gửi dữ liệu định cỡ hệ thống offline cho a Hùng lẹ đi nhe,Giao việc
sáng mai Quý email lại cho t cái deck thuyết trình bản final,Gửi/Trả lời email
Chiều thứ 6 kẹt lịch rồi nên em dời buổi meeting sang ngày khác hoặc sáng thứ 6 giúp chị,Lên lịch họp
Kiều book lịch đào tạo kỹ năng telesale cho các bạn sale mới vào sáng t7 tuần này nhe c.,Lên lịch họp
Sơn viết document tổng hợp requirement của thị trường châu âu nhé,Soạn báo cáo
Hân tổng hợp file báo cáo các khoản tiền phạt trừ vào công nợ bên giao hàng Q4 nhe,Soạn báo cáo
bé My cuối tháng này sếp lớn có lịch pitching vs bọn sharktank đồ á để gọi vốn series A. ổng cần cái số liệu user xài app nhà mình để chém gió. e lôi trên firebase xuống r làm cho a cái báo cáo số lượng user active hàng ngày DAU của 3 tháng gần nhất nha e,Soạn báo cáo
định confirm lại cái mức giá trị đơn hàng tối thiểu để đc freeship nha,Phê duyệt
Nhớ gửi lại file cho c trước 12h trưa nay nhé,Tạo nhắc nhở
em email báo cho team dev rồi đó anh Tú xem cần fwd cho ai nữa k,Gửi/Trả lời email
Hoa hẹn sếp duyệt plan media tháng sau vào 11h trưa mai đi e.,Lên lịch họp
theo quy trình mới khách hàng phải thanh toán trước mười hai tháng phí dịch vụ để được xem xét cấp tín dụng,Phê duyệt
Mỹ quăng a cái link figma landing page trc 2h chiều nhe,Tạo nhắc nhở
Phương confirm giá gia hạn hợp đồng thuê văn phòng với chủ nhà,Phê duyệt
Nam nhập tay đống card visit hqua đi sự kiện vào file excel trc 5h nay cho t nha,Tạo nhắc nhở
anh Cảnh gửi em xin cái link sharepoint của dự án khu đô thị mới,Gửi/Trả lời email
Anh check lại cái hợp đồng xem phí dịch vụ support đã đạt mức tối thiểu chưa,Giao việc
anh liên hệ hỏi giá gia hạn bản quyền phần mềm thiết kế gấp cho team marketing nha,Giao việc
Khoa chốt bản vẽ 3D con mascot của cty để bên gia công sản xuất,Phê duyệt
mình bận vào mùng 9 rồi nên mọi người dời lịch họp sang hôm khác giùm mình,Lên lịch họp
e Tuấn nộp gấp cái báo cáo tiến độ công việc tuần trước cho a nha,Giao việc
Thành gửi cái link url qua đây để tớ check lại lỗi hiển thị,Giao việc
Vy ơi có bạn BA mới vô team data warehouse hnay á. m tạo tk r phân quyền read-only trên metabase cho ẻm trc eod nha. đừng có cấp quyền admin k ẻm drop table 1 phát là cạp đất ăn nha m,Tạo nhắc nhở
người thứ nhất nhờ người thứ hai sắp xếp một buổi họp khẩn cấp với sếp để báo cáo tình hình thực tế đồng thời đề xuất một ngày họp cụ thể,Lên lịch họp
ý lập file excel báo cáo tình hình phân phát POSM cho các đại lý miền trung,Soạn báo cáo
Phương set lịch 1-1 với từng bạn sale trong team vào t4 tuần này để review kpi nha c.,Lên lịch họp
nay e k mang đt nên có gì c Lan cứ trao đổi qua mail nhe,Gửi/Trả lời email
sếp Hùng check r duyệt cái po mua ổ cứng 60gb cho phòng ban giùm e,Phê duyệt
sếp approve lịch làm việc mới của phòng chăm sóc khách hàng giúp tụi em với,Phê duyệt
thứ năm tuần sau em kẹt lịch rồi nên sếp dời lịch họp sang thứ hai giúp em nha,Lên lịch họp
Tuấn nhớ báo lại timeline hoàn thành cái file excel nhé,Tạo nhắc nhở
"Hà nhớ nộp list nhân sự cần onboard cho nhân sự trước thứ 5 nha, hạn chót đó",Tạo nhắc nhở
Hà ơi draft email xin lỗi gửi khách hàng vì delay dự án giúp chị vs,Soạn báo cáo
công ty luôn duy trì quan hệ tốt với đối tác qua thông cáo báo chí và các hoạt động khác,Lên lịch họp
chị xem bạn bên dev mở bug trên Jira để tracking cái lỗi app chưa giúp em,Giao việc
Mọi người khoan đổi cấu hình vpn nha cứ giữ nguyên cái định tuyến hiện tại r phối hợp vs a Minh dời máy chủ qua phòng lab cho xong đã,Giao việc
Quyên làm báo cáo giải trình chênh lệch dòng tiền thực tế với kế hoạch tháng này,Soạn báo cáo
a Hùng scale up mấy con server aws lên trc 9h tối nay đón traffic đợt sale nha a,Tạo nhắc nhở
m đi hỏi lão Tuấn hay sếp Nam xem có cái hướng dẫn đó k,Giao việc
cho một cái hẹn đi r mình bàn kĩ hơn,Lên lịch họp
Hương check lại số dư r soạn bc P&L tháng 2 gửi c,Soạn báo cáo
A Minh liên hệ vs bên mua sắm để check xem cái đơn hàng 1350 đô là mua thêm RAM cho máy ông Tuấn hay mua gì để e còn biết mà duyệt,Giao việc
Duy rep mail thông báo kết quả buổi RFI nha ae chuẩn bị cho mấy kèo sau,Gửi/Trả lời email
M báo cho lão Sơn r vô check lại xem tại sao cái bug 4211 này nó cứ dính hoài r báo lại cho t nhe để t cập nhật vô hệ thống,Giao việc
anh Hoàng bố trí nhân sự từ đội kỹ thuật qua support team c Lan hoàn tất việc hợp nhất dự án này trong một lần chạy duy nhất cho lẹ nhe,Giao việc
Anh em nhớ chuẩn bị hồ sơ đầy đủ để mai đi ký hợp đồng,Tạo nhắc nhở
Quang lập file excel báo cáo sản lượng sản xuất ngày hnay rùi gửi xưởng,Soạn báo cáo
m confirm lại ds đăng ký lớp DMA giùm c nhe,Giao việc
Hà phản hồi lại mail của chị Linh về điều khoản thỏa thuận hợp tác đi nhé,Gửi/Trả lời email
Tuyết chốt menu teabreak vs bên catering trc 11h sáng t5 nha e,Tạo nhắc nhở
bản kế hoạch này vẫn chưa được ban giám đốc chốt duyệt,Tạo nhắc nhở
gửi thư điện tử đính kèm tờ khai hải quan cho bên dịch vụ vận tải trong chiều nay nha,Gửi/Trả lời email
Diệu confirm lại mức chiết khấu cho đại lý cấp 2 đợt này rùi báo a,Phê duyệt
Vy Soạn thảo chi tiết các bút toán điều chỉnh sau kiểm toán năm ngoái,Soạn báo cáo
Linh phụ a kiếm câu trả lời cho vụ hqua nha,Giao việc
Sếp Minh ổng bực mình vụ mấy cái email cc qua ổng r nha m báo ông Sơn coi có xử lý đc không r nha để ổng rảnh ổng giải quyết,Giao việc
Thạch đóng cửa hàng r chụp hình doanh thu hnay lên group trc 10h30 tối nha m,Tạo nhắc nhở
Lan làm cái report kết quả chạy a/b testing cho chiến dịch email tuần này giùm t,Soạn báo cáo
Quyên chốt cái biên bản nghiệm thu UAT phần mềm để t đóng dự án,Phê duyệt
Phúc đặt lịch họp Q-staff với sếp vào 4h chiều thứ 2 giúp t với,Lên lịch họp
Lan báo sếp giùm a là a xin vắng mặt trong cuộc họp chiều nay nhe,Giao việc
Kiên tổng hợp số lượng ticket CSKH chưa được xử lý tồn đọng từ đầu tuần tới giờ,Soạn báo cáo
Quán viết báo cáo quyết toán chi phí mua vật tư thi công gian hàng triển lãm tuần qua,Soạn báo cáo
Diệu set một cái meeting với đạo diễn để rà soát kịch bản livestream tiktok thứ 3.,Lên lịch họp
Trang viết lại quy trình test app offline xem có sót case nào ko,Soạn báo cáo
Khôi vô xem rồi approve kế hoạch deploy app tối nay cho team tech nha,Phê duyệt
A rảnh thì set cái lịch họp vs anh Alex bên Product Marketing nhe để a e mình chốt lại coi mấy cái tính năng mới này chỉ áp dụng cho ECS thôi hay sao,Lên lịch họp
mọi người kiểm tra lại toàn bộ các app hiện tại theo lịch trình mới giúp anh nhé,Giao việc
Thảo làm báo cáo tc quý 1 nộp c trc ngày 15 tháng sau nhen,Tạo nhắc nhở
hỏi a Minh coi cái bộ tự động test xong chưa nha do sắp đóng băng code tới nơi r nhe bảo ổng ráng tranh thủ k t réo miết á,Giao việc
Kiên duyệt dùm cái checklist đánh giá bảo mật hệ thống mới nha,Phê duyệt
thạch soạn file báo cáo tình trạng hỏng hóc thiết bị IT tháng 10 giùm c,Soạn báo cáo
Dạ check mail t mới forward cái báo cáo research thị trường q2 nha,Gửi/Trả lời email
Kiều confirm danh sách khách hàng vip nhận lịch tết cuối năm,Phê duyệt
Lên lịch họp hội đồng quản trị bàn kế hoạch mở chi nhánh Đà Lạt cuối tuần này giùm.,Lên lịch họp
Trang viết báo cáo phân tích thời điểm user thoát xem livestream tiktok hôm qua,Soạn báo cáo
Tịnh làm file báo cáo số lượt gỡ cài đặt app trên cả 2 hđh tháng vừa qua đi,Soạn báo cáo
thư đính kèm file báo cáo UX research vô mail r gửi stakeholder coi trc meeting nha,Gửi/Trả lời email
chị Hương gửi link intranet cho toàn bộ nhóm kinh doanh với hạn chót chỉnh sửa trước trưa mai nhé,Gửi/Trả lời email
Phương ơi công ty chuẩn bị đón một lô hàng nội thất khẩu từ châu âu về trong tuần tới với số lượng lên đến hơn năm mươi thùng công ten nơ đó em. Kho bãi hiện tại của mình anh e là không đủ sức chứa hết chỗ hàng khổng lồ này đâu. Em ra đo đạc lại diện tích sàn còn trống rồi làm báo cáo sức chứa kho bãi hiện tại gửi cho anh khẩn cấp để anh còn lên phương án thuê thêm bãi tập kết nhé,Soạn báo cáo
Lên lịch họp rút kinh nghiệm đợt chạy ads vừa rồi trưa mai nhe team.,Lên lịch họp
em gọi báo sếp Hùng hủy buổi họp chiều nay vì mấy sếp bên đối tác bận đột xuất,Giao việc
Nam ơi làm bản phân tích tài chính tóm tắt năm nay và năm sau gửi Vinh nhé,Soạn báo cáo
anh Kiên vs chị Nhung nay có rảnh tầm 15p k để sync nhanh phát,Lên lịch họp
Xuân làm báo cáo chi tiết phí đọc/ghi dữ liệu của cloud database tháng 10 nha e,Soạn báo cáo
Minh nhớ call lại cho Bret sau khi xong cuộc họp với Comerica nhé,Tạo nhắc nhở
đến cuối luồng thảo luận ít nhất hai người đã gửi lại biểu mẫu có chữ ký,Phê duyệt
Nghiêm approve chi phí mua thêm RAM nâng cấp cho server test hnay luôn nha,Phê duyệt
chị Quyên gửi thư điện tử bản sao ủy nhiệm chi tiền cọc thuê văn phòng cho chủ nhà,Gửi/Trả lời email
Huyền chụp mấy cái screenshot bug attach vô mail gửi team dev nha e,Gửi/Trả lời email
A hỏi mấy ông bên R&D xem có ai lỡ share cái source code cho tụi nhân viên bên châu Âu k nhe do sếp đang điều tra vụ này gắt lắm,Giao việc
Toàn chốt list keyword seo tháng sau r gửi a trc eod mai nhe,Tạo nhắc nhở
Trí viết báo cáo tình trạng tech debt hiện tại của dự án rùi gửi ae,Soạn báo cáo
nhớ kiểm tra lại link cài đặt trước khi gửi cho khách hàng nha,Tạo nhắc nhở
a Hùng gửi mail báo cáo nguyên nhân lỗi k thể khởi động các phím tắt r c Châu đoán là do đồng bộ hệ thống nên mọi người check lại nha,Gửi/Trả lời email
Trúc tạo cái form đăng ký tiệc tất niên rồi chèn đường dẫn vô thư gửi toàn cty,Gửi/Trả lời email
Anh Tú làm rõ thêm chi tiết về mấy cái bug logic đang tồn đọng giúp em,Giao việc
email cho ông Tuấn bảo bàn lại cái thông điệp vs c Hương đi,Gửi/Trả lời email
Phương draft nhanh cái biên bản cuộc họp sáng nay r note rõ mấy cái action item của từng ng nhe để t ném lên group cho ae nhớ,Soạn báo cáo
"Duy xem qua Phụ lục A của hợp đồng vòng phát triển và xác nhận ok chưa nhé, Giang đang đợi",Phê duyệt
Yến gửi hđ cho bên tiki kí trc 4h chiều nay đi e,Tạo nhắc nhở
e sẽ nhận phần viết cái tài liệu docs mô tả kỹ thuật chi tiết cho kế hoạch build cụm server mới đợt này,Soạn báo cáo
Set lịch review sales pipeline tháng này với các trưởng nhóm kinh doanh lúc 4h chiều t4 nha.,Lên lịch họp
Tiến Soạn thảo tổng thời gian downtime của hệ thống tháng vừa rồi,Soạn báo cáo
chị Quyên viết báo cáo tổng kết quý 3 để chèn vào slide thuyết trình ngày mai,Soạn báo cáo
bé Diệp gom hết 10 cái form đánh giá thử việc của lứa newbie đợt trc vào 1 file đi e. tụi nó sắp hết 2 tháng training r á. lướt qua coi ông trưởng bộ phận nào rate điểm thấp thì highlight lên. tóm tắt lại 1 cái báo cáo kết quả thử việc để c chốt coi giữ ai kí hđ kí tá đồ,Soạn báo cáo
sếp Sơn duyệt gấp order văn phòng phẩm để Linh có mực in làm việc nha,Phê duyệt
Ninh email cái file csv danh sách KH vip cho bên CSKH gọi điện chăm sóc,Gửi/Trả lời email
Hải nén mấy cái tệp âm thanh thu âm hôm qua thành một tệp rồi gửi thư cho biên tập viên nha em,Gửi/Trả lời email
Tuấn ơi chỉ t cách test cái bug vừa fix với,Giao việc
em email hỏi bên Clear Ink coi họ muốn mình hỗ trợ thêm gì trong dự án này không ,Gửi/Trả lời email
Ái book phòng nhỏ để phỏng vấn focus group khách hàng gen Z sáng mai nhé.,Lên lịch họp
Giang tổng hợp biên bản ghi nhận nguyên nhân khách hàng B2B hủy hợp đồng quý 1 nha,Soạn báo cáo
linh duyệt cái ticket xin cấp vpn cho team outsource ngoài hà nội nha e,Phê duyệt
Ngọc đi sthi mua mấy set quà son vs hoa hồng chuẩn bị tặng chị em 8/3 trc t2 tuần sau nha c,Tạo nhắc nhở
ae chốt cái wireframe luồng đăng ký mới trc h nghỉ trưa nhe,Phê duyệt
Long vô hệ thống xuất hóa đơn điện tử cho bên Tiki trc 3h chiều nay gửi ngta liền nha,Tạo nhắc nhở
Sếp cho em xin vài ý tưởng demo sản phẩm cho bên đối tác chiều nay với,Giao việc
Hiếu gửi t cái link jira chứa task backlog tuần tới,Gửi/Trả lời email
em soạn thảo lại cái quy trình trực tổng đài khách hàng cho chuẩn nha,Soạn báo cáo
uyển duyệt kịch bản chốt sale qua điện thoại mới cập nhật cho mấy bạn newbie,Phê duyệt
M check tin nhắn zalo lấy cái số điện thoại của lão Tuấn t vừa gửi nha nhớ gọi hối ổng gửi cái file báo cáo sớm cho sếp,Giao việc
sếp duyệt dùm em cái báo cáo nghiên cứu thị trường Q2 trc buổi họp chiều nay ạ,Phê duyệt
lên kế hoạch book sảnh ks để tổ chức meetup offline cho các đối tác nhượng quyền đầu tháng sau.,Lên lịch họp
bé Vy verify gấp cái configuration mới cấu hình trên server xem chạy ổn k báo lại c để kịp deploy bản update trong đêm nay nha,Giao việc
bảo Thắng làm cái email newsletter đính kèm catalogue sản phẩm mới gửi subs,Gửi/Trả lời email
chị Lan ơi gửi bản demo video cho khách hàng khách hàng đặt chỗ theo đúng email họ yêu cầu nhé,Gửi/Trả lời email
chị Bích bày tỏ lo ngại về nhóm khách hàng mục tiêu của dự án và cho rằng bộ phận quản trị quan hệ khách hàng nên là đơn vị thụ lý chính việc này,Lên lịch họp
Khanh confirm cái target doanh thu quý 3 của team miền nam trước thứ 5,Phê duyệt
sếp Sơn tải cái tool đó về máy test thử nha,Giao việc
Thiện lập bảng thống kê số lần các đối tác vận chuyển vi phạm thời gian cam kết (SLA) Q3,Soạn báo cáo
a Tuấn ơi chuyển tiếp tài liệu đào tạo đối tác đào tạo cho Cường rồi nhắc hạn chót nhé,Gửi/Trả lời email
Hương check lại logic lấy mã ngôn ngữ của mấy tiếng Pháp vs Đức đi nha vì t thấy code đang bị trùng nhau hết trơn k phân biệt đc đâu,Giao việc
Minh xuất report báo cáo số lượng lead thu về của từng team sale trong tuần,Soạn báo cáo
Gửi tớ thông tin liên hệ của bên tư vấn nhé,Giao việc
Tuấn dạo gần đây mỗi lần công ty tổ chức giảm giá sâu là hệ thống trang chủ nhà mình lại bị sập do quá tải số lượng người truy cập cùng một lúc. điều này làm ảnh hưởng rất xấu đến trải nghiệm mua sắm của khách hàng. em trích xuất hệ thống máy chủ và lập báo cáo lưu lượng truy cập hệ thống để ban giám đốc cân nhắc việc nâng cấp đường truyền mạng nhé.,Soạn báo cáo
chị Thủy muốn tổ chức một buổi đào tạo chuyên sâu cho khách hàng Nhật Bản,Lên lịch họp
anh Tuấn gửi lại link tử vi của mình cho chị Ngọc và nhận xét rằng có chỗ đúng chỗ sai nhưng nhìn chung thì trải nghiệm xem bói toán này khá thú vị,Gửi/Trả lời email
Bảo à tháng vừa rồi bộ phận nhân sự mình mời phỏng vấn được rất nhiều người nhưng tỷ lệ nhận việc lại khá thấp đó em. không biết là do mức lương mình đưa ra chưa cạnh tranh hay do môi trường làm việc chưa thu hút. em gọi điện hỏi thăm các bạn từ chối rồi lập báo cáo lý do ứng viên không nhận việc gửi cho anh xem trong tuần này nha.,Soạn báo cáo
ông giải thích kỹ hơn về mấy câu truy vấn phức tạp đi,Giao việc
Duyên gửi thư mời họp đại hội cổ đông đính kèm tài liệu đại hội cho các nhà đầu tư,Gửi/Trả lời email
Bà Lan bả hỏi lão Minh xem ổng kiếm đc cái mẫu form Webcast cgi k nha m hỏi ổng coi có biết chỗ nào k nhe r bả lấy r bả thiết kế thêm,Giao việc
Lan chạy qua sếp Dũng lấy cái máy về để chiều nay team đi họp nha,Giao việc
Tuấn vô gitlab approve cái PR của em để em merge nha,Phê duyệt
sếp Cảnh duyệt plan chạy quảng cáo ngoài trời OOH cho quý 4 giúp team mkt,Phê duyệt
Việt check email lấy file hướng dẫn xài tool mới nha,Gửi/Trả lời email
Diệp Soạn thảo tỉ lệ bán chéo sản phẩm thành công của đội telesales trong tháng 6,Soạn báo cáo
Bằng chốt chủ đề thu âm podcast số tiếp theo để team content lên kịch bản,Phê duyệt
đổi tên cái folder tài liệu dự án trên drive lại cho chuẩn,Giao việc
Trân in hđ nhượng quyền đóng mộc r gửi cpn cho đtác trc 3h chiều hnay nhe,Tạo nhắc nhở
reply mail cho Tuấn là lịch đó ok rồi sẽ trình sếp duyệt sớm,Gửi/Trả lời email
Hẹn team BA với QC ngồi chốt lại cái requirement tài liệu SRS chiều t5.,Lên lịch họp
sếp cf lại xem đợt này em có cần đi chung với sếp tới sự kiện của HP không,Phê duyệt
mn nhớ check kỹ lại kpi của từng cá nhân trước khi chốt lương nhe,Tạo nhắc nhở
Em rep mail gửi list các món ăn yêu thích cho c Linh r nha,Gửi/Trả lời email
Tạo link meet họp chốt phương án thiết kế bao bì mới với sếp vào 11h trưa mai.,Lên lịch họp
anh nhờ bên IT check lại cái VPN xem có bị lỗi gì không mà nãy giờ không kết nối được,Giao việc
t2 set lịch gặp Tuấn trao đổi về vai trò của ổng trong team nha,Lên lịch họp
Đặt phòng để team dev ngồi retro lại cái sprint vừa rồi vào cuối giờ chiều nay nhe.,Lên lịch họp
sâm forward mail thông báo update policy bảo mật của Apple cho team mobile,Gửi/Trả lời email
Thảo lên cái brief tk banner trung thu 3 concept khác nhau gửi bé hoa design trc t4 nha em,Tạo nhắc nhở
Vy ơi m coi xem có cách nào fix mấy cái bug 1 3 4 trước ngày 15 k để team mình kịp cái deadline tính năng cảnh báo cho bên khách hàng nhe,Giao việc
Tuấn chuẩn bị tài liệu đặc tả kỹ thuật cho data sheet buổi product launch nhé,Soạn báo cáo
Ngọc check log cổng thanh toán zalopay đợt flashsale trưa nay xem có xịt đơn nào k báo c trc 3h,Tạo nhắc nhở
m soạn tin nhắn báo số điện thoại của anh Long cho sếp đi,Soạn báo cáo
Sơn coi duyệt giùm e cái tài liệu a Tuấn mới gửi nhe r note lại mấy chỗ cần sửa r gửi lại cho bạn design để nó kịp update trong hôm nay,Phê duyệt
t kẹt lịch họp với bên khách hàng r ae mình dời cái lịch training qua sáng thứ 3 tuần sau nha lúc đó rảnh rang hơn tí,Lên lịch họp
Miên confirm bảng dự báo dòng tiền Q3 với CFO rùi báo lại em nhe,Phê duyệt
Trưởng phòng Hùng ơi em vừa mới soạn xong bản hợp đồng thử việc cho ba bạn nhân viên mới của tổ tiếp thị rồi anh ạ. mức lương và phụ cấp em đều tính toán kỹ dựa trên quy định của công ty mình. anh dành chút thời gian vào hệ thống phê duyệt hợp đồng thử việc cho các bạn ấy giúp em để chiều nay em gọi các bạn lên ký nhận nhé anh.,Phê duyệt
đạt soạn document thống kê tần suất xuất hiện các mã lỗi api hệ thống tháng rồi nha,Soạn báo cáo
a Tùng duyệt kế hoạch chi trả cổ tức năm nay để trình hđqt,Phê duyệt
chị Lan duyệt bản bản đề xuất gửi đối tác đối tác vận chuyển trước khi Bảo present cho họ nhé,Phê duyệt
t4 này 3h e xin 30p demo cái tool AI mới cho team cskh trải nghiệm nha c sếp,Lên lịch họp
Anh Hùng cung cấp bản draft thông tin khách hàng phân phối r dặn ai k rảnh review thì liên hệ thẳng a Tuấn nhe,Soạn báo cáo
Sếp Tuấn chốt mức giá bằng 80 phần trăm giá bán lẻ r nên a Hoàng nhớ xin luôn phê duyệt từ ban giám đốc trước ngày mùng 5 nha,Phê duyệt
a Tuấn yêu cầu tiếp tục điều tra và đề xuất chỉnh sửa mã nguồn để tránh sự cố tương tự đồng thời nhờ team kiểm tra kỹ lại trang aml,Giao việc
Quyên tổng hợp báo cáo quỹ team building của các phòng ban trong quý 1,Soạn báo cáo
Sắp xếp buổi call với dàn KOLs trước giờ chạy livestream mega sale tối nay 7h.,Lên lịch họp
như viết báo cáo tiến độ triển khai phần mềm nhân sự HRM đợt 2 nha,Soạn báo cáo
bảo lão tí đt t t nói chuyện,Giao việc
Tạo lịch daily standup lúc 8 rưỡi sáng cho dự án game mobile bắt đầu từ ngày mai nha.,Lên lịch họp
bảo sếp Tùng là t tham gia brainstorming dc nhe nhóm nhỏ thì ngon,Giao việc
Nam draft xong cái migration plan r m vào check lại thứ tự nha,Soạn báo cáo
Chị Trang khuyên nên chọn bản có tính năng quét ảnh vì phòng marketing rất có thể sẽ cần dùng đến tính năng nâng cấp này trong thời gian tới,Giao việc
ngân xem rùi approve nội dung email newsletter tháng này để hệ thống bắn mass,Phê duyệt
Việt duyệt đề xuất mua thêm máy tít mã vạch cho kho trung chuyển nhe,Phê duyệt
Đức fwd email báo đối tác ưu tiên mấy cái khoá training này trc giùm c,Gửi/Trả lời email
Bảo vô fanpage rep hết cmt của khách bữa giờ bị sót trc 11h trưa nha sếp vô soi r đó,Tạo nhắc nhở
e duyệt đề xuất giới thiệu đối tác để họ tham gia trả lời phỏng vấn,Phê duyệt
Hạnh xuất report tính tỉ lệ deploy thất bại trên CI/CD pipeline tuần vừa rồi nha,Soạn báo cáo
bạn soạn cái báo cáo kiểm tra cấu hình máy chủ này xong gửi lại tui,Soạn báo cáo
a Hùng build cái app lên testflight trc 3h chiều để qa vào test nha,Tạo nhắc nhở
đêm nay trc 12h Diệp up cái banner sale mới lên web cty nha,Tạo nhắc nhở
Đức alo book bàn highland dưới sảnh 9h sáng mai a cf vs a giám đốc bên FPT nha,Lên lịch họp
Phúc soạn mail gửi khách cái file doc user manual của tool mới dùm t,Gửi/Trả lời email
chị Hà ơi viết press release về partnership với đối tác công nghệ để Hiền review trước khi publish nhé,Soạn báo cáo
A Minh chạy đi hỏi tình hình test con E*Trade RIM của bên ổng nhe để chiều e lấy data báo cáo r update lên hệ thống cho mn coi,Giao việc
em rep mail bên truyền thông từ chối lời mời tài trợ sự kiện giúp chị,Gửi/Trả lời email
anh duyệt cái đề xuất mua máy in mới cho phòng marketing nha,Phê duyệt
anh soạn luôn list mấy câu hỏi về chức năng của app này gửi sang bên phân tích nghiệp vụ nha,Soạn báo cáo
Thành rà soát lại xem bản build này còn dính lỗi nào không,Giao việc
Phú confirm mấy điều khoản SLA với nhà phân phối khu vực miền bắc,Phê duyệt
Nhờ Hưng chạy lại mấy cái test RIM trên máy tính giùm anh nha,Giao việc
Phương lấy bill điện nước tòa nhà tháng này đem xuống kế toán nhận tiền mặt đi đóng trc cuối tuần nha c,Tạo nhắc nhở
Lan nhớ chuẩn bị số liệu bán hàng quý 4 cho buổi meeting với sếp thứ 3 nha,Tạo nhắc nhở
bảng lương chốt r đó Khoa tạo lệnh ck lương hàng loạt lên nh duyệt trc mùng 5 nha m,Tạo nhắc nhở
hôm bữa a có nghe nói về cái hội thảo của AC đó e e đi hỏi chị quản lý xem có đc đi dự k nha r báo lại cho a,Giao việc
anh giao cho team QA test cái tính năng pass through trên môi trường dev xem sao ,Giao việc
bạn làm cái proposal cấp license cho hệ thống trung tâm của đối tác đi,Soạn báo cáo
Đào update lại list sn nv tháng này trc cuối tuần r gửi hr nha,Tạo nhắc nhở
"Tuấn gửi số liên lạc của Prema cho Werner và John nhé, họ cần làm việc trực tiếp",Gửi/Trả lời email
Hạnh gửi mass mail đính kèm form đánh giá KPI cuối năm cho toàn bộ nhân viên trc t6,Gửi/Trả lời email
Đức tính thưởng KPI tháng này cho team sale xong submit trc ngày 20 nha m,Tạo nhắc nhở
Minh mày làm tài liệu trình chiếu tóm tắt lỗi phần mềm báo cáo tuần này gửi cho sếp trước thứ 6 nhé,Soạn báo cáo
Long soạn cái release note version 2.1 xong quăng t trc 4h chiều để t gửi user,Tạo nhắc nhở
A Quân điền xong file excel claim tiền taxi thì attach vô mail gửi sếp duyệt nha,Gửi/Trả lời email
Lan này bộ phận lập trình viên đang thiếu người trầm trọng mà dự án mới thì sắp đến hạn bàn giao cho đối tác rồi. Chị thấy trên hệ thống tuyển dụng có ba hồ sơ ứng viên rất phù hợp với yêu cầu của công ty mình đó. Em gọi điện thoại trao đổi sơ bộ với họ rồi sắp xếp lịch phỏng vấn ứng viên trước buổi sáng ngày mai để giám đốc trực tiếp đánh giá năng lực ngay nhé,Tạo nhắc nhở
Hẹn bên luật sư tư vấn thủ tục đăng ký bản quyền phần mềm vào 2h chiều t4.,Lên lịch họp
chị Thủy phản hồi lại nhưng lại lỡ tay bấm nút gửi khi chưa soạn xong nội dung,Gửi/Trả lời email
Tùng ơi m coi gọi mẹ nó bên KONE qua bão trì cái thang máy số 2 đi m. hqa t đi thang m xuống tầng hầm nó kêu cót két rung lắc mém té đái r m. có ngày rớt thang chết ae mình á. m gọi ngta qua kiểm tra sửa chữa gấp trong ngày hnay luôn nghen m k ai dám đi đâu,Tạo nhắc nhở
Sắp xếp lịch đi thăm hỏi khách hàng thân thiết khu vực miền tây tuần sau nha ae.,Lên lịch họp
sơn nhớ vô bugzilla update lại status của con bug 325 thành resolved giùm a nha do sáng nay team automation test đã chạy pass hết trơn r,Giao việc
anh Hùng set lịch họp team mình vào 3h chiều nay như cũ nhe,Lên lịch họp
anh book lịch meeting với hai công ty truyền thông kia để tìm hiểu thêm dịch vụ của họ nha,Lên lịch họp
Báo lại với chị Lan khi nào mọi người làm xong để bả còn thu hồi quyền truy cập nhé,Tạo nhắc nhở
Tuyền làm báo cáo số lượng bài viết content đã sản xuất tháng này nha,Soạn báo cáo
mai 8h sáng a Thiện config lại cái router vp lầu 2 nhe,Tạo nhắc nhở
team dev vô fix gấp lỗi login k vô dc hệ thống sáng nay kìa,Giao việc
Thư soạn file tổng hợp kết quả phỏng vấn exit interview quý 2 rùi gửi sếp,Soạn báo cáo
cuối tuần Thơm gọi tạp vụ tới dọn lại cái kho vp trc trưa t7 nhe e,Tạo nhắc nhở
Nam kiếm cho c cái file cài winzip nhé,Giao việc
sếp duyệt e check in cái bản vá lỗi dự án này vô nhánh chính nha,Phê duyệt
Anh Vinh đang nghỉ phép nên em chủ động build lại app nhé,Giao việc
Toàn forward cái mail chứa file log lỗi phần mềm hqua cho team backend,Gửi/Trả lời email
A Tuấn gọi điện thoại cho a Minh ngay ngày mai nhe ổng bảo đang cần m hỗ trợ mấy việc cho dự án Xsellsys á m nhớ theo sát vụ này nhe,Giao việc
Hẹn các head phòng ban dự buổi present tốt nghiệp của lứa intern tháng này vào chiều t6,Lên lịch họp
Minh ơi dạo này tao thấy user lên store chửi app mình lag vs văng liên tục kìa m. đợt release hqa hình như có vấn đề r. m nhờ ae tester kéo log ra r tổng hợp cho t cái báo cáo bug daily trên prod coi cụ thể lỗi ở màn nào r ném t xem gấp nhé,Soạn báo cáo
Sếp ơi e vừa gửi báo giá mua bản quyền tool mới r sếp vô xem rồi approve sớm giúp e để e kịp thanh toán trước khi hết đợt khuyến mãi nha,Phê duyệt
Thoại book lịch sếp gặp bác kiểm toán trưởng để trao đổi số liệu bctc năm ngoái sáng mai.,Lên lịch họp
sếp đang rảnh tầm 2h chiều nay đó e nhanh tay book lịch trên google calendar đi để t vs m vô trình bày luôn cái plan update hệ thống cho tháng sau,Lên lịch họp
My soạn document tóm tắt kết quả đợt pentest bảo mật tuần trước rùi gửi c,Soạn báo cáo
rà soát lại rùi confirm mấy cái điều khoản trong hợp đồng của influencer dùm t,Phê duyệt
a Huy xem và duyệt kế hoạch mua sắm tài sản cố định năm sau giúp e,Phê duyệt
"Tuấn ơi phê duyệt chính thức hợp đồng với nền tảng đối tác trước cuối ngày hôm nay hôm nay nhé, họ đang chờ",Phê duyệt
Tạo event chốt thiết kế gian hàng cho ngày hội việc làm Job Fair trưa t4 nha.,Lên lịch họp
Anh Hải nhắc rõ yêu cầu là nhóm phải liệt kê chi tiết vị trí sử dụng logo chẳng hạn như trên gian hàng triển lãm bài thuyết trình hay trang web,Gửi/Trả lời email
Book giùm buổi demo sản phẩm cho đối tác đài loan vào 1h chiều mai qua zoom.,Lên lịch họp
quang check mail tải bản cập nhật phần mềm kế toán bản mới nhất về cài vô máy đi,Gửi/Trả lời email
a Minh ơi review và phê duyệt chính thức bản đề xuất hợp tác với đối tác portal trước cuối tuần nhé,Phê duyệt
anh Đạt hỏi về những thay đổi dự kiến cho bản bốn chấm năm tiếp theo và chỉ ra một phần thông tin quan trọng bị thiếu sót trong tài liệu của anh Toàn,Lên lịch họp
Hoa check kĩ rùi confirm cái báo giá lô hàng xuất đi nhật,Phê duyệt
sếp Huỳnh approve cái bút toán điều chỉnh kiểm toán cuối năm ngoái nhe,Phê duyệt
Tường làm slide báo cáo doanh số của hệ thống cửa hàng nhượng quyền Q1 nha,Soạn báo cáo
Bảo phòng hành chính đặt mua thêm mấy cái đĩa CD trắng cho anh em IT lưu data đi sếp,Giao việc
a Tuấn chỉ team e cách chèn ký tự đồ họa vô app vs nha,Giao việc
Ngọc research rồi làm 1 bản bc phân tích đối thủ nhe e,Soạn báo cáo
a Hùng đi in 5 hộp name card mới cho sếp tổng lấy trc ngày mai luôn dùm e,Tạo nhắc nhở
Chị check lại tình trạng thanh toán của cái hóa đơn này xem tới bước nào rồi,Giao việc
Nương review lại toàn bộ bản update brand guideline rùi confirm chốt ban hành nha,Phê duyệt
Kích hoạt cái plan dự án mới ngay chiều nay giùm sếp nha,Giao việc
c Tâm duyệt quyết định sa thải bạn nhân viên vi phạm nội quy giùm e,Phê duyệt
Sếp báo tụi mình né cái thằng Wells Fargo ra nha m rảnh thì qua hỏi lại bên luật Venture coi họ recommend xài cái nào an toàn nhe,Giao việc
Từ giờ có file tài liệu nội bộ nào cứ gửi qua cho a Cường phụ trách nha,Giao việc
A Tuấn gửi lại list nhân sự mới tuyển kèm mức thưởng tương ứng r yêu cầu ưu tiên chi từ tk ngân hàng địa phương nhe,Phê duyệt
Hương mail cái JD vị trí BA cho bạn ứng viên hqua đi e,Gửi/Trả lời email
Bá gia hạn r update cái chứng chỉ ssl cho website chính trc ngày 10 e nhe,Tạo nhắc nhở
Tuấn rep mail đối tác quăng cái file doc thông số kĩ thuật của server cho họ,Gửi/Trả lời email
Thảo lôi đống sao kê 3 ngân hàng hqa ra r rà lại hết công nợ phải thu phải trả tuần này đi em. sếp tổng cbi đi gọi vốn nđt nên cần số lẹ. e tổng hợp ra 1 file r làm cái báo cáo dòng tiền cashflow của cty trong quý 1 gửi a xem trc nhen,Soạn báo cáo
Anh Tuấn ưu tiên chi trả từ tk ngân hàng địa phương r xử lý khéo khoản tiền thưởng của a Hùng để c Linh k biết chuyện,Phê duyệt
ghi chú lại deadline nộp bảng chấm công là trc 5h chiều t6 nha,Tạo nhắc nhở
Book lịch đón đoàn thanh tra thuế xuống làm việc tại công ty vào 9h sáng t3.,Lên lịch họp
Bích Soạn thảo tính ROI của đợt chạy booking tiktoker tháng trước nhe,Soạn báo cáo
tí Khang rep mail confirm cái meeting minutes hôm qua gửi team nhé,Gửi/Trả lời email
"Bảo ơi assign lỗi phần mềm này cho Tùng xử lý nhé, loại lỗi nghiêm trọng cần close trước cuối ngày hôm nay",Giao việc
Bạn cập nhật lại giao diện trang chủ theo các yêu cầu mới giúp mình nha,Giao việc
em rà soát lại số liệu estimate trong file FS xem chuẩn chưa,Giao việc
chị duyệt xài CVS r IT có update cái bug của installer k,Phê duyệt
Khải lập bảng báo cáo biến động giá nguyên liệu đầu vào từ nhà cung cấp,Soạn báo cáo
Quang viết báo cáo đánh giá hiệu quả sau 1 tháng áp dụng luồng giao hàng mới,Soạn báo cáo
Đạt ơi attach file sơ yếu lý lịch vô email rồi gửi cho c nha,Gửi/Trả lời email
Check lại coi có cách nào xài cái user cũ trên hệ thống để chạy test tự động không,Giao việc
đừng quên update virus definition cho tất cả máy tính trước cuối ngày hôm nay hôm nay nha,Tạo nhắc nhở
A Hùng confirm tuần tới sẽ hoàn tất việc chi trả các khoản thưởng nha,Phê duyệt
để Kiên tổng hợp lại note của buổi kickoff hnay r gửi mng,Soạn báo cáo
kim làm slide báo cáo độ phủ truyền thông sau sự kiện ra mắt sp nhe,Soạn báo cáo
m soạn sẵn cái email báo cáo kpi quý này cho sếp nhé,Soạn báo cáo
vợ của anh Toàn sắp sinh em bé nên anh báo với chị Yến rằng mình không thể đến dự tiệc sinh nhật của cô,Gửi/Trả lời email
em check mail rồi rep lại cho bên vendor mấy cái yêu cầu kỹ thuật đi,Gửi/Trả lời email
anh confirm chốt lại cái lịch meeting kickoff ngày mai nha,Phê duyệt
Trung confirm kết quả đánh giá thử việc của bé intern mkt giùm a,Phê duyệt
Sếp Hương vừa approve cái yêu cầu chuyển sang xài code mới của m r đó lo đẩy tiến độ cho kịp release bản demo trong tháng này nha,Phê duyệt
bữa nào ae mình set kèo cf chốt nha,Lên lịch họp
Vĩ rep mail bác tài xế kèm cái file map dẫn đường vô kho mới nhe,Gửi/Trả lời email
a Dũng yêu cầu team lấy data giả để test kỹ cái luồng thanh toán nhe,Giao việc
Em mới gửi mail cho toàn cty thông báo vụ thay đổi chính sách nghỉ phép r nha sếp check lại inbox xem có cần bổ sung thêm thông tin gì k để e rep thêm,Gửi/Trả lời email
A Công chỉ đạo phòng vận hành phải phối hợp vs đội quản trị bên đối tác để khoanh vùng và fix xong lỗi r mới đc phép đóng phiếu báo sự cố nhe,Giao việc
Lộc rà soát rùi chốt hợp đồng cung cấp phần mềm cho đối tác b2b đi,Phê duyệt
Nhi tạo cái meeting gấp với team dev để xử lý lỗi sập server ngay bây giờ luôn e.,Lên lịch họp
m gửi email đính kèm bản pdf hợp đồng đã kí cho các bên liên quan nhé,Gửi/Trả lời email
Tịnh viết report đánh giá tỉ lệ unsubscribe sau đợt bắn email mass campaign lễ tình nhân,Soạn báo cáo
Tú gọi điện báo pass pv vs chốt lương vs bạn dev sr trc sáng mai nha e,Tạo nhắc nhở
chị Lan theo dõi giúp em vụ fax hợp đồng hôm qua đã đến nơi chưa,Giao việc
Nương lên sheet báo cáo chỉ số giữ chân khách hàng (retention rate) của tuần này giùm a,Soạn báo cáo
ngọc scan r gửi mail cái NDA cho cty đối tác hộ a với,Gửi/Trả lời email
Hẹn khách hàng VIP cà phê trao đổi vụ gia hạn hợp đồng vào sáng t7 tuần này đi.,Lên lịch họp
Tuấn viết báo cáo so sánh chi phí điện nước mạng giữa văn phòng mới và văn phòng cũ nhe,Soạn báo cáo
c Xuyên chốt cái kịch bản quay tvc với bên đạo diễn rùi báo em lịch quay,Phê duyệt
nhờ team dev build lại bản mới trên base code này để QA tiến hành test nha,Giao việc
Anh Dũng nhận định nguyên nhân do lỗi siêu liên kết nên c Vy gỡ bỏ nó đi sau đó đưa thẳng dữ liệu vào vòng lặp để khắc phục sự cố kết xuất,Giao việc
mẫn duyệt cái form xin cấp phát văn phòng phẩm tháng 10 của team tech nhe,Phê duyệt
chị duyệt mua cái máy nha Nam confirm lại version r đặt luôn,Phê duyệt
Bách gửi bản quét chứng minh nhân dân của người lao động qua hòm thư cho phòng nhân sự,Gửi/Trả lời email
Hương công ty đối thủ vừa mới ra mắt một dòng mỹ phẩm dưỡng da mới với giá bán rất rẻ để giành giật thị phần của mình đó em. nếu chúng ta không có chiến lược đối phó kịp thời thì khách hàng sẽ chuyển sang mua của họ hết. em đi khảo sát một vòng siêu thị và lập báo cáo phân tích sản phẩm đối thủ nộp cho giám đốc trong buổi họp chiều thứ sáu này nhé.,Soạn báo cáo
ý chốt nhà thầu thi công gian hàng triển lãm đợt này đi để t kí hđ,Phê duyệt
m nhắn tin hỏi trực tiếp client xin thêm mấy cái details trong hợp đồng giùm t để làm rõ mấy điều khoản trc khi nộp cho sếp,Giao việc
nhờ e rep cái mail vô group nhắc mọi người confirm coi ai tham gia cái sự kiện chiều nay nha để chị còn báo bên hành chính book đủ chỗ ngồi cho ae,Gửi/Trả lời email
Yến tổng hợp danh sách các đơn hàng giao trễ SLA để tính tiền phạt bên GHTK tháng này,Soạn báo cáo
anh gửi email feedback mấy cái lỗi kỹ thuật hệ thống cho bên nhà cung cấp giúp em,Gửi/Trả lời email
nh Minh rà soát lại app một lượt r mới chuyển sang cho team QA chạy test tiếp nhe vì e báo a Tuấn test nội bộ xong r,Giao việc
đạt approve cái hợp đồng vận chuyển nguyên vật liệu với bên nhà xe,Phê duyệt
Mi chốt mức đền bù voucher cho danh sách khách hàng bị giao trễ tuần trước,Phê duyệt
Đặt phòng họp lớn sáng t2 để toàn công ty họp townhall tổng kết quý.,Lên lịch họp
Team dev có ai vào support cho bạn QA cái case này với,Giao việc
Thành soạn cái quy trình tương tự áp dụng cho phòng mình gửi anh xem trước nhé,Soạn báo cáo
Anh Hùng báo a Sơn là c Lan sẽ đổi chỗ cho a r confirm lại giờ học mới của hai người nha,Lên lịch họp
"Minh ơi mày handle vụ cài đặt môi trường Siebel7 cho Kant đi, Nghĩa bận rồi",Giao việc
m kiểm tra kỹ lại cái đường link demo coi có đúng không để sếp còn thuyết trình nha,Giao việc
a Dũng rep mail bảo file đó là app hoàn chỉnh chứ k phải demo,Gửi/Trả lời email
anh sắp xếp lịch tham gia cuộc gọi hội nghị lúc 10h sáng thứ Ba tuần sau giùm em nha,Lên lịch họp
vô hr portal duyệt cái request mua thêm bàn ghế cho nhân viên mới nha sếp,Phê duyệt
Trang mần cái plan content tháng 10 r share group cho mn chém gió trc thứ 3 nha,Tạo nhắc nhở
Lan rảnh thì gom mấy cái file mới nhất của dự án gửi cho sếp nhe do sếp Hùng ổng nhờ mn check kĩ r mới đc gửi cho khách nha,Giao việc
Thảo ráng xử lý cho xong mấy cái bug trên bản 3.5 nhe để tuần sau còn trống lịch r qua phụ team a làm tiếp cái dự án 4.0,Giao việc
Trinh book lịch hướng dẫn sử dụng tool CRM mới cho toàn bộ sale thứ 5 nhe.,Lên lịch họp
chị Hà email t cái file template hợp đồng bảo mật thông tin dùng cho CTV với,Gửi/Trả lời email
Nhờ mn gửi lại số điện thoại vô mail e để e tổng hợp danh bạ nhe do sếp cần gấp để liên hệ lúc có issue á,Giao việc
em xuất dữ liệu rồi làm cái report doanh thu tháng 4 gửi cho kế toán trưởng nha,Soạn báo cáo
Lên lịch họp chốt chi phí tổ chức year end party với ban giám đốc chiều mai.,Lên lịch họp
Tuấn làm bản tổng hợp phản hồi từ nhóm đối tác đào tạo sau buổi đào tạo nhà cung cấp phần mềm connector nhé,Soạn báo cáo
Hà chốt số lượng với size áo đồng phục để báo xưởng may,Phê duyệt
Bản build mới nhất nhớ cập nhật luôn cái patch fix lỗi giao diện hôm qua anh báo nhé,Tạo nhắc nhở
hai người đã trao đổi những lời động viên chân thành về con đường sự nghiệp phía trước trong mảng quản lý dự án và mạng quang học,Gửi/Trả lời email
Khoa ơi soạn bản kế hoạch test chi tiết cho tính năng offline mode nhé,Soạn báo cáo
Khải tổng hợp tk grab doanh nghiệp r chốt bill vs kế toán trc eod nay nha m,Tạo nhắc nhở
"Hương ơi review hợp đồng với đối tác công nghệ lab và ok thì ký luôn nhé, họ cần gấp",Phê duyệt
nhớ tạo reminder thông báo cho cả công ty về mấy cái quy định nhân sự mới nha,Tạo nhắc nhở
Xuân làm slide báo cáo tỉ lệ user sử dụng tính năng AI mới ra mắt đợt vừa rồi đi,Soạn báo cáo
Xuyên làm cái slide phân tích chi phí CPA của từng bạn influencer chạy camp Q3,Soạn báo cáo
Minh làm thủ tục thanh toán tiền thuê vp tháng này trc mùng 5 nha k chủ nhà khóa cửa h,Tạo nhắc nhở
a Tuấn lo ngại việc cài đặt phần mềm quản lý nhân sự sẽ làm gián đoạn cuộc họp chiều nay nhưng a Sơn trấn an là c Vy k bận tâm nếu meeting bị trễ chút xíu đâu,Lên lịch họp
Dũng xử lý xong mấy cái ticket khiếu nại giao hàng trc 4h chiều dùm c,Tạo nhắc nhở
Hoa duyệt cái thiết kế banner chạy mega sale trên shopee dùm t,Phê duyệt
c Yên Soạn thảo cảnh báo dung lượng lưu trữ của database staging sắp đầy rùi gửi IT,Soạn báo cáo
Hương draft cái báo cáo cho con app Channelwave bản mobile đi,Soạn báo cáo
gửi trước form nda cho khách ký đi a Minh để lúc họ tới sự kiện mình k phải mất thời gian giải thích lại mấy cái quy định bảo mật nữa,Giao việc
Đan set lịch sync với team QC về tiêu chuẩn hàng xuất khẩu sáng t6 giùm t.,Lên lịch họp
dev xong r thì Thu Thủy nhớ review r push code lên nhánh master trc eod t5 nha,Tạo nhắc nhở
Em chủ động liên hệ phối hợp với bé Diệp bên team QA để test lại toàn bộ luồng đăng ký user trên app mới nha,Giao việc
Assign lại cái task review hợp đồng này cho bạn Đông giúp mình,Giao việc
m log ngay một cái bug report chi tiết lên Jira cho team dev nha để ae fix sớm cái lỗi thanh toán trc đợt sale cuối tuần,Giao việc
c Sang confirm cái plan mkt tung sản phẩm mới trc 4h chiều nay nhe,Phê duyệt
Tuấn sắp xếp buổi brainstorm ý tưởng chiến dịch cuối năm với team tiếp thị nhé,Lên lịch họp
Phú duyệt danh sách intern đc lên chính thức đợt này rùi báo hr,Phê duyệt
Nhi tổng hợp danh sách đối soát hoa hồng cho các publisher chạy affiliate tuần này e,Soạn báo cáo
Lan ơi giao Nam xử lý vụ restore sao lưu máy chủ B trước khi nhóm kiểm thử tiếp nhé,Giao việc
Sếp Hùng xem rồi duyệt luôn cái plan thưởng cổ phiếu này cho team HR với,Phê duyệt
chị Yến cảnh báo danh sách nhà đầu tư vẫn chưa đủ và yêu cầu mọi người gửi bản hoàn chỉnh trước trưa mai,Phê duyệt
team vận hành họp khẩn đánh giá tình hình sự cố server khách hàng gấp nhe,Giao việc
Liễu viết báo cáo tỉ lệ CTOR của các chiến dịch bắn email mass trong quý 2 giùm t,Soạn báo cáo
anh Bảo confirm lại giúp e xem phần mềm mới có chạy dc vs hệ thống cũ ko,Giao việc
Tạo meeting online 11h đêm thứ 4 để toàn team túc trực chuyển đổi hệ thống ERP mới nha.,Lên lịch họp
Về phần mình anh Tùng cũng gửi email hướng dẫn đồng nghiệp cách cô đã khắc phục lỗi hiển thị hình ảnh và đưa ra các chỉ dẫn cụ thể,Gửi/Trả lời email
Hiếu làm rõ mấy thông tin dự án này đi rồi book lịch họp với chị Mai cho t,Giao việc
Tuấn check lại coi cái tính năng Dsm có kịp nhét vô bản release tuần sau k để a còn báo khách hàng họ lên lịch test uat,Giao việc
Bạn check lịch trống của sếp Minh để mình set up cái buổi meeting về cổ phiếu công ty nha,Lên lịch họp
Viên lập biên bản ghi nhận lí do các đối tác B2B không chịu gia hạn hợp đồng năm nay nha,Soạn báo cáo
lên danh sách khách hàng còn ở lại hội trường,Soạn báo cáo
Tú clear hết task cũ r update số liệu lên dashboard salesforce trc sáng mai sếp check nha,Tạo nhắc nhở
Liên lên lịch gặp bên tổ chức sự kiện bàn vụ year end party t6 tuần sau nhe.,Lên lịch họp
anh Phát tiếp tục gửi cho anh Cường và anh Thành tài liệu hướng dẫn quy trình theo dõi lỗi của nhóm phát triển,Lên lịch họp
Bảo ơi assign Hương viết email cảm ơn gửi toàn bộ đối tác sau sự kiện triển lãm công nghệ nhé,Giao việc
Lan c coi lại bộ kpi của phòng sale đợt này nha. tháng r thị trường đứng tụi nó đéo đạt target c ạ. c du di tính lại theo hệ số 0.8 r chốt bảng lương gửi sếp trc mùng 5 nha c. đói nhăn răng cả đám r.,Tạo nhắc nhở
Chung tổng hợp báo cáo doanh thu kênh affiliate tháng 9 rùi share quyền xem cho c,Soạn báo cáo
Anh Việt yêu cầu nhóm phải chuẩn bị gấp một bộ slide thuyết trình và bố trí một nhân viên bán hàng sẵn sàng tiếp cận khách hàng tiềm năng này,Soạn báo cáo
Ông Tuấn ổng gửi cái mail cho bên App Framework để xin thêm update vụ release bản 7 nhe m rảnh thì vô check cái mail đó r reply cho ổng nha,Gửi/Trả lời email
Hải đang xin update cái bản SP2 xem team mình có rảnh để gặp k,Lên lịch họp
nhớ đặt hạn chót cụ thể cho từng giai đoạn dự án trước khi khởi động dự án nhé mn,Tạo nhắc nhở
Đức m map xong cái api giỏ hàng của bên FE vs backend r báo tao trc eod nay m nhé,Tạo nhắc nhở
E gửi mail tóm tắt lại cái buổi họp sáng nay với sếp về mấy cái MBO cho mn r đó ai có thắc mắc gì thì cứ ném vô đây nha,Gửi/Trả lời email
Phúc cài đặt cái server database mới để team backend dùng nha,Giao việc
Nghi tổng hợp báo cáo tỉ lệ open rate của các chiến dịch email mkt tháng này,Soạn báo cáo
Nhậm confirm phương án xử lý khủng hoảng truyền thông vụ phốt hqua gấp nha,Phê duyệt
Sắp xếp một buổi làm việc với team legal để rà soát lại hợp đồng thuê kho tuần sau.,Lên lịch họp
Hương ráng đẩy nhanh tiến độ để sếp Trung duyệt cái hợp đồng này sớm giùm c,Phê duyệt
A Hoàng bắt đầu đóng gói mã nguồn hằng ngày trên nhánh này luôn nha,Giao việc
Mai gửi file excel đăng ký OT tuần này qua mail cho phòng nhân sự nha,Gửi/Trả lời email
Tuấn vô check kỹ lại cái báo cáo lỗi của Dũng nhe nãy chị Vy bảo có đoạn code xài tạm đc r mà a thấy k ổn lắm đâu,Giao việc
Vy soạn mail hỏi lại đại lý bảo hiểm vụ quyền lợi hợp đồng cho bên nhà thầu vô xài phòng gym giùm a nha để a báo lại cho team vận hành,Gửi/Trả lời email
c Thảo gom lại danh sách mấy cái lỗi chưa sửa r gửi báo cáo nhe,Giao việc
Thi export log hệ thống tuần r ném lên drive trc sáng mai nha,Tạo nhắc nhở
a Minh ơi chuyển tiếp email xác nhận của Hùng về bản PQA cho Minh nhé,Gửi/Trả lời email
Em check lại cái card wifi xem bị sao mà k bắt được mạng,Giao việc
Sắp xếp lịch qua kho xưởng kiểm kê tài sản định kỳ vào ngày 25 tháng này đi.,Lên lịch họp
Bạn comment bằng màu đỏ vào file doc đi cho dễ phân biệt,Giao việc
anh Bảo sẽ gửi tài liệu đào tạo cho Accenture duyệt sau khi làm xong,Phê duyệt
mn nhớ close tất cả lỗi phần mềm lỗi nghiêm trọng và lỗi ưu tiên cao trước khi release version 3.0 nhé,Tạo nhắc nhở
Khang Soạn thảo quyết toán chi phí thi công gian hàng triển lãm tuần trước rùi gửi c,Soạn báo cáo
"Lan ơi phê duyệt chính thức ghi chú phiên bản version 3.0 giúp Hưng nhé, kiểm thử đã kiểm tra lại xong rồi",Phê duyệt
Thầy hỏi thăm coi nhỏ kia đi thực tập ở công ty đợt này ổn không nha.,Giao việc
a Dũng theo sát tiến độ sửa cái ổ đĩa mềm cho sếp Tuấn nhe sếp bảo vẫn gặp lỗi k xài đc kìa a ráng fix dứt điểm trong hôm nay giùm e,Giao việc
anh Toàn giải thích thêm do bệnh viện ở khá xa nên anh phải sẵn sàng túc trực để hỗ trợ vợ bất cứ lúc nào,Gửi/Trả lời email
Dũng email lại cho chị cái file word kịch bản tiktok ngày mai để c sửa,Gửi/Trả lời email
m gửi thư điện tử tệp tin ngôn ngữ của ứng dụng cho đội dịch thuật nha ngân,Gửi/Trả lời email
Ngọc chuỗi cửa hàng bán lẻ trực tiếp của chúng ta tháng này có sự thay đổi lớn về cách bố trí gian hàng và thay đổi mẫu đồng phục nhân viên để thu hút thêm người đi đường vào tham quan đó. anh muốn biết những thay đổi này có mang lại giá trị thực tế hay không. em lấy số liệu từ máy tính tiền rồi lập báo cáo tổng doanh thu bán lẻ tháng này để anh phân tích hiệu quả chiến lược nhé.,Soạn báo cáo
Linh m dặn mấy đứa dưới kho gói hàng dễ vỡ thì quấn mút nổ 3 lớp cho c. hqua vỡ cmn 2 kiện chai thủy tinh r đền sml. m gói lại lô hnay r bàn giao cho lex trc 2h chiều nay nha.,Tạo nhắc nhở
a Triết confirm mức nhuận bút trả cho bạn freelance content writer mới giùm e,Phê duyệt
Phùng tổng hợp file tracking các chương trình khuyến mãi tháng 9 của 3 đối thủ lớn nhất,Soạn báo cáo
Sắp xếp lịch họp giữa team Content và Legal để duyệt bài PR báo chí thứ 3.,Lên lịch họp
Khải tạo báo cáo doanh số chi tiết của từng đại lý nhượng quyền tháng này,Soạn báo cáo
M vô coi xem cái file debug nó có lưu lại thông tin vụ hệ thống bị sập k nha nãy a Sơn ổng hỏi r ổng lo m k biết cách coi á,Giao việc
Trang xử lý gấp mấy cái task tối ưu database mà t vừa assign trên hệ thống nghen,Giao việc
mng review rồi cho feedback về cái tài liệu quy trình vận hành mới giúp mình nha,Giao việc
Khuê lập file tổng hợp các khoản claim chi phí sai quy định quý vừa rồi,Soạn báo cáo
Trang với Hùng nhận mấy cái task update database đợt này nha,Giao việc
bạn chạy thêm một vòng test tải trọng trên server mới để đảm bảo hệ thống ổn định nha,Giao việc
sếp approve danh sách nhận email marketing đợt này để em cho chạy chiến dịch,Phê duyệt
Lan chỉnh lại cái phần tài liệu của OCA sao cho nó khớp vs tính năng tải delta nha vì lúc nãy a thấy khách hàng họ thắc mắc chỗ này hơi nhiều,Giao việc
nhắn mail báo chị Ngân là tụi e pick ngày 7 vs 8 tháng 2,Gửi/Trả lời email
Uy lên lịch họp kickoff chiến dịch quyên góp quỹ từ thiện của công ty vào sáng t2 nha e.,Lên lịch họp
Quân làm hồ sơ báo tăng bhxh cho 5 mống mới vô nộp cổng dvc trc ngày 25 m nha,Tạo nhắc nhở
Lúc nào tiện thì alo anh nha để bàn kỹ hơn về cái plan tháng sau,Lên lịch họp
Xuyến chốt bản vẽ thiết kế kệ chứa hàng mới trong kho để thợ vô lắp ráp,Phê duyệt
Hợp tạo cái report log lại tần suất các request API bị timeout trong đợt sale cuối tuần,Soạn báo cáo
Anh fwd cái file HTML cho bên đối tác rồi nha,Gửi/Trả lời email
Set meeting online với xưởng may gia công bên Trung Quốc chốt mẫu vải sáng mai.,Lên lịch họp
"chị Hương chuyển tiếp thông tin liên hệ của bên đối tác đối tác công nghệ cho Robert nhé, anh ấy cần gấp",Gửi/Trả lời email
Phong gửi invite họp kickoff dự án e-commerce cho cả team mkt lẫn sale trc 5h chiều.,Lên lịch họp
A Sơn coi ngó lại cái máy fax của chị Lan xem đã sửa xong chưa nha do sáng nay bả mới gửi mail càm ràm k gửi đc tài liệu cho khách kìa,Giao việc
nhớ lưu ý vụ check lại luồng test tự động trước khi deploy nha,Tạo nhắc nhở
Giao viết báo cáo tình hình thu hồi nợ xấu tháng trước rùi gửi kế toán trưởng,Soạn báo cáo
Chị Phương duyệt lại xem có thực sự cần bạn dev này tham gia dự án không để em báo lại.,Phê duyệt
chị Tâm gửi cho em file powerpoint training hội nhập nv mới qua mail nhé,Gửi/Trả lời email
m gọi điện trao đổi chi tiết cái task chạy chiến dịch quảng cáo với bên agency giúp t,Giao việc
Thêm cái lịch gặp khách hàng vào calendar cho em đi,Giao việc
Phúc rà soát lại cái file issue của khách xem ổn chưa nhé,Giao việc
chị Hà ơi approve kế hoạch kiểm thử máy chủ Java trước khi nhóm bắt đầu nhé,Phê duyệt
Hương hỏi sếp Hùng xem tiến độ dự án tới đâu r nhe nãy ổng bảo đang đi nhậu vs khách nên t k tiện gọi điện thoại hỏi trực tiếp,Giao việc
Phước tổng hợp số lượng ticket CSKH còn tồn đọng chưa xử lý trong tuần này rùi gửi t,Soạn báo cáo
Tú kiểm toán lại cục chi phí công tác phí đợt quý 1 r làm biên bản trc 15 t check lại,Tạo nhắc nhở
Thái làm báo cáo số lượng ticket IT helpdesk đã xử lý trong tuần qua,Soạn báo cáo
Yến vô tool HR duyệt danh sách OT của team sale cuối tuần trước nha m,Phê duyệt
9h30 sáng mai mình tạo link call nha,Lên lịch họp
Nhung duyệt đề xuất mua tool gửi mail tự động nha sếp,Phê duyệt
"Hà xử lý đơn khiếu nại của khách hàng sàn giao dịch đi, họ đang rất bức xúc",Giao việc
Lan hỏi lại sếp Hùng xem ổng có feedback gì cho cái bản nháp cuối cùng k nhe để team còn kịp hoàn thiện r gửi đi in,Giao việc
Hảo gửi anh cái link github repo của dự án crm nhé,Gửi/Trả lời email
Gấm rep mail đối tác gửi lại cái bản scan giấy đăng ký kinh doanh nhe,Gửi/Trả lời email
Khoa ơi assign Tuấn làm bản estimate chi phí implement tính năng cookie device nhé,Giao việc
Thảo viết cái báo cáo tổng hợp feedback về gói chăm sóc sức khỏe năm nay nha,Soạn báo cáo
Book buổi training kĩ năng sơ cấp cứu tại nơi làm việc cho khối văn phòng sáng t6.,Lên lịch họp
e fwd cái mail quy trình review code mới cho mng fyi nhé,Gửi/Trả lời email
Vy book lại phòng bên khách sạn Intercontinental cho sếp nha vì đợt này ổng muốn ngồi gần khu trung tâm để tiện đi lại gặp gỡ đối tác,Giao việc
nhắc bên khách hàng ck 50% tiền cọc hợp đồng tháng này nha Ngân,Tạo nhắc nhở
bạn xử lý gấp cái lỗi tính năng pass through này giùm mình,Giao việc
A Minh sắp xếp lúc nào rảnh thì họp vs e xíu để thảo luận thêm về cái chiến lược sản phẩm nhe do sếp đang giục cái này lắm,Lên lịch họp
Ngọc xuất data làm báo cáo tỉ lệ xử lí ticket của team CSKH tuần này đi,Soạn báo cáo
"t cần ai đó draft bản đề xuất gửi đối tác mới, nội dung về giải pháp không dây",Soạn báo cáo
hân fwd file cad layout mặt bằng qua mail cho bên thi công nha,Gửi/Trả lời email
"Minh chốt lịch gặp bên nhà cung cấp vào thứ 3 sáng đi, đừng để lâu nữa",Lên lịch họp
M hỏi mn xem ai có rảnh k thì vô test cái ứng dụng mới r nha nãy ổng bảo là cái dự án này sếp lớn quan tâm lắm r,Giao việc
xem rùi confirm lại kết quả test UAT hôm qua để chốt lịch go live mng ơi,Phê duyệt
Set lịch họp nghiệm thu PCCC với cảnh sát khu vực sáng thứ 5 giùm công ty.,Lên lịch họp
Tuấn cuối tuần này tổng công ty điện lực sẽ tiến hành cắt điện toàn bộ khu vực tòa nhà mình để bảo dưỡng đường dây đó em. Mặc dù mình có máy phát điện dự phòng nhưng để đảm bảo an toàn tuyệt đối cho tài sản công ty thì em cứ cẩn thận trước. Em viết lệnh tự động và chạy sao lưu toàn bộ cơ sở dữ liệu lên đám mây lưu trữ trước mười hai giờ đêm nay cho chắc chắn nha em,Tạo nhắc nhở
Nhớ cc thêm 2 ông Tuấn vs Minh vô mail mỗi khi có lỗi kĩ thuật nha để tụi ổng kịp thời fix bug k khách hàng càm ràm mệt lắm á,Tạo nhắc nhở
mình book 1 buổi sync nhanh để clear lại scope vs deadline sắp tới nhé Trung,Lên lịch họp
Cảm ơn ông bạn vì cái PO này t chuyển thẳng cho kế toán rồi,Gửi/Trả lời email
Hà hẹn lịch làm việc với bên cục thuế vào sáng thứ 5 tuần sau giúp anh.,Lên lịch họp
forward cái mail chứa file license key của phần mềm antivirus cho mấy bạn dev mới,Gửi/Trả lời email
c Lan chốt lịch họp hội đồng quản trị vào sáng thứ năm r để chứng minh cho sếp thấy là team mình đang rất cần tuyển thêm trợ lý á,Lên lịch họp
sếp báo team IT log 2 cái lỗi này ở mức nghiêm trọng rồi assign cho anh Tùng xử lý ,Giao việc
Viễn làm file quyết toán chi tiết chi phí mua vật tư dựng gian hàng hội chợ tuần qua,Soạn báo cáo
Ninh vô đánh giá rồi approve đề tài báo cáo thực tập của mấy bé intern mkt giùm a,Phê duyệt
Chị tổng hợp lại chi tiết cái dự án bên FPT kèm theo file báo giá mới nhất để chiều nay em đi gặp khách nhé,Soạn báo cáo
Anh Hải gửi chính sách đãi ngộ khối kỹ thuật kinh doanh để mọi người xét duyệt và anh Phát đã phản hồi kèm theo một số góp ý,Phê duyệt
e check mã tài sản r kiếm gấp cái laptop cho a Sơn trong hnay nhe,Giao việc
anh Hiếu đang đàm phán mức lương khởi điểm và quyền chọn mua cổ phiếu cho ba ứng viên tiềm năng của công ty,Tạo nhắc nhở
Dung duyệt booking vé máy bay đi HN cho sếp để e xuất vé luôn,Phê duyệt
Vượng soạn document báo cáo tracking mức độ sử dụng tính năng mới của user tháng 1,Soạn báo cáo
Phương kết nối data máy chấm công vân tay vs phần mềm hr sync trc cuối tuần để t tính lương nha m,Tạo nhắc nhở
Quyên attach cái file excel kiểm kê kho vô mail r gửi a,Gửi/Trả lời email
em soạn giúp t cái mô tả chi tiết lỗi không đăng nhập được trên app nha,Soạn báo cáo
Thảo check lại cái query trên hệ thống bugzilla coi sao nó k chạy đc nhe,Giao việc
"chị Lan ơi approve ngân sách quý 4 cho nhóm em với ạ, sếp hỏi mãi rồi",Phê duyệt
Diệp forward email báo lỗi hệ thống từ khách hàng cho team tech support,Gửi/Trả lời email
Trọng tạo event họp đánh giá rủi ro tài chính của dự án điện mặt trời chiều nay.,Lên lịch họp
fwd lại đống comment của bà Lan vào file r gửi cho Intuit giùm t,Gửi/Trả lời email
Anh Tuấn check lại xem đã update hai cái file html lên hệ thống chưa nha,Giao việc
Quý confirm cái banner chạy campaign 11/11 trên gian hàng shopee mall giùm c,Phê duyệt
Lan rà soát kỹ lại mấy tính năng của tool mới r viết hướng dẫn chi tiết cho sếp Dũng nhe do ổng đang cần gấp để báo cáo cho khách hàng,Giao việc
Đạt approve cái merge request hotfix lỗi thanh toán momo để t push lên live,Phê duyệt
Lên lịch workshop chia sẻ cách dùng ChatGPT cho team content chiều thứ 6 nhé.,Lên lịch họp
m cứ duyệt cho bạn intern đó pass vòng phỏng vấn đi t thấy kĩ năng code khá ổn đấy có gì vô mình training thêm k lo đâu,Phê duyệt
Vy gửi mail nhắc mấy ông sếp bên phòng kinh doanh vụ đi training CGEY hồi tháng giêng nhe coi tụi ổng có tính đi Costa Mesa đợt này k để e còn book vé,Gửi/Trả lời email
e gửi email kịch bản chương trình bản final cho MC trc ngày chạy event nha Diễm,Gửi/Trả lời email
a Vinh gom bill r soạn bc chi phí vpp tháng này gửi hcns đi a,Soạn báo cáo
C Bích giải thích lỗi là do nhóm gỡ bỏ một cổng kết nối r đánh giá tình trạng này chấp nhận đc nhe,Phê duyệt
em tạo nhắc nhở cho anh Trí chuẩn bị đi cài đặt hệ thống cho mấy khách hàng đầu tiên,Tạo nhắc nhở
Nam lên r chốt lịch trực ca đêm tuần sau của ae support trc 5h chiều t6 này đi m,Tạo nhắc nhở
c Hương check hộp mail support rep hết mail complain của KH trc eod hnay nha c,Tạo nhắc nhở
Bình in hđ lao động r gọi nv lên gia hạn trc ngày 15 nha c,Tạo nhắc nhở
Ngà set lịch sync tiến độ thiết kế app cho khách hàng nhật bản chiều t3 nhé.,Lên lịch họp
Em fwd cái CV của bạn ứng viên mới cho sếp xem thử nha,Gửi/Trả lời email
My viết báo cáo đánh giá mức độ tuân thủ tiêu chuẩn của các cửa hàng nhượng quyền đi e,Soạn báo cáo
Vân tổng hợp file báo cáo chi phí setup chi nhánh mới ở đà nẵng,Soạn báo cáo
chị Quyên giao trọng trách giành lấy dự án quan trọng này cho anh Định,Giao việc
Thảo em nhắn tin vào nhóm trò chuyện chung của toàn công ty nhắc nhở mọi người chiều nay phải mang hết hộp đựng đồ ăn cá nhân về nhà nhé. cái tủ lạnh ở khu vực ăn uống chung lâu ngày không ai dọn dẹp có mấy túi thức ăn để quên bốc mùi hôi thối khó chịu quá. em giám sát cô tạp vụ và dọn dẹp sạch sẽ tủ lạnh chung trước năm giờ chiều nay để vệ sinh phòng chống dịch bệnh nhé.,Tạo nhắc nhở
Mai vô base duyệt đơn xin nghỉ phép thứ 6 của e đi,Phê duyệt
Tú log 2 con bug đó lên để team dev cái utility cho lẹ đi,Giao việc
chị Lan ơi theo dõi giúp em tiến độ fix lỗi phần mềm JavaScript của Hoàng xem tới đâu rồi,Giao việc
Mặc dù thông cảm cho shipper nhưng sếp cũng phải làm việc lại với vendor vì giao hàng trễ deadline nha,Giao việc
thư confirm lại số lượng nhân sự thời vụ cần tuyển cho đợt cao điểm tết âm lịch,Phê duyệt
Fwd ngay cho t cái mail báo cáo kết quả test của bên team QA nha để t xem nguyên nhân tại sao cái bản build sáng nay lại bị tạch,Gửi/Trả lời email
Chi lên lịch họp hội đồng kỉ luật vụ vi phạm nội quy lúc 4h chiều nay.,Lên lịch họp
chiều t3 rủ thêm sếp qua phòng c Lan chốt plan phòng ngừa rủi ro nha,Lên lịch họp
Đạt confirm số lượng tuyển thực tập sinh đợt này rùi báo hr lên JD nha,Phê duyệt
Mai ơi cái banner resize cho web làm lẹ gửi a trc 3h nha sếp đang gắt,Tạo nhắc nhở
a Việt duyệt khung chiết khấu mới cho tệp khách hàng B2B nha,Phê duyệt
Xíu gọi lại cho anh để chạy test nhé,Lên lịch họp
Ánh viết báo cáo phân tích sentiment từ comment bài review bánh trung thu của các KOL đi,Soạn báo cáo
chị hỏi team xem mấy cái data này được check-in ở đâu trên hệ thống,Giao việc
m reply mail báo chị Hương là t rảnh t5 nhé,Gửi/Trả lời email
Nhi confirm cái release note để t submit app lên store trưa nay,Phê duyệt
Triết gom đống hđ r gọi grab giao doc cho các chi nhánh trc 11h nghen e,Tạo nhắc nhở
Chiều nay e rảnh thì a e mình vô call chém gió xíu nha r than vãn vụ mấy cái meeting chán ngắt cho xả stress sau 1 tuần OT mệt mỏi,Lên lịch họp
Fwd luôn cái kết quả test này cho team dự án xem trước khi vào họp đi m,Gửi/Trả lời email
Minh xún lễ tân ký nhận đống bưu phẩm cty hnay r mang lên vp trc 11h nghen,Tạo nhắc nhở
Trọng xuất file xml tờ khai thuế r email cho cty kế toán trc t6,Gửi/Trả lời email
Toàn duyệt danh sách khách hàng cần gia hạn công nợ tháng này đi e,Phê duyệt
Giang tạo report tracking các chỉ số social media tuần này dùm c,Soạn báo cáo
chị Quyên dặn các yêu cầu hỗ trợ trước bán hàng phải được gửi trực tiếp cho anh Phát,Tạo nhắc nhở
Vy đặt lại đơn hàng hôm qua đi có gì nhắn chị,Giao việc
"set meeting với nhóm Nhật vào 8h sáng thứ 3 nhé, nhớ chuẩn bị tài liệu trình chiếu trước",Lên lịch họp
Vy ơi ngày mai là mười lăm tháng tám âm lịch rồi mà anh thấy trong kho vẫn còn tồn một số lượng lớn hộp bánh trung thu chưa gửi đi biếu các đối tác quan trọng đó em. không biết bộ phận giao nhận làm ăn kiểu gì nữa. em đếm lại cẩn thận rồi tạo báo cáo số lượng quà trung thu tồn kho gửi cho anh để anh cử người đi tặng nốt trong chiều nay nha.,Soạn báo cáo
a Tài duyệt kịch bản chạy livestream trên shopee tối thứ 5 cho team content,Phê duyệt
sếp cf lại nội dung cuộc họp khẩn cấp sáng mai để em gửi agenda cho mng,Phê duyệt
Bảo list lại dùm a đồ VPP cần mua tháng này rồi đặt hàng trc thứ 4 nhé,Tạo nhắc nhở
Cài lại win bản mới nhất cho cái máy của anh Dũng đi,Giao việc
Nghĩa tổng hợp báo cáo đánh giá hiệu quả ra đơn của dàn KOL tháng vừa rồi đi,Soạn báo cáo
Trọng hối team điền form đk bhyt r nộp lại hr trc sáng t2 nha,Tạo nhắc nhở
Mai Anh chốt r nộp file budget q3 của team mkt trc t5 tuần này nha,Tạo nhắc nhở
Vượng duyệt chi phí thuê xe nâng hàng cho kho trong đợt cao điểm cuối năm nha,Phê duyệt
Thuận soạn email báo cáo tiến độ task tuần này đính kèm file gantt chart cho sếp,Gửi/Trả lời email
A Minh bảo mn đang bàn xem có nên xài cái app qua file system không r m rảnh thì cho ý kiến nhe để tụi tớ biết đường chốt,Giao việc
a Khoa ơi approve đơn đặt hàng 12.800 USD cho nhóm rồi báo e biết nhé,Phê duyệt
Bả Lan bả rep mail lại r nha bả hỏi m coi ông Sơn ổng có duyệt cả 7 cái k nhe m rảnh thì hỏi ổng r báo lại bả nha,Gửi/Trả lời email
Thái duyệt cái target doanh thu quý 4 cho chi nhánh hà nội,Phê duyệt
Phát e forward cái mail hướng dẫn quy trình claim bảo hiểm sức khỏe cho mọi người nha,Gửi/Trả lời email
lan viết giùm a cái proposal hợp tác vs bên Carey nhe phân tích kĩ mấy cái thế mạnh của mình để chiều a đem đi thuyết phục họ chốt deal,Soạn báo cáo
Dù trước đó gọi đây là bản chốt nhưng anh Hải lại đính chính đây chỉ là văn bản mượn biểu mẫu từ một kế hoạch khác,Phê duyệt
Hiếu tổng hợp báo cáo chỉ số ROI của từng từ khóa chạy google ads tháng rồi nha,Soạn báo cáo
người thứ hai đồng ý với đề xuất đó và hứa sẽ đi đặt lịch họp với sếp ngay lập tức để giải quyết vấn đề,Lên lịch họp
Vỹ chốt biên bản nghiệm thu UAT phần mềm crm để bên t xuất hoá đơn nha,Phê duyệt
em xác nhận lại mấy cái thông tin phân tích trong dự án marketing đợt này giúp chị nha,Phê duyệt
Anh Long góp ý a Hùng am hiểu mấy cổng kết nối này hơn nhe,Lên lịch họp
Khoa gửi doc API qua mail cho bên đối tác tech để họ test thử nhé,Gửi/Trả lời email
Danh làm báo cáo audit nội dung với thiết kế của các bản tin email đối thủ đi e,Soạn báo cáo
Liễu lập bảng báo cáo công suất lấp đầy của kho bình dương quý 3 nhe e,Soạn báo cáo
m soạn thêm mấy cái kịch bản test case cho phần bảo mật server giúp t,Soạn báo cáo
Phòng vận hành chỉ được phép đóng phiếu báo sự cố này sau khi hai bên đã phối hợp khoanh vùng và khắc phục xong toàn bộ lỗi hệ thống,Giao việc
Uyển tổng hợp file báo cáo tỉ lệ thu hồi nợ xấu thành công của khối khách B2B trong Q1,Soạn báo cáo
phượng gửi mail cái onboarding checklist cho các lead phòng ban nha,Gửi/Trả lời email
chị Diệp xem kỹ lại mấy cái số liệu r duyệt gấp thông báo tăng giá sản phẩm đợt này để e kịp gửi cho bên nhà phân phối vào đầu giờ chiều,Phê duyệt
Sếp nhờ e soạn trước cái sườn báo cáo R&R của quý này nha cứ lấy data từ tháng trước r update thêm mấy cái dự án mới vô là đc,Soạn báo cáo
viễn email cái slide plan mkt tháng sau cho sếp duyệt trc 4h,Gửi/Trả lời email
Sương lập bảng tính hệ số vòng quay hàng tồn kho của xưởng trong Q3 nhe,Soạn báo cáo
Hỏi xem cái version 4.0 bên mình có hỗ trợ tạo app di động không,Giao việc
Nhớ cc mail cho Dũng với Hoàng nếu hệ thống có sự cố gì nhé,Tạo nhắc nhở
Hân Soạn thảo phân tích chỉ số cảm xúc thương hiệu (sentiment) đợt tung sp mới,Soạn báo cáo
Tuấn ơi dạo này cái máy in ở phòng họp tầng ba nó cứ bị kẹt giấy liên tục đó em. hôm qua chị in tài liệu cho giám đốc mà rách hết mấy tờ quan trọng luôn. em gọi điện thoại cho thợ bảo trì đến kiểm tra giúp chị trước bốn giờ chiều hôm nay nhé để ngày mai có máy dùng.,Tạo nhắc nhở
Sếp Tùng xem có sẵn bộ tài liệu họp hội đồng quản trị không gửi em mượn với,Giao việc
anh cf lại xem lịch học khóa đào tạo tuần tới có gì thay đổi không để em báo học viên,Phê duyệt
Chị chốt lại giờ họp cụ thể để em báo cho team dev nha,Lên lịch họp
Lan book lịch weekly meeting định kỳ thứ 2 sáng cho toàn team từ tuần sau đi nha,Lên lịch họp
a Thắng duyệt lại toàn bộ nội dung file outline giúp e vs nha,Phê duyệt
Hùng set phòng zoom tối nay 8h a em mình call vs bạn freelancer chốt nốt file tke nha,Lên lịch họp
Thảo soạn cái biên bản cuộc họp tuần trước gửi cho mọi người nha,Soạn báo cáo
chị Lan ơi review lại bản tài liệu tóm tắt 1 trang về E-Seminar đối tác phần cứng rồi ok thì send luôn nhé,Phê duyệt
Mai làm xong file lương T3 quăng c check lại trc eod hnay nhen,Tạo nhắc nhở
sếp Sơn hỏi mọi người xem có cần sắm thêm mấy cái smartphone xịn xịn để bên AE test k nhe m coi nếu cần thì báo a để a làm đề xuất,Giao việc
A Sơn xác nhận là sếp Hùng vs a Tuấn cũng đăng ký tham gia sự kiện đợt này nên c Lan ráng lên phương án xếp lịch gặp gỡ đối tác vip càng sớm càng tốt nhe,Lên lịch họp
Vũ làm bảng so sánh chỉ số tương tác fanpage của mình với 2 đối thủ lớn nhất nha,Soạn báo cáo
Nương ơi hqua kh mới gọi hỏi sample nc hoa á. M đóng gói r quăng cho viettel gửi sample cho kh trc 10h sáng hnay nhe.,Tạo nhắc nhở
bạn cf lại ngày nghỉ việc chính thức với tên hợp pháp để bên tài chính làm thủ tục thanh toán nha,Phê duyệt
Vương đính kèm form xin nghỉ ốm vô mail rồi gửi hr giùm a,Gửi/Trả lời email
bạn forward email thông tin địa chỉ văn phòng của chi nhánh mới qua cho tui nha,Gửi/Trả lời email
"nhắc Lan 3h chiều mai có meeting với khách hàng đối tác công nghệ nhé, đừng để lỡ",Tạo nhắc nhở
chị Xuân check email lấy file scan giấy uỷ quyền đi ra ngân hàng nhe,Gửi/Trả lời email
Cẩm chốt cái target CPA cho chiến dịch chạy google ads tháng 6 để team lên camp,Phê duyệt
Sếp gửi lại link tải phần mềm qua skype cho anh em cài đặt rồi đó,Gửi/Trả lời email
t rep mail rồi nhe để thằng Sơn lo vụ này luôn vì đợt này a bận quá k có thời gian ngồi phỏng vấn đâu,Gửi/Trả lời email
Vy hỏi a Sơn xem cái bug 3712 bữa trước ổng báo đã fix xong chưa nhe do khách đang hối lấy kết quả test để nghiệm thu nè,Giao việc
Hà tổng hợp file review performance của khối tech nộp sếp lớn trc thứ 2 nha,Tạo nhắc nhở
Tuấn coi fix lại cái lỗi mã hóa trong bản cập nhật của a Dũng nhe,Giao việc
chị chốt danh sách khách mời gửi em sớm nha,Giao việc
sếp duyệt mấy cái địa điểm hợp lệ trong danh sách tổ chức sự kiện đợt này nha,Phê duyệt
anh Sơn confirm quy trình xin cấp laptop mới cho nhân viên giúp em,Phê duyệt
"Bảo ơi follow up với đối tác lớn về kết quả evaluation tuần trước đi, họ im lặng quá",Giao việc
Phương dồn hồ sơ đăng kí NPT của team m submit cho t trc 12h trưa mai,Tạo nhắc nhở
Danh gửi báo giá cho kh vinamilk trc 3h chieu nay nhe,Tạo nhắc nhở
Anh Hùng xin một ngày để nghiên cứu sizing study trên hệ điều hành HP UX nha,Giao việc
tính duyệt uỷ nhiệm chi tiền gửi xe tháng này cho toà nhà đi sếp,Phê duyệt
bạn xử lý mấy cái giao dịch tiền mặt của quỹ đầu tư tháng này giúp sếp nhé,Giao việc
Trúc set lịch call với team outsource để chốt lại API docs sáng thứ 2 đi e.,Lên lịch họp
Mail hỏi xem tối nay có bao nhiêu người tham gia cái meeting 7h,Gửi/Trả lời email
sếp Khoa duyệt cho m book 2 cái location đó r nha,Phê duyệt
Lan check lại với Nam xem product lộ trình sản phẩm đã cập nhật đủ thông tin chưa,Giao việc
chốt lại quy trình nhập xuất hàng hóa tại kho tổng trước h nghỉ trưa nha team,Phê duyệt
sếp cf xem cái bản dịch tiếng Nhật của phần mềm đã xong chưa để em báo team dev,Phê duyệt
em nhắc anh tài xế chuẩn bị xe để chở mấy sếp đi họp nha.,Tạo nhắc nhở
Em fwd cái agenda phỏng vấn ứng viên cho mấy anh manager xem rồi,Gửi/Trả lời email
Vòng gọi vốn đã thành công rực rỡ nên công ty đang chuẩn bị đưa tên các nhà đầu tư lên trang web và viết thông cáo báo chí,Phê duyệt
"chị Hin ơi add t vào lịch họp với sếp về mục tiêu quý 4 với, em chưa thấy invite",Lên lịch họp
sếp Trung duyệt bảng phân bổ ngân sách năm mới cho các phòng ban đi ạ,Phê duyệt
"t cần họp với Minh và Tuấn về ngân sách quý 4 vào chiều thứ 3, ai rảnh k",Lên lịch họp
Thương chốt nội dung biên bản bàn giao hệ thống phần mềm kế toán cho khách hàng,Phê duyệt
m cài cái reminder nhắc a chừng 3 rưỡi chiều nay gọi điện lại cho bên luật sư nha để hỏi xem hồ sơ xin visa của ông Tuấn tiến độ tới đâu r,Tạo nhắc nhở
vẽ cái phễu báo cáo xem ứng viên hay rớt ở vòng nào nhất trong quy trình tuyển dụng Q1,Soạn báo cáo
anh Kiên giải thích hợp đồng đang trong quá trình soạn thảo và sẽ gửi lại,Gửi/Trả lời email
Tuấn reply email confirm vụ training nội bộ kèm theo details nha,Gửi/Trả lời email
a Hùng vô github approve cái pull request giùm e để e merge code nha,Phê duyệt
chị Hương gom hết chứng từ gửi lại e xử lý nốt nha,Giao việc
em set nhắc nhở cài cái bản demo phần mềm lên máy cho sếp chuẩn bị đi phỏng vấn nha,Tạo nhắc nhở
Thanh lập báo cáo tổng quỹ lương tháng này trình sếp nha,Soạn báo cáo
Vỹ chốt báo giá mảng B2B để chiều e gửi qua cho đối tác,Phê duyệt
M hỏi bà Lan xem cái buổi demo Delta r sao r nha nãy a Sơn ổng dặn gọi đt check cái tiến độ buổi demo HP nhe m làm r báo lại ổng nha,Giao việc
duyên duyệt quy định thưởng chuyên cần mới rùi thông báo cho công nhân xưởng,Phê duyệt
Hương fwd email thông báo ngày ra mắt chính thức cho đối tác để họ chủ động lên kế hoạch,Gửi/Trả lời email
vô base approve cái đề xuất phụ cấp tiền ăn OT cho team kho bãi tuần vừa rồi nha,Phê duyệt
em vừa rep email cf lịch hẹn với khách hàng VIP cho anh rồi nha,Gửi/Trả lời email
Hà soạn nội dung update thay đổi trên website Saleshound đi em,Soạn báo cáo
mn ơi lên lịch dry run kịch bản trước buổi quay video vào 10h sáng mai nha,Lên lịch họp
Oanh chốt đơn vị vận chuyển mới để team ops kí hợp đồng,Phê duyệt
Điệp forward email cái ticket lỗi màn hình login của user cho dev fix,Gửi/Trả lời email
Anh Hiếu nhớ lại từng báo với chị Quyên rằng một bên đối tác khác sẽ chịu trách nhiệm chính cho các công việc hỗ trợ kỹ thuật này,Lên lịch họp
Lên lịch chạy dry-run cho buổi webinar ra mắt tính năng AI vào chiều thứ 4 nhe mng.,Lên lịch họp
Hương check lại xem cái tính năng mới update này chỉ chạy đc trên pda hay xài đc trên cả điện thoại thường nha để sếp còn báo cho bên QA test,Giao việc
Rep mail cho team dev cập nhật tình trạng fix cái bug thanh toán trên ios để họ biết đường deploy bản mới tối nay nha.,Gửi/Trả lời email
A Tuấn ổng bảo đang xài cái modem cũ r nha m hỏi ổng coi có kết nối ổn k nhe để t biết đường xin sếp nâng cấp lên cho ổng,Giao việc
Thiện duyệt cái plan migrate data từ hệ thống CRM cũ sang tool mới trc 5h,Phê duyệt
a Nam ký phê duyệt đề xuất mua 3-5 bản quyền phần mềm Photoshop giúp nhóm nhé,Phê duyệt
lộc reply mail kèm cái báo giá đã điều chỉnh cho KH chốt đi e,Gửi/Trả lời email
Như xuất file làm báo cáo tỉ lệ chốt đơn của team telesale tuần qua,Soạn báo cáo
Phước confirm cái sơ đồ bố trí bảo vệ cho event ngoài trời cuối tháng nhe,Phê duyệt
Tuấn rebase code r chạy test lại để check nguyên nhân fail giùm a nha,Giao việc
"Bảo ơi cc Mark vào thread email về vụ mua thêm bản quyền phần mềm nhé, anh ấy cần nắm",Gửi/Trả lời email
đang làm cái Delta demo sao r Hùng check luôn cái vụ HP với eCRM đi m,Giao việc
bạn gửi thêm thông tin chi tiết về khách hàng quan trọng hôm qua để mình kịp hoàn thành công việc hợp đồng trước lúc nghỉ trưa nha,Giao việc
a Sơn ưu tiên chạy test sau khi sửa xong mấy cái lỗi hồi quy r mới xin một ngày để nghiên cứu định cỡ hệ thống trên hđh,Giao việc
a Tuấn xin đổi ca để họp đột xuất nên c Linh sẽ đổi chỗ cho a r confirm lại lịch học mới của hai người luôn,Lên lịch họp
Sáng vô swagger approve mấy cái api endpoint mới t vừa tạo nha,Phê duyệt
Chị Lan gửi mail bàn về công nghệ mới r nha m rảnh thì vô đọc r phân tích coi nó có gì đặc biệt k r rep mail cho bả nhe,Gửi/Trả lời email
Gấm làm cái slide kết quả A/B testing cho luồng đăng ký tài khoản mới rùi share a,Soạn báo cáo
Sếp Sơn ổng bảo bà Lan liên lạc vs lão Minh r nha m hỏi bả xem bả đã nói chuyện vs ổng về cái bài báo Unplugged Newletter chưa nhe,Giao việc
Anh lên lịch họp kickoff dự án e-commerce vào sáng thứ 2 tuần sau nha,Lên lịch họp
gửi thư yêu cầu cấp phát văn phòng phẩm tháng 6 kèm theo danh sách chi tiết cho bộ phận hành chính,Gửi/Trả lời email
chị duyệt lại danh sách khách mời tham gia sự kiện ra mắt app giúp mình với.,Phê duyệt
A Dũng ngỏ ý cho a Sơn mượn đĩa win để hoàn tất việc lắp đặt nha,Giao việc
Set meeting bàn chiến lược seo web quý tới với team inhouse vào 2h chiều mai.,Lên lịch họp
Luân book meeting room để gặp khách hàng chốt hợp đồng bảo hiểm trưa mai nhé.,Lên lịch họp
sếp ơi e sắp xếp buổi gặp mặt đối tác mới vào sáng thứ 4 được không ạ,Lên lịch họp
Thắm viết xong kịch bản tiktok r gửi kol trc 3h chiều nay nha,Tạo nhắc nhở
Hân sắp xếp một buổi offsite cho dàn manager lên kế hoạch M&A vào cuối tháng này nha.,Lên lịch họp
chốt lẹ bộ từ khóa aso để chiều nay t submit app lên apple store đi ae,Phê duyệt
Diệp ước tính thời gian hoàn thiện bản service pack này báo lại t,Giao việc
trà soạn một bức thư đính kèm danh sách trúng thưởng gửi cho khách hàng nha,Gửi/Trả lời email
Dũng chốt cái list booking báo mạng đợt black friday rùi báo t,Phê duyệt
Hùng ck đóng tiền mạng vnpt tháng này trc ngày 15 k nó cắt cmn mạng á,Tạo nhắc nhở
A Minh bảo m qua gặp bả Vy nhờ giúp đỡ nếu cần nhe do dạo này dự án nhiều r m coi sắp xếp thời gian nhe r bả hướng dẫn m làm,Giao việc
Sơn chạy qua hỏi sếp Tuấn coi cần kéo bao nhiêu cái dây mạng ở Sausalito r báo lại vs ổng cái giờ cụ thể nha để ổng rảnh ổng cho người xuống làm,Giao việc
a Sơn vô check lại mấy cái detail trong file báo giá r approve dùm e nha để chiều nay sale nó gửi cho khách kịp chốt hợp đồng,Phê duyệt
Lan ơi sắp xếp buổi đào tạo cách dùng công ty mình design studio cho nhóm đối tác đào tạo nhé,Lên lịch họp
Trung soạn sẵn file estimate QA với DOC ném vô team nhe,Soạn báo cáo
c Hương làm cái warning letter cho thằng ku dev đi trễ miết r gửi hr trc cuối ngày hnay nha c,Tạo nhắc nhở
Phước chốt size đồng phục của ae dev r gửi group trc eod nay nha,Tạo nhắc nhở
c Nhi chốt sổ misa quý 1 r gửi file a xem trc t6 tuần này nha,Tạo nhắc nhở
e Linh check ủy nhiệm chi mộc đỏ ở techcombank lấy về cất tủ trc eod nay nha,Tạo nhắc nhở
khách hàng đang tìm cái ntn m đọc r tư vấn cho ổng giùm c nha tks m,Giao việc
Book cái lịch để training quy định bảo mật mới cho toàn cty chiều t6 đi.,Lên lịch họp
Đăng rep mail agency attach cái file feedback chi tiết cho bản nháp TVC,Gửi/Trả lời email
Ae mình dời lịch buổi training kỹ năng mềm sang chiều thứ tư tuần sau nhé.,Lên lịch họp
check thử Dũng rành vụ import repository file chưa r push ổng đi hỏi mấy ng có kinh nghiệm,Giao việc
Tuyền đính kèm hồ sơ năng lực công ty vô mail r gửi cho ban quản lý dự án đấu thầu,Gửi/Trả lời email
E hỏi lại sếp Hùng coi ổng có chịu xài tài khoản ký quỹ ở bên Wells Fargo k nha nãy ổng bảo là k thích cái hệ thống đó r,Giao việc
Lộc lập bảng xếp hạng điểm số qua môn training của lứa thực tập sinh đợt này nhe m,Soạn báo cáo
Minh ơi mày làm bản phân tích chi phí triển khai OEM rồi gửi cho Rộng review đi,Giao việc
Nam làm báo cáo giải trình chi phí setup văn phòng chi nhánh Cần Thơ vượt dự toán,Soạn báo cáo
anh Sơn hỏi thăm tình hình của ứng viên tên là Đạt và đánh giá rất cao năng lực của anh này,Tạo nhắc nhở
m set up buổi meeting với mấy sếp để chốt luôn cái vụ địa phương hóa sản phẩm này đi,Lên lịch họp
Tâm tổng hợp danh sách các tool và phần mềm cần gia hạn license trong tháng sau nhe m,Soạn báo cáo
"Hà ơi trả lời xác nhận tham dự sự kiện uCommerce Chicago cho Bảo nhé, mình sẽ đi",Gửi/Trả lời email
sau khi chốt phương án anh Hiếu đã đặt mua bản máy quét nâng cấp,Phê duyệt
Phương viết báo cáo tổng kết đợt kiểm toán nội bộ vừa rồi nhe,Soạn báo cáo
sếp kêu dời lịch meeting sang 1h chiều nha ae,Lên lịch họp
Hùng ới book vé máy bay VNA cho sếp ra HN công tác trc sáng mai nha e,Tạo nhắc nhở
Minh ơi làm báo cáo doanh thu tháng 8 cho sếp trước 4h chiều nha,Soạn báo cáo
Anh Tuấn gửi bổ sung mấy cái link test dành riêng cho app trên máy nha,Giao việc
a Sơn fwd mail đề xuất chọn c Vy tham gia tiệc chiêu đãi của bộ thương mại vì sẽ rất có lợi thế nếu cty cử một người biết tiếng pháp làm đại diện,Gửi/Trả lời email
a Nam ơi approve đề xuất của Cường về cấu trúc data mới giúp hiệu năng hệ thống nhé,Phê duyệt
tú xuất file danh sách mã giảm giá ra csv rồi gửi mail cho bên kĩ thuật import lên hệ thống,Gửi/Trả lời email
hnay mình có lịch họp lúc 11h sáng nha mn đừng quên,Tạo nhắc nhở
A Hùng check có tích hợp tính năng cá nhân hóa vô hệ thống k,Giao việc
M rep cái mail này r gửi đính kèm cái báo cáo nhe m nhờ mn vô check xem cty mình đứng top mấy trong ngành r share đi cho nở mày nở mặt,Gửi/Trả lời email
Anh Hùng nhắc mấy e dev gỡ mấy cái hình nặng ra rồi chạy test lại cái app đi nha vì khách đang phàn nàn nó load chậm quá kìa,Giao việc
Vinh book lịch họp online với đối tác cung ứng bao bì sinh học bên thái lan 2h chiều mai.,Lên lịch họp
Chị Lan sắp xếp lên lịch phỏng vấn cho mấy bạn ứng viên tuần này nha hỏi xem họ rảnh giờ nào thì book vô gg calendar luôn cho dễ quản lý,Lên lịch họp
A nhớ tạo lịch hẹn trên app nhắc mọi người nộp lại mấy cái clip review sản phẩm trước cuối tuần nhe để team media còn kịp thời gian cắt ghép cho sự kiện,Tạo nhắc nhở
mail hỏi lão Khoa xem có lấy được cái wrist pad ko,Gửi/Trả lời email
Mai ơi đợt r t thấy kho d2 báo có vụ chuột cắn rách mấy thùng mì tôm vs ngập nước móp hết hộp bánh r. m lôi file xuất nhập tồn ra check lại xem hụt bao nhiêu. làm cho c cái báo cáo hao hụt kho tháng này chi tiết từng mã SKU để c trình sếp trừ lương quản lý kho nha,Soạn báo cáo
m soạn lại cái file báo cáo doanh thu tuần bị sai số liệu lúc sáng giúp t nha,Soạn báo cáo
chị Phương duyệt cái form tạm ứng tiền tổ chức teambuilding giúp em ạ,Phê duyệt
Nhớ build bản mới có fix cái lỗi 4289 hôm qua khách report nhé anh em dev,Tạo nhắc nhở
anh hỏi thử coi mấy buổi meeting này kéo dài trong bao lâu để em sắp xếp lịch nghen,Giao việc
Vy confirm tỉ lệ chuyển đổi target cho chiến dịch ads sắp tới đi em,Phê duyệt
"a Nam viết bản đề xuất hợp tác với đối tác công nghệ lab giúp nhóm đi, hạn chót cuối tuần này",Soạn báo cáo
Gửi cái agenda phỏng vấn sang cho anh Tú giùm c,Giao việc
m gửi mail cho tui mấy contact của đối tác bên đó để tui bàn công việc nha,Gửi/Trả lời email
anh Ngôn forward e cái email thông báo tăng chiết khấu của ncc với,Gửi/Trả lời email
Tuấn duyệt chi phí bật auto-scaling trên aws đợt peak sale ngày mai nha,Phê duyệt
chiều nay 2h team tech qua phòng mkt demo thử cái landing page mới ae xài xem ổn ch nha,Lên lịch họp
sếp fwd request qua cho team tech support r nhe ae,Gửi/Trả lời email
chị Quyên yêu cầu anh Kiên cung cấp thông tin của ba đầu mối liên hệ,Giao việc
a rep cái mail tranh chấp hợp đồng hqua của đối tác r có cc cho nguyên team pháp lý vô đọc r mng yên tâm t xử dc,Gửi/Trả lời email
Trong mail có ghi nhầm ngày không sếp check lại giùm em với,Giao việc
Anh Bảo muốn thiết lập tối thiểu hai nhóm luồng nhưng anh Khang cảnh báo lần trước tăng lên hai đã làm giảm đáng kể hiệu năng hệ thống,Phê duyệt
Yến lên draft email thông báo team building xong gửi c xem trc thứ 6 nha,Tạo nhắc nhở
Lên lịch làm việc với công ty bảo hiểm chốt gói sức khỏe cho ae vào chiều t4.,Lên lịch họp
Luân forward cái email thread vụ migrate server qua cho team devops đi,Gửi/Trả lời email
note lại lịch đi nha khoa khám lại vào chiều mai,Tạo nhắc nhở
Confirm lại với sếp xem mình có nên share cái sơ đồ này cho đối tác không nhỉ,Phê duyệt
Sáng t4 từ 9h đến 11h t rảnh nè ae chốt cái giờ đó để call nhanh 15p chốt lại plan tháng sau nha k là trễ kpi đó,Lên lịch họp
"nhắc nhóm nhớ nộp timesheet trước cuối ngày hôm nay thứ 6 nha, tài chính đang chờ",Tạo nhắc nhở
Minh tạo lịch họp thương lượng hợp đồng năm sau với nhà cung cấp chính vào thứ 6,Lên lịch họp
Soạn cho t cái biên bản bàn giao tài sản cho mấy ông sale nghỉ việc nha nhớ liệt kê đầy đủ laptop vs thẻ nhân viên để hr họ chốt,Soạn báo cáo
A Hùng quyết định giao phần đánh giá phạm vi ứng dụng bằng biểu mẫu chuẩn cho c Lan phụ trách còn ảnh vẫn chưa đưa ra quyết định cuối cùng,Giao việc
anh Cường đang cố gắng chào bán giải pháp hỗ trợ cho nhân viên hãng thể thao khi đi công tác,Lên lịch họp
em nhớ lưu thông tin liên lạc của đối tác để mốt hỏi vụ chuyển giao code,Tạo nhắc nhở
chị Vy liên hệ vs bên help desk để yêu cầu cấp quyền cho mấy cái app mới đi r rep mail lại cho a Minh add khách vào nha,Gửi/Trả lời email
Anh giải thích thêm về vụ lưu trữ cookie đi vì khách thắc mắc quá,Giao việc
Cường viết báo cáo tiến độ thi công xưởng mới trc 5h chiều nay,Soạn báo cáo
A Sơn đề xuất gọi cho Paytrust r đó e rảnh thì hỏi chị Lan xem có cần chị gặp CTO của tụi nó k nhe để a biết đường sắp xếp lịch,Giao việc
Vỹ hẹn lịch test UAT với khách hàng dự án app giao hàng sáng t5 đi.,Lên lịch họp
Các e tổng hợp r gửi báo cáo doanh số t10 qua mail sếp nhé,Gửi/Trả lời email
Liên hệ với ông Dũng bên IT giùm t,Giao việc
Anh em review lại cái tài liệu SFC rồi cho xin ít feedback nhé,Tạo nhắc nhở
anh Hải đưa ra nhiều yêu cầu cụ thể về tiêu chí lọc tệp khách hàng mục tiêu,Phê duyệt
chốt địa điểm đi teambuilding năm nay ở vũng tàu hay đà lạt để t book,Phê duyệt
anh soạn giúp em cái guideline cách viết chuẩn tên thương hiệu JPhone nha,Soạn báo cáo
sếp duyệt phương án giải quyết mấy cái technical issue đợt này đi để team em tiến hành làm,Phê duyệt
Thục lên lịch họp 1-1 với các bạn dev mới pass thử việc trong tuần này.,Lên lịch họp
Ni book lịch làm việc với sở lao động thương binh xã hội để giải trình hồ sơ tuần tới đi.,Lên lịch họp
mọi người nên hỏi kinh nghiệm của anh Tùng về vụ setup hệ thống mạng đợt này,Giao việc
anh Tuấn cung cấp bản nháp tài liệu cho khách phân phối r nên mọi người ai k rảnh review thì cứ liên hệ trực tiếp vs a Hùng để chốt,Soạn báo cáo
bửu approve ticket xin cấp tài khoản truy cập admin cho team data mới vô nhe,Phê duyệt
Ông Tuấn ổng báo là đã test thành công cái etrade r nha m rảnh thì rep mail ổng r khen ổng một tiếng nhe để ổng có động lực làm tiếp,Gửi/Trả lời email
Phát làm cái mass email đính kèm file pdf policy mới gửi toàn cty trc 5h chiều,Gửi/Trả lời email
em Duy follow up với Phương xem việc setup quyền cho Linh đã xong chưa nhé,Giao việc
rep mail gửi feedback cho team dev về list tính năng mới nhé,Gửi/Trả lời email
Set giùm cái lịch sync up với team 3D để duyệt mẫu mascot linh vật chiều mai 2h.,Lên lịch họp
Yên duyệt cái claim tiền taxi đi gặp khách VIP hqua của phòng sale nha e,Phê duyệt
chị duyệt địa điểm ăn trưa trưa nay để em báo nhà hàng giữ chỗ nha,Phê duyệt
e Tuấn tổng hợp toàn bộ tài liệu brochure gửi cho khách ngay tối nay nha,Giao việc
c Vy rep mail báo là nộp xong thông tin tài trợ gói bạc r nha,Gửi/Trả lời email
M hỏi a Minh xem có định support thằng Eric nữa k nha do a Tuấn ổng chốt r á r m báo lại vs a nhe,Giao việc
c Lan rep mail confirm là mua thêm sách thì tổng chi phí vẫn nằm dưới mức năm trăm đô nên sếp Minh cứ yên tâm duyệt mua hàng nhe,Gửi/Trả lời email
Bảo cấp tk vpn cho bên dev outsource trc eod nay để mai họ bắt đầu code nhé,Tạo nhắc nhở
Thủy duyệt cái slide training hội nhập nhân viên mới giùm e,Phê duyệt
Chị Yến quyết định cứ gửi file cấu hình cho bộ phận vận hành trước còn chuyện gỡ lỗi cả nhóm có thể họp bàn bạc sau,Phê duyệt
Thu fwd cái mail sao kê ngân hàng tuần r cho a check lại số dư m ơi,Gửi/Trả lời email
Bạn gửi email thông báo chính thức về việc thay đổi địa chỉ văn phòng mới cho toàn bộ danh sách khách hàng và đối tác trong quý này nha,Gửi/Trả lời email
Sơn soạn xong slide pitch trc thứ 4 để team review m nhe,Tạo nhắc nhở
Anh Đạt nhớ cập nhật liên tục mọi thay đổi về giao diện và nhắc anh Phúc xem khi nào anh ấy mới sang đến nơi để chốt lịch họp,Lên lịch họp
Đặt phòng họp kín để hội đồng quản trị lấy phiếu tín nhiệm bổ nhiệm tổng giám đốc thứ 2 tới.,Lên lịch họp
chị Trang check r update lại cái trang cm/rnd cho ae nha,Giao việc
Yến gửi link zoom hẹn họp với agency abc vào 4h chiều nay nhé.,Lên lịch họp
Hương pass cái file báo cáo chi phí sang cho c với,Giao việc
thằng Tiến viết báo cáo lỗi hệ thống đợt này xong gửi lại anh sớm nghen.,Soạn báo cáo
mọi người kiểm tra thư để tải tài liệu họp chiều nay nhé,Gửi/Trả lời email
Hỏi lại team dev xem bug 3712 đã fix xong chưa m,Giao việc
a Sơn add tên r và mọi người đã lập báo cáo rà soát lại list để phát hiện lỗi sai trước khi gửi sếp Hùng duyệt,Soạn báo cáo
A Hải cam kết bổ sung thêm các chi tiết về mạng k dây và cổng kết nối r đề xuất nhóm rà soát lại vào cuộc họp thứ hai,Lên lịch họp
tường confirm lại quy định mặc đồng phục mới của cty trc khi ban hành,Phê duyệt
Sếp cf lại chính xác ngày giờ địa điểm để em báo nhà hàng chốt bàn,Phê duyệt
Khoa vô hệ thống xin duyệt mức chiết khấu 15% cho đại lý trc sáng mai giùm t,Tạo nhắc nhở
e hỏi lại sếp xem vụ cấp quyền iPass cho remote user có đc duyệt k nha để team IT còn biết đường config mạng vpn cho mọi người,Giao việc
Linh dạo này thời tiết chuyển mùa hay sao mà trong góc phòng làm việc với chỗ tủ đồ ăn trưa xuất hiện rất nhiều muỗi và kiến ba khoang đó em. mấy bạn nhân viên nữ bị đốt sưng hết cả tay chân phàn nàn nhiều lắm. em liên hệ với công ty dịch vụ môi trường và gọi thợ xịt thuốc diệt côn trùng trước thứ sáu tuần này để cuối tuần họ tiến hành làm luôn nhé.,Tạo nhắc nhở
Oanh rảnh k lên cái bc giá vật tư đợt này cho a,Soạn báo cáo
Sếp Dũng check lại cái lỗi nghiêm trọng lúc chạy imode c Vy vừa báo nha bả yêu cầu ưu tiên xử lý cái này trước mấy lỗi tự động hóa luôn á,Giao việc
quăng t cái file raw quay clip viral hqua qua mail để t nhờ bên editor cắt ghép,Gửi/Trả lời email
chị Trang quyết định cả nhóm cứ chờ để lấy bản nâng cấp như dự định,Phê duyệt
Vy hỏi sếp Tuấn rảnh khoảng 15 phút chiều nay không nhe để t qua trình bày nhanh cái plan ra mắt sản phẩm tháng tới cho ổng coi qua,Giao việc
A Hùng note hàng loạt lỗi như đứt phiên làm việc với tải trang không hoàn chỉnh á,Giao việc
Duy double check lại cái release number r update lên hệ thống cho c,Giao việc
Tạo event brainstorm phương án cắt giảm chi phí vận hành với các quản lý vào thứ 6.,Lên lịch họp
Phượng confirm lịch đi khảo sát xưởng may gia công ở bình dương tuần sau với sếp,Phê duyệt
anh Bách tin công ty có thể mượn sức đối tác để tiếp cận khách hàng,Lên lịch họp
a Nam ơi chuyển tiếp file tài liệu đặc tả kỹ thuật mới nhất của Dondi cho Tuấn review nhé,Gửi/Trả lời email
a Khang bên agency nó vừa gửi lại kịch bản ver 3 cho cái TVC tết năm nay r á sếp. nó sửa lại chỗ insight khách hàng nhắm trúng tệp genZ r thấy cũng okila lắm. a rảnh thì vô lướt qua cái gdocs r duyệt kịch bản quay TVC này giùm e để mai nó bấm máy lun nha sếp,Phê duyệt
m nhắc Khoa mang cục phát wifi cho team event ngày mai nhé,Tạo nhắc nhở
"Minh trả lời mail của đối tác lớn về tiến độ fix lỗi phần mềm ngay đi, họ hỏi lần 3 rồi",Gửi/Trả lời email
Duy tổng hợp lại list 6 test case tạch vs xem phải regression k nhe,Soạn báo cáo
sếp Tiến confirm lịch bảo trì server đêm chủ nhật giúp phòng IT ạ,Phê duyệt
tổng hợp cái báo cáo danh sách các lỗi vi phạm SLA để phạt bên agency làm event offline nhe,Soạn báo cáo
Sếp Hoàng duyệt mức độ ưu tiên cho các task trong dự án e-commerce này giúp em nha,Phê duyệt
Nhung xuống kho dặn tụi nhỏ gói 5 kiện hàng dễ vỡ đóng mút nổ bàn giao ship trc 2h chiều,Tạo nhắc nhở
Dũng duyệt mẫu quà tặng khách hàng dịp trung thu để em báo xưởng sản xuất,Phê duyệt
Bảo đặt lịch buổi đào tạo kỹ năng bán hàng cho team mới vào tuần sau nha,Lên lịch họp
Nhi confirm số dư tài khoản ngân hàng cuối tháng với bên kiểm toán độc lập,Phê duyệt
Vỹ hẹn lịch test UAT demo với khách hàng dự án app giao hàng sáng t5 lúc 9h đi,Lên lịch họp
Đức ơi review 5 cái cv vị trí QA hr mới gửi trc tối nay rồi báo c ai pass để set lịch nha,Tạo nhắc nhở
9h sáng mai họp được k sếp tại em k xem được calendar của sếp,Lên lịch họp
Set meeting bàn phương án xử lí lô hàng bị hải quan giữ lại lúc 2h chiều nay đi mng.,Lên lịch họp
Tú xử lý giúp anh cái request cấp quyền truy cập database cho nhân sự mới,Giao việc
Hải gửi em file excel danh sách lead từ ads fb tuần này nha,Gửi/Trả lời email
a Tú nghỉ việc hnay á Mai đi clear hết cái exit checklist như thẻ xe thẻ từ vpn trc eod nha e,Tạo nhắc nhở
Tân tạo báo cáo tóm tắt các điểm chưa đạt yêu cầu sau đợt kiểm toán nội bộ Q2,Soạn báo cáo
Phúc fix lẹ cái link hỏng trên server con Sun Ultra 10 nha,Giao việc
"c Thanh ơi book phòng họp lớn thứ 6 này, cần trình bày kết quả kinh doanh tháng 10",Lên lịch họp
Hà nhớ đóng tiền mạng vp trc ngày mai k bị cắt h,Tạo nhắc nhở
làm biên bản đối soát tiền thu hộ COD với bên giao hàng tiết kiệm tháng rồi nha mng,Soạn báo cáo
chị Thủy confirm cái thiết kế banner chạy ads facebook tháng 6 nha,Phê duyệt
sếp confirm cái chính sách bảo lưu phép năm sang năm sau dùm hr ạ,Phê duyệt
Em đẩy mấy cái file mới sửa lên VSS đi nhưng cẩn thận vì server đang hơi lag,Giao việc
Minh ơi review và phê duyệt chính thức bản đặc tả kỹ thuật trước khi nhóm bắt đầu code nhé,Phê duyệt
Quyên tổng hợp báo cáo tiến độ triển khai phase 1 dự án phần mềm nhân sự HRM rùi gửi sếp,Soạn báo cáo
M rảnh thì rep lại mail a Sơn nhe bả hỏi m thấy cái Siebel 6 vs 7 nó có gì hay k nhe để bả tham khảo ý kiến m r bả lên plan cho team,Gửi/Trả lời email
chiều t4 ae mình book phòng họp sync lại vụ này cho clear nhe,Lên lịch họp
Quế chốt bộ KPI đánh giá chất lượng hàng hoá cho team QC tháng này đi c,Phê duyệt
Quang gửi mail cái link temp chứa AWS credentials cho bên agency nhe,Gửi/Trả lời email
Đạt deploy code mới nhất lên staging trc EOD hnay để khách nó UAT,Tạo nhắc nhở
Hương hỏi lại mấy anh bên team dev xem cái chỉ mục này đã đc kiểm tra kĩ chưa nhe do a sợ nó không khớp với mấy cái câu query trong database hiện tại,Giao việc
Anh Hùng rảnh không tạt qua phòng họp số 2 xíu nha,Lên lịch họp
khoa nén mấy file stl in 3d gửi qua mail cho xưởng sản xuất đi em,Gửi/Trả lời email
cương duyệt báo giá tour teambuilding phú quốc của bên vietravel giùm em,Phê duyệt
Vy nay nhờ tech check lại cái mã pixel gắn trên web trc cuối ngày nha hnhu đang đếm sai,Tạo nhắc nhở
Hưng submit số target sales quý sau trc 5h chiều t6 nha a,Tạo nhắc nhở
Đạt lên bamoo order vé máy bay cho sếp trc 11h trưa nay k nó lên giá,Tạo nhắc nhở
Hẹn lịch đi thực địa dự án ở bình dương với team dự án vào nguyên ngày thứ 7.,Lên lịch họp
Vy đọc lại bài PR báo chí rùi confirm chốt ý để sáng mai lên bài,Phê duyệt
nhã duyệt chi phí bảo dưỡng định kì mấy chiếc xe nâng trong kho dùm kho trưởng,Phê duyệt
em check lại xem sáng nay đã gửi mail hợp đồng qua cho bên supplier chưa nha,Gửi/Trả lời email
Team tui đang thảo luận vụ xài lại hệ thống cũ r nha m rảnh thì vô góp ý coi có xài đc k nhe để tụi tui có phương án dự phòng nhe,Giao việc
book lịch họp với ông Tổng giám đốc qua trợ lý của ổng giùm c,Lên lịch họp
Anh Hùng nhờ a Tuấn chạy thử app vì nó đã chuyển sang server mới,Giao việc
Anh Sơn note lại là e muốn đưa chủ đề EDS vào thảo luận trong buổi họp tới nha và chốt luôn deadline sớm hơn tháng sáu giúp e,Lên lịch họp
Yến duyệt gói bảo hiểm sức khỏe hạn mức mới cho level manager nha,Phê duyệt
mai a wfh nên m sang kho lưu trữ sắp xếp đồ đạc giùm a nhe,Giao việc
Book lịch làm việc với kế toán trưởng chốt lại thang bảng lương mới lúc 2h chiều t2.,Lên lịch họp
thạch approve cái claim tiền đi ăn tiếp khách của sếp tổng hqua nhe,Phê duyệt
Nhớ né chiều thứ 6 ra vì trùng lịch họp giao ban công ty,Tạo nhắc nhở
Trang draft cho anh cái plan mua lại domain AvocadoIT bị bọn cybersquatter hốt mất,Soạn báo cáo
m liên hệ với team anh Đạt để trao đổi cách giải quyết cái lỗi database đợt này nha,Giao việc
em book lịch meeting với sếp Tuấn chiều nay để chốt requirements nha,Lên lịch họp
Trâm book lịch đi pitching dự án crm bên cty xyz vào 9h sáng thứ 3 tuần tới nhe.,Lên lịch họp
Duyên tổng kết điểm hqua r làm bc đào tạo nội bộ tháng này nha,Soạn báo cáo
bạn Phú approve bản build v1.2 trên testflight để team QA bắt đầu test,Phê duyệt
anh Tuấn dặn team chuẩn bị đầy đủ tài liệu cho cuộc họp sáng mai nhe,Giao việc
Ông Hùng ổng gửi lại cái đặc tả chức năng r nha m rảnh thì update lại cái phần EMDS giùm ổng nhe do ổng hối quá,Giao việc
c Yến fwd link cho a Giang tải trình giả lập về test tính năng nhe,Giao việc
Đạt draft lại cái tên tài liệu hướng dẫn này nghe cho uy tín hơn nha,Soạn báo cáo
Nhung book lịch phỏng vấn ứng viên cho vị trí CFO với các sếp nha,Lên lịch họp
Vân attach hình uỷ nhiệm chi vô mail gửi team finance confirm đi,Gửi/Trả lời email
"Linh ơi set meeting với đội BE và FE để đồng bộ về triển khai plan nhé, thứ 4 chiều",Lên lịch họp
Diệu confirm danh sách rút gọn 5 bạn influencer chạy mảng beauty trc ngày mai nhé,Phê duyệt
a Tuấn confirm tuần tới sẽ hoàn tất việc chi trả các khoản thưởng,Phê duyệt
c Xuyên confirm tài liệu tích hợp API với bên đối tác momo rùi gửi lại họ,Phê duyệt
Hiếu vô check hoá đơn đỏ của nhà cung cấp A rùi duyệt thanh toán nhé,Phê duyệt
Linh này đợt vừa rồi tổng đài chăm sóc khách hàng nhận được khá nhiều ý kiến trái chiều về thái độ của nhân viên giao hàng đó em. vấn đề này ảnh hưởng rất lớn đến uy tín của thương hiệu nhà mình. em mở hệ thống ghi âm ra nghe lại rồi Soạn thảo đánh giá mức độ hài lòng của khách hàng nộp cho anh vào cuộc họp đầu tuần tới nha.,Soạn báo cáo
nhắc đi đăng ký khóa học cho bé Mai,Tạo nhắc nhở
Tớ gửi mấy cái data sheet thông số kỹ thuật qua mail cho bác rồi đó,Gửi/Trả lời email
book lịch phỏng vấn vs mấy ứng viên pass vòng cv vào tuần này nha,Lên lịch họp
bạn nào đi được thì rep mail cf cho c nha,Gửi/Trả lời email
tối cn Bảo rảnh check log tường lửa xem có bất thường k trc 10h nha,Tạo nhắc nhở
A Minh bảo m kiếm thử coi lão Jeff Roth bên Accenture là ai nhe m vô hệ thống tra thông tin r gửi lại bả nha để bả xem xét r liên lạc,Giao việc
Tuyết chốt cái thực đơn gala dinner cho đợt đi company trip để e báo nhà hàng,Phê duyệt
a Sơn gửi đính kèm mấy cái thông báo lỗi trigger r đề xuất ngày mai team mình set một cái meeting ngắn để xin ý kiến a Hùng tìm hướng giải quyết dứt điểm sự cố này nhe,Lên lịch họp
Sếp Tùng review giùm em cái draft mục tiêu quý 2 này xem ổn chưa để em chốt,Phê duyệt
Vân xem lại điều khoản tự động gia hạn rùi confirm chốt hợp đồng nha,Phê duyệt
Duy confirm lại tệp target audience chạy ads fb đợt này để team lên camp nha,Phê duyệt
Phát hẹn team mkt họp brainstorm campaign tết vào 10h sáng mai nha.,Lên lịch họp
m check lại giùm t cái định nghĩa của thuộc tính này trong file doc xem đúng chưa nha.,Giao việc
Phùng lập bảng báo cáo phần trăm hoàn thành chỉ tiêu sản lượng của ca sáng và ca chiều,Soạn báo cáo
chị duyệt form cấp phòng tạm cho em Hà rồi đó,Phê duyệt
anh Kỷ làm báo cáo đánh giá ROI của đợt tham gia gian hàng hội chợ Q1 giùm c,Soạn báo cáo
Bảo check kĩ thông số con Casio r báo lại t gấp nhe,Giao việc
Sếp Sơn ơi a gửi mail hẹn lịch họp với mấy sếp bên quỹ Morgan Stanley Dean Witter vào ngày mai nhe để e rảnh thì vô chung,Gửi/Trả lời email
c Bảo cbi set quà trung thu tặng cty sếp Nam trc thứ 6 tuần này nha c,Tạo nhắc nhở
Bản mới nhất là cái nào sếp gửi tớ với,Giao việc
attach cái form đề xuất mua thiết bị vô mail gửi sếp duyệt trc 4h chiều,Gửi/Trả lời email
Set cái lịch brainstorm kịch bản quay tvc tết với đạo diễn vào 9h sáng mai đi.,Lên lịch họp
em xử lý mấy cái biên bản nghiệm thu để chuyển qua kế toán thanh toán nhé,Giao việc
Book lịch cho cả Dũng vào họp để nghe ổng feedback luôn nhé,Lên lịch họp
trưa nay team mình set kèo đi ăn chung để bonding luôn nha mấy đứa,Lên lịch họp
hr báo c chốt danh sách nv nhận quà trung thu phòng mình trc 12h trưa mai nhe Lệ,Tạo nhắc nhở
Vinh lập file báo cáo đo lường chi phí tuyển dụng (cost per hire) của từng nguồn CV,Soạn báo cáo
Mng lên lịch gọi điện đàm phán giá cả với đối tác và chốt deadline triển khai dự án nha.,Lên lịch họp
tui vừa gửi email đính kèm bản draft đầu tiên của bộ thông số đồ họa cho team rồi nha,Gửi/Trả lời email
nhắc mn hnay là deadline nộp giấy tờ hoàn ứng thẻ tín dụng r nhé,Tạo nhắc nhở
anh Bảo ơi sau ba ngày đàm phán thì bên cho thuê mặt bằng đã đồng ý giảm giá thuê kho bãi xuống năm phần trăm so với mức giá ban đầu rồi anh ạ. các điều khoản về bảo vệ an ninh và phòng cháy chữa cháy em cũng đã thêm đầy đủ vào văn bản rồi. anh kiểm tra lại một lần nữa rồi phê duyệt hợp đồng thuê nhà xưởng để chiều nay em hẹn họ ký kết nhé.,Phê duyệt
Ân book phòng họp để team mình làm lễ chia tay bạn Minh nghỉ việc chiều t6 nhe.,Lên lịch họp
Sơn gửi cho Vy mấy cái data sheet có đầy đủ thông tin r nhe mọi người lấy về nghiên cứu kĩ để mốt còn đem đi present cho khách hàng,Giao việc
soạn cái báo cáo giải trình chênh lệch chi phí book KOL so với ngân sách dự kiến nhe,Soạn báo cáo
Nhi tổng hợp file báo cáo chi phí vận tải tháng rồi rùi gửi kế toán,Soạn báo cáo
m gọi ổng bảo a Tuấn rep mà ch nghe lại đó,Giao việc
Anh Hùng thiết lập xong dữ liệu test sớm r báo lại để team chạy nha,Giao việc
Trực làm báo cáo so sánh tỉ trọng chi phí vận tải trên tổng doanh thu của Q1 nhe,Soạn báo cáo
Tín approve cái proposal tổ chức event ra mắt của bên agency abc nhe,Phê duyệt
Sơn kiểm tra hòm mail rồi báo ngay vs phòng kinh doanh xác nhận cái form trên web để mai còn demo cho khách nha k là chết dở,Giao việc
Anh em dời cái khóa training đó sang 29 nha vì đầu tháng bận quá,Tạo nhắc nhở
Tuấn gọi thợ điện lạnh qua sửa cái máy lạnh phòng họp 2 trc cuối ngày k sếp nóng sếp chửi r,Tạo nhắc nhở
Oanh gửi mail cái draft bài PR tuần sau cho c duyệt trc khi post nha e,Gửi/Trả lời email
Thái review rùi approve cái PR refactor đống code cũ hqua nha,Phê duyệt
Xuân làm báo cáo tỉ lệ pass phỏng vấn của các nguồn tuyển dụng Q3 đi,Soạn báo cáo
Tú nhờ thư ký book lịch họp hội đồng quản trị định kỳ vào mùng 5 tháng sau.,Lên lịch họp
Hưng gửi thư yêu cầu hoàn ứng đính kèm toàn bộ hóa đơn đỏ cho phòng tài chính,Gửi/Trả lời email
làm bảng dự toán ngân sách thay mới laptop và màn hình cho nhân viên trong quý 3 giùm,Soạn báo cáo
Lãm note lại rùi làm cái biên bản cuộc họp đánh giá năng lực nhân sự quý 3 đi,Soạn báo cáo
Vy liên hệ chị Kathy xem bả rảnh lúc nào thì book lịch họp online giùm a nha do a Sơn đi công tác nên bả sẽ thay a ấy chốt design,Lên lịch họp
Lộc vô duyệt mấy cái biến thể A/B testing cho nút call-to-action trên web nhe,Phê duyệt
c Thái duyệt cái form đánh giá thử việc của bé intern mkt nha,Phê duyệt
Đăng duyệt cái ticket jira yêu cầu tạo môi trường staging mới nhe,Phê duyệt
Ngọc vô hệ thống duyệt đơn nghỉ phép của team trc eod nha,Tạo nhắc nhở
em reply email báo khách là hệ thống không hỗ trợ account demo và đề xuất phương án khác giúp anh,Gửi/Trả lời email
Ngọc gọi chành xe book xe tải 2 tấn chở hàng xuống cần thơ trc sáng mai,Tạo nhắc nhở
Minh review bản kế hoạch phân tích đối thủ đối tác thiết bị và xác nhận hướng đi đúng chưa nhé,Phê duyệt
Sếp Tuấn giao a Hùng vs c Linh lên plan tổ chức tiệc trao giải sales năm nay r list danh sách các hạng mục cần trao nhe,Lên lịch họp
Vì anh Tùng thấy phần mềm đánh dấu chưa cần thiết nên chị Trang chốt trước mắt chỉ mua một phần mềm đồ họa thôi,Phê duyệt
anh Đạt đồng ý với hướng đi này và gợi ý một số tiêu chí đo lường cụ thể để xác thực dữ liệu từ đó xây dựng mốc chuẩn cho dự án,Lên lịch họp
Sau khi xem anh Lâm yêu cầu bổ sung thêm thông tin dự báo vì bản gốc bị thiếu,Soạn báo cáo
a Tuấn fwd báo cáo lỗi này cho team R&D fix gấp giùm e nha chứ h e test thử thấy bị đánh chặn r tạo link giả mạo đc luôn á,Giao việc
chị Thảo ơi chiều nay trường mầm non của con gái em có tổ chức buổi họp phụ huynh cuối năm học nên em không thể ở lại làm việc đến năm rưỡi được. các phần việc trong ngày em đã bàn giao lại cho bạn cùng tổ rồi ạ. chị vào hệ thống nhân sự phê duyệt đơn xin về sớm cho em để chiều nay em đi đón bé nhà em nhé chị.,Phê duyệt
Huỳnh check log r fix quả memory leak trên app trc thứ 4 m nhe,Tạo nhắc nhở
sếp soạn giùm em cái báo cáo tóm tắt tình hình hợp tác với ngân hàng Trustmark.,Soạn báo cáo
chị Tường gửi cho e cái link google sheet quản lý kpi năm nay qua mail ạ,Gửi/Trả lời email
Yến vẽ cái phễu báo cáo xem ứng viên rớt nhiều nhất ở vòng phỏng vấn nào Q3,Soạn báo cáo
Quang confirm chính sách tích điểm mới cho hội viên khách hàng thân thiết,Phê duyệt
tks nha đổi xog thì rà lại 1 lượt xem còn update nào bên mục khóa học k,Giao việc
Lan đếm lại lô hàng mỹ phẩm hàn quốc coi dư thiếu nhiu báo c trc thứ 5 nhen,Tạo nhắc nhở
Lan gửi email đính kèm danh sách ngân sách năm nay cho các trưởng phòng giúp anh,Gửi/Trả lời email
Khang gửi cái template NDA qua mail cho mấy ae sale xài đi m,Gửi/Trả lời email
hùng confirm lại thời gian release bản patch vá lỗi tối nay cho ae,Phê duyệt
Hẹn 3 công ty du lịch qua văn phòng trình bày báo giá tour company trip vào thứ 5.,Lên lịch họp
Set lịch sync up với team sale HN về target quý 4 vào đầu giờ sáng mai giùm.,Lên lịch họp
Cúc confirm cái mức hoa hồng % trả cho tiktoker chạy affiliate chiến dịch tới,Phê duyệt
Cứ gửi thẳng mấy cái điều khoản này cho đối tác đi sếp ơi,Gửi/Trả lời email
trang confirm lịch dọn vệ sinh xịt côn trùng văn phòng cuối tuần này nhe,Phê duyệt
chị Lan nhấn mạnh với anh Cường và chị Yến rằng vấn đề cô quan tâm nhất hiện nay là ai sẽ đứng ra dẫn dắt dự án này đi đến thành công,Lên lịch họp
Châu approve dùm em mấy cái testcase của tính năng login mới nha,Phê duyệt
nhờ c Lan support cái vụ demo đi a bận r,Giao việc
Tuấn check lại với Robert xem tài liệu thuyết trình đã gửi đúng bản chưa,Giao việc
Vy hẹn team design bên agency 3h chiều t4 qua cty mình họp chốt lại mấy cái mockup nha e,Lên lịch họp
Anh em nhớ rà soát kỹ 2 cái critical bug này trước khi release nhé,Tạo nhắc nhở
Team chưa chuẩn bị xong data nên chị dời lịch họp sang thứ sáu tuần sau giúp em với ạ,Lên lịch họp
Hùng gom data viết bc tổng kết phase 1 dự án đi,Soạn báo cáo
e thống kê tương tác r làm bc performance fanpage tuần nha Giao,Soạn báo cáo
Nhung viết cái report tóm tắt buổi present hnay nhé,Soạn báo cáo
A Tuấn nhắc xử lý khéo khoản thưởng của a Sơn để c Bích không biết chuyện nhe,Phê duyệt
mai 10h sáng Nam chốt list vendor gửi group nhé,Tạo nhắc nhở
Tòng viết report đánh giá mức độ sử dụng tính năng giỏ hàng mới của user nha,Soạn báo cáo
Ý tạo link meet họp team SEO lên kế hoạch đi backlink quý tới vào 2h chiều nay nha.,Lên lịch họp
sếp Phát duyệt uỷ nhiệm chi tiền điện văn phòng tháng 5 giúp em ạ,Phê duyệt
"em Thảo nhắn hỏi anh Duy xem chiều mai có thể họp lúc 2h k, mình cần đồng bộ về dự án sàn giao dịch",Lên lịch họp
Phong approve kết quả pen-test của app để bên security đóng ticket,Phê duyệt
Tân nộp bill hoàn ứng tiền đi công tác trc t6 tuần này đi ông,Tạo nhắc nhở
Anh Thành muốn tổ chức đào tạo trực tiếp trong hai tuần thay vì học qua điện thoại do lo ngại về sự chênh lệch múi giờ giữa hai bên,Lên lịch họp
Thủy viết xong bài pr gửi báo trc thứ 4 tuần này,Tạo nhắc nhở
Toàn lên lịch họp team kho bãi với team vận chuyển để thống nhất quy trình giao hàng trong tuần.,Lên lịch họp
đoan xuất file báo cáo campaign ads hôm qua ra pdf rồi email cho t,Gửi/Trả lời email
Anh Giang check lại hệ thống rồi duyệt gấp giùm em cái hợp đồng thuê văn phòng mới để kịp gửi cho bên môi giới chốt cọc nha,Phê duyệt
Nhật viết báo cáo đánh giá năng lực thử việc của bạn content mới nhe,Soạn báo cáo
ae confirm thể lệ chơi mini game cho buổi livestream tối thứ 6 trên tiktok,Phê duyệt
chị Lan đã biên soạn toàn bộ thông tin phân quyền vào một tài liệu chính sách giá chuẩn để dễ tham chiếu chứ quy trình hiện tại bất cập,Soạn báo cáo
gửi lại thư điện tử bản sao kê thẻ tín dụng doanh nghiệp tháng rồi cho chị,Gửi/Trả lời email
m ưu tiên nguồn lực đẩy nhanh cái deal với bên Viettel đi,Giao việc
nhờ mấy đứa qua hỗ trợ bạn Vy cái lỗi Emulator nha vì nãy e gọi điện hỏi mà bả chưa biết fix sao á để t rảnh t qua phụ luôn,Giao việc
tí đi làm m ghé lấy mấy món đồ điện tử cho phòng mkt luôn nhe,Giao việc
Tạo event trên calendar cho buổi workshop quản lý tài chính cá nhân chiều thứ 6.,Lên lịch họp
Khoa ơi nãy tao check thấy server load đang bị cao vl. mày vào monitor xem có query nào bị chậm ko. tao sợ nó sập thì ăn cám. m nhớ backup database lại trc 12h đêm nay cho chắc cú r tính tiếp,Tạo nhắc nhở
cty hết thẻ bản quyền r nên a Tuấn cứ theo hướng dẫn chi tiết của a Sơn để cài đặt phiên bản miễn phí lên toàn bộ hệ thống máy chủ đi,Giao việc
nhắn bên Ấn r nhắc họ vụ này gấp đi Sơn,Giao việc
Yến vô amish xin duyệt mức chiết khấu 15% cho npp trc trưa mai giùm a,Tạo nhắc nhở
Lương đk thẻ khách cho đối tác hnay xuống vp trc 9h sáng mai nha,Tạo nhắc nhở
Anh Sơn xác định lại khung thời gian r báo cáo chi tiết để e biết đường update cho khách America West xem họ có chịu k nha,Giao việc
Quế sắp xếp cho a một buổi cà phê với headhunter bên Navigos chiều thứ 4 nhe.,Lên lịch họp
Anh em nào check qua mấy cái bug trong báo cáo thì gửi mã bug cho t nha,Giao việc
A Dũng update giúp e mấy cái version phần mềm khách đang dùng vs,Giao việc
a Khải trc khi về nhớ ghi bc giao ca tối nha,Soạn báo cáo
An e lượn 1 vòng fb vs tiktok coi dạo này bên Vin nó mới ra dòng sữa hạt mới bao bì ntn r giá cả ra sao nghen e. t thấy khách mình bắt đầu bỏ m sang mua bên đó r á do nó đang km mua 1 tặng 1. e lập 1 cái báo cáo phân tích đối thủ chi tiết mảng này để team mình tính bài counter nha,Soạn báo cáo
Lên lịch họp 1-1 với từng nhân viên phòng CSKH để đánh giá năng lực cuối năm trong tuần này.,Lên lịch họp
trúc tổng hợp báo cáo danh sách lỗi phát sinh trong đợt test UAT phần mềm hqua,Soạn báo cáo
Ngọc duyệt chọn nhà cung cấp bao bì mới trong hôm nay nha,Phê duyệt
Yến list size áo đồng phục của nhân viên mới r chốt số lượng gửi xưởng may trc ngày mai nhen,Tạo nhắc nhở
chị gửi list mấy hạng mục cần check r đó,Gửi/Trả lời email
Đào sắp xếp một buổi exit interview với bạn design mới xin nghỉ vào cuối ngày mai.,Lên lịch họp
em Lan xem qua và approve bản salary plan cho nhân sự tháng 11 giúp chị vs,Phê duyệt
cả nhóm đang thảo luận sôi nổi xem nên điều chỉnh văn phong như thế nào cho phù hợp và làm sao để đẩy nhanh quy trình kiểm duyệt nhằm phát hành bài viết sớm nhất có thể,Lên lịch họp
Quế chốt cái ngoại lệ bảo hành cho khách VIP bên quận 1 để cskh báo khách,Phê duyệt
Quân viết document đánh giá hiệu suất làm việc của team remote trong Q2 trình sếp,Soạn báo cáo
Tú gửi mail agenda cho 11 người trong team r nha,Gửi/Trả lời email
M gửi lại toàn bộ mấy file html tĩnh qua cho a Tuấn bên ops đi vì site trên production đang chạy chậm quá trời k load nổi hình ảnh kìa,Giao việc
a Dũng check lại mấy cái file trong bản release đợt này nha,Giao việc
Tuấn lên plan migrate cái db sang con server mới r review vs a trc cuối tuần để cn này làm luôn,Tạo nhắc nhở
Hà m coi build cái hotfix lỗi thanh toán hqa push mẹ lên prod trc eod hnay luôn đi,Tạo nhắc nhở
My gửi draft hợp đồng cho team pháp chế check trc t4 tuần này nha,Tạo nhắc nhở
Trực lập báo cáo dự phóng chi phí scale server aws cho mùa peak sale sắp tới,Soạn báo cáo
em book lịch ăn trưa thứ 6 với anh Dũng để bàn vụ host cái web công ty nha,Lên lịch họp
Bảo vô duyệt cái claim tiền taxi đi công tác tháng trước của t với,Phê duyệt
Hương set lịch hẹn gặp khách VIP bên q7 chiều t5 lúc 2h để kí hđđt dùm c,Lên lịch họp
Tân làm file báo cáo đối chiếu số dư sổ quỹ với sao kê ngân hàng đi,Soạn báo cáo
Hay anh em mình xài WebEx để họp online cho tiện,Lên lịch họp
Phương em kiểm tra lại sổ danh bạ khách hàng tiềm năng mà hôm đi tham gia triển lãm mình thu thập được nhé. hôm qua anh gọi thử vài số thì toàn báo sai số điện thoại với nhầm người thôi. em gọi điện thoại xác minh lại từng người rồi cập nhật danh sách liên lạc khách hàng lên hệ thống trước cuối ngày hôm nay để ngày mai phân bổ cho nhân viên gọi điện nhé.,Tạo nhắc nhở
Hoa tổng hợp số liệu làm báo cáo tình hình sử dụng hóa đơn tháng 8,Soạn báo cáo
sếp Trọng bên npp Vũng Tàu nó đòi gặp mặt offline thì nó mới chịu kí cái hđ ôm lô hàng 3 tỷ sếp ạ. deal này ngon mỡ mình k bỏ đc. e lên lịch t6 này chạy xe xuống đó tiếp khách cmnl. sếp vô hệ thống duyệt lịch công tác vũng tàu cho team sale e đi quẩy nha sếp,Phê duyệt
bạn tạo nhắc nhở dời lịch các cuộc họp dự án sang đầu tuần thứ hai và thứ ba nha,Tạo nhắc nhở
Anh Cường chỉ đạo nhóm tạo một báo cáo chứa danh sách toàn bộ thông tin khách hàng nhằm tạo đà hợp tác tốt hơn với đối tác trong tương lai,Soạn báo cáo
Thắng approve đề xuất mua license Jira cho team project trong sáng nay nha,Phê duyệt
Duy chốt cái dresscode đi gala dinner đợt company trip rùi thông báo mng,Phê duyệt
Minh vô jira update status mấy cái task sprint này sang done trc eod m nhé,Tạo nhắc nhở
Nhung gửi file test case UAT qua email cho khách verify ngay nha e,Gửi/Trả lời email
Vĩnh đi thu sổ bhxh của mấy b nv mới vô đợt r nộp lại hr trc ngày 15 nghen,Tạo nhắc nhở
Hân làm báo cáo đề xuất phương án redesign UI/UX cho app bản mới,Soạn báo cáo
Hà check dms coi cái mã đơn của chị Thủy q7 là đứa nào giao mà bể nát li rượu vang của ngta r. khách đang quậy um sùm trên fb kìa e. e điều phối giao đền ngay 1 bộ khác trc 4h chiều nay xong xl ngta dùm c,Tạo nhắc nhở
chị Hương draft cái plan cung cấp dịch vụ cho khách mới nhé,Soạn báo cáo
ae confirm lại chính xác cái thời điểm cần rollback database để t thực hiện luôn nha,Phê duyệt
Hữu đọc rùi approve cái bộ tài liệu hướng dẫn dùng internal API cho team mobile,Phê duyệt
Lan qua xưởng in xem bản proof rùi chốt màu in cuốn catalogue nhe,Phê duyệt
chị book lịch họp vào thứ Hai hoặc thứ Ba tuần sau do sếp đi vắng đến thứ Sáu mới về,Lên lịch họp
Gửi thông tin cái khóa training tháng 1 qua cho mng nha em,Gửi/Trả lời email
Check lại xem do lỗi tool hay là tại cái source code bị sai logic vậy Thành,Giao việc
Anh Tuấn nhấn mạnh lại là trong tệp cấu hình chỉ cần duy nhất một keystore để chứa cả hai chứng chỉ bảo mật r khuyên a Hùng xài công cụ mã khóa,Giao việc
"Minh ơi chiều nay đặt phòng họp tầng 3 lúc 3h cho nhóm vs, có cả bên đối tác công nghệ tham dự nha",Lên lịch họp
mọi người note lại chiều nay gọi cho sếp Tùng để báo cáo tiến độ nha,Tạo nhắc nhở
"chị Hương ơi chuyển tiếp email xác nhận lịch họp cho toàn nhóm nhé, ai không nhận thì nhắn tin lại",Gửi/Trả lời email
tạo reminder để anh set up cái tool auto update file mỗi ngày,Tạo nhắc nhở
book lịch họp chốt nội dung vs sếp Nam lúc 12h trưa thứ năm nhe e,Lên lịch họp
Thảo chốt lại bộ tiêu chuẩn kiểm tra chất lượng hàng nhập kho đi,Phê duyệt
Đạt reply mail đính kèm cái file config server cho team IT deploy nhé,Gửi/Trả lời email
Linh review mấy cái cv bên hr mới pass sang trong hnay luôn e nhé,Tạo nhắc nhở
Mọi người book lịch qua showroom mới kiểm tra tiến độ set up quầy kệ trưa thứ 6 nhé.,Lên lịch họp
Phong làm báo cáo đánh giá bảo mật hệ thống tháng này nhé,Soạn báo cáo
Thảo soạn thông báo lịch nghỉ lễ 30/4 mùng 1/5 dán lên bảng tin r up lên group cty trc t5 nha e,Tạo nhắc nhở
Team mình nên phát triển tính năng tạo app di động từ đầu nha,Soạn báo cáo
gửi cho a cái mail báo nghỉ phép nửa tháng cho toàn bộ nhân viên nhe để 15 tới 30 tháng 3 tụi nó tự quản lý task mà k ảnh hưởng tiến độ,Gửi/Trả lời email
A Hoàng hỏi a Tuấn xem có tích hợp thêm tính năng cá nhân hóa vô hệ thống đc k nha,Giao việc
Nhã làm r gửi file uat test case trc trưa t5 để sếp coi nha,Tạo nhắc nhở
Book lịch làm việc với agency để duyệt plan đi backlink SEO quý 4 trưa mai.,Lên lịch họp
Tiến vô hệ thống duyệt đơn hoàn tiền cho khách bị lỗi sp,Phê duyệt
Phước chốt cái tài liệu mô tả tích hợp api rùi gửi cho bên đối tác kĩ thuật,Phê duyệt
nhóm dự án đang bàn bạc việc liên hệ với các đối tác gia công bên ngoài đã có kinh nghiệm để tìm hiểu cách thức vận hành,Lên lịch họp
Khoa sắp xếp call với nhóm Nhật Bản về bản i-mode tiếng Nhật vào thứ 4 8h sáng,Lên lịch họp
Vượng đính kèm bảng lương excel vô mail gửi từng bạn nhân viên nhé,Gửi/Trả lời email
Quân lấy số liệu làm bc conversion rate hnay cho t đi,Soạn báo cáo
Kiệt lập bảng thống kê tỉ lệ thực tập sinh kí hợp đồng chính thức năm nay,Soạn báo cáo
"Phúc check lại với Quân xem lỗi phần mềm 4872 đã close chưa, hôm qua kiểm tra lại rồi mà",Giao việc
chị Loan kiểm tra hòm thư lấy tệp tin danh sách cổ đông chốt quyền chia cổ tức nhé,Gửi/Trả lời email
Ân tổng hợp báo cáo các chỉ số tương tác trên fanpage và tiktok tuần này,Soạn báo cáo
Tuấn test hộ a cái app trên máy m qua db với file xem sao nha,Giao việc
Duy ơi follow up với đối tác công nghệ xem họ có put tên mình vào press release k,Giao việc
Long ra sau kho bóc 5 bộ sample kit vô thùng carton cbi gửi bưu điện trc 3h e nhé,Tạo nhắc nhở
các công việc cần xử lý bao gồm tối ưu trình soạn thảo màn hình và hệ thống quản lý dữ liệu,Lên lịch họp
mấy đứa ngó qua xem cái mẫu quảng cáo bên a thiết kế ổn chưa nhe,Giao việc
Sơn gửi cho chị quản lý mấy cái file ppt vs tài liệu thêm nha r e hỏi lại bả xem cần cái gì chi tiết nữa k để e soạn một thể luôn,Giao việc
Nam làm bản phân tích kỹ thuật về chi phí implement iMode 3.0 gửi cho Phúc nhé,Soạn báo cáo
Châu tổng hợp lịch ot ae dev r soạn bc gửi hr chốt tháng,Soạn báo cáo
Chương kiểm tra rùi duyệt bản nháp tờ khai thuế môn bài năm nay nhé,Phê duyệt
Anh Hoàng báo bài test robot thành công nhưng bài test so sánh mã AML bị lỗi nhe,Phê duyệt
chị Lan ơi viết bản customer use-case cho dự án đối tác thiết bị rồi gửi Rộng review nhé,Soạn báo cáo
chị Thúy share link figma prototype cho khách qua mail giùm e,Gửi/Trả lời email
định forward mail từ chối hợp tác của đối tác cho sếp xem nha,Gửi/Trả lời email
Chị tạo reminder chuẩn bị sẵn một cái điện thoại nội bộ cho nhân viên từ chi nhánh khác tới mượn nha,Tạo nhắc nhở
Anh hướng dẫn em cách xóa file trên đó với vì không thấy có nút delete,Giao việc
Hải hẹn lịch sếp qua chi nhánh 2 kí phụ lục hợp đồng với bên thi công chiều mai.,Lên lịch họp
T có đính kèm cái template timesheet mới nên m cập nhật lại rồi gửi sếp nha,Soạn báo cáo
mẫn duyệt cái báo cáo hiệu quả SEO tháng rồi của bên agency rùi báo kế toán ck,Phê duyệt
Hằng xuất kq camp mail hqua làm cái bc nho nhỏ vô group nha,Soạn báo cáo
a Hùng chốt lịch hẹn đi ăn trưa tuần tới vs c Trúc để trao đổi kỹ hơn về mấy cái hình ảnh giao diện công cụ quản trị r nên e k cần gửi file nữa,Lên lịch họp
Nam tổng hợp lại thông tin của cái anh ứng viên người Brazil đó đưa c nha,Soạn báo cáo
Uy gửi mail file cad bản vẽ mặt bằng tầng 2 cho bên thi công chốt lại,Gửi/Trả lời email
Duy hỏi Nghĩa xem đã tìm được hộp KVM 8 cổng cho Wilham chưa,Giao việc
Thêm luôn lịch họp nhóm vào thứ 6 nha sếp,Lên lịch họp
Tiến duyệt cái yêu cầu chiết khấu trên crm trc 2h chiều để sale chốt bill nhe,Tạo nhắc nhở
Mục tiêu của cuộc họp là thu thập thêm thông tin về dự án và giải pháp công nghệ trước khi chính thức chốt bản báo cáo gửi sếp Phát,Soạn báo cáo
Book phòng lớn để nghe 3 agency pitching campaign mùa hè nguyên ngày t3 đi.,Lên lịch họp
Book phòng kính chiều nay 3h để team design handoff file figma cho dev nha.,Lên lịch họp
chị rep mail báo cho bà Lan là anh gửi thông tin cho Intuit rồi,Gửi/Trả lời email
A Sơn ổng dặn mn là để ý kỹ cái KBC nhe do tụi nó đang xài dịch vụ phi giao dịch qua Portal to Go r m rảnh thì bảo tụi nó check,Tạo nhắc nhở
sếp cf lại cái thời gian timeout của API này là 30s đúng không để em cấu hình,Phê duyệt
Lệ update số dư r nộp file excel dòng tiền tuần trc eod t3 nhe,Tạo nhắc nhở
E k biết add khách hàng mới vô list nên a Sơn support e nha,Giao việc
"nhắc Minh upload code lên kho mã nguồn trước cuối ngày hôm nay hôm nay nhé, Tuấn đã approve rồi",Tạo nhắc nhở
Cảnh vẽ cái báo cáo sơ đồ mật độ phân bố các cửa hàng nhượng quyền khu vực phía nam,Soạn báo cáo
Tuệ duyệt bản demo phần mềm quản lý nhân sự mới để triển khai cho cty nha,Phê duyệt
c Bích fwd mail yêu cầu cấp đường dẫn url để chạy thử mã lệnh trên máy trạm r nhờ c Châu chuyển tiếp thông tin đó cho a Hải xử lý nha,Gửi/Trả lời email
không tìm dc mail đâu ổng gửi lại contact qua mail khác r đó,Gửi/Trả lời email
a Dũng soạn xong cái file document hướng dẫn thực hành trước tuần sau nhe,Giao việc
Kiều xem rùi approve bản update nội quy sử dụng email công ty,Phê duyệt
M hỏi a Minh coi cái lỗi timing nó nằm khúc nào r nha để ổng rảnh ổng giải thích thêm vụ gọi điện cho mấy cái adapter đó nhe,Giao việc
c Hương check file claim hqa mấy đơn khách tt lỗi tiền k vô r tạo lệnh refund lại trc 3h chiều nay nhé,Tạo nhắc nhở
Đào set meeting với team finance review báo cáo P&L quý 1 sáng mai giùm c.,Lên lịch họp
Dung ơi email cái file thiết kế banner cho bên in ấn trc 4h chiều nay,Gửi/Trả lời email
Thu email cho sale cái file pdf bảng cước vận chuyển mới nhất nhé,Gửi/Trả lời email
lên lịch gặp quản lý của KOL X để đàm phán hợp đồng đại sứ thương hiệu chiều t6.,Lên lịch họp
A Hùng check r note lại vị trí mấy cái thuộc tính của adapter vô file nhe để a Minh biết đường mà ẩn hiện giao diện cho chuẩn theo yêu cầu khách,Giao việc
Linh ơi forward t cái link google drive chứa folder design app,Gửi/Trả lời email
nhật chốt danh sách nv xuất sắc quý 3 để hành chính đi làm bằng khen,Phê duyệt
Ngọc xem qua cái quy định làm việc remote rùi chốt cho phòng nhân sự ban hành,Phê duyệt
Khang vô approve request cấp API token cho bên đối tác giùm t,Phê duyệt
để thúc đẩy hoạt động kinh doanh công ty cần một thuật toán mới để gửi cảnh báo tới khách hàng,Lên lịch họp
Sếp cung cấp thêm mấy cái yêu cầu cụ thể của dự án để bên em lên báo giá,Giao việc
anh Lâm thông báo cho nhóm về sự thay đổi quan trọng trong cách thức liên lạc với nhân sự nội bộ của phía đối tác thương mại,Lên lịch họp
note lại lịch là sếp bay chuyến chiều nay nên không họp được đâu,Tạo nhắc nhở
Bảo Long gửi mấy cái file static qua đây vì web đang tải chậm quá,Giao việc
Đăng check mail xem nhận đc file raw video tiktok chưa e,Gửi/Trả lời email
a Ngôn duyệt đơn xin vay vốn công ty của bạn kho bãi theo quy chế mới ạ,Phê duyệt
Trinh chốt cái hệ thống tính điểm cho chương trình khách hàng thân thiết đi,Phê duyệt
task demo app đổi sang cho Khoa handle nhé,Giao việc
Anh check lại coi cái lỗi này có phải do bản update mới nhất gây ra không,Giao việc
anh em phòng admin kiểm tra lại số lượng thiết bị văn phòng bị thất lạc đợt vừa rồi giúp mình,Giao việc
C Lan nhắn sẽ qua chỗ a Hùng liền để trao đổi trực tiếp nhe,Lên lịch họp
Vy chuẩn bị trước mấy cái tài liệu dự án Carey nha để chiều nay a vs sếp vô họp chốt luôn scope công việc với bên đối tác,Giao việc
c rep mail từ chối khéo vì gia đình bận đi du lịch r nha e,Gửi/Trả lời email
Vy nháp thử cho a cái tài liệu hướng dẫn cài đặt app nội bộ nha viết ngắn gọn thôi để mấy bạn sale k rành công nghệ cũng tự làm đc,Soạn báo cáo
C Vy nhắc a Tuấn là người phụ trách việc cung cấp nội dung này nhe,Giao việc
Ban giám đốc đã phê duyệt mức ngân sách 200 củ cho event cuối năm r mng tự do lên idea làm sao cho hoành tráng nhất có thể nhe,Phê duyệt
Phúc t thấy dạo này bọn call center nó nã điện thoại theo cái data mkt nhả về phàn nàn quá trời m ơi. tụi nó kêu KH toàn nói tiếng cam vs số k có thực thui. m vô check tỉ lệ chốt đơn r lên cái báo cáo chất lượng lead từ telesale để mai đi họp ban t đập vô mặt thằng giám đốc mkt nha,Soạn báo cáo
Long tháng này phòng hành chính chưa mua bổ sung bút viết với giấy in cho các phòng ban đâu em nhé. Hôm qua mấy bạn bên bộ phận thiết kế sang xin giấy nháp mà trong tủ hết sạch không còn tờ nào luôn. Em tập hợp danh sách nhu cầu của mọi người rồi đặt mua vật dụng văn phòng phẩm trước ngày thứ tư tuần này để họ giao hàng kịp thời nha,Tạo nhắc nhở
chị Lan ơi viết bản hướng dẫn tính năng sản phẩm để dùng làm tài liệu chuẩn nhé,Soạn báo cáo
xuất data làm report so sánh số lượng cài đặt mới và số lượng gỡ app tuần này nha mng,Soạn báo cáo
A Tuấn rà soát lại cái link demo r gửi lẹ cho khách hàng nhe nhớ update luôn cái phần thanh toán trước khi team mình tiến hành mấy bước tiếp theo,Giao việc
Lan fwd email bả rep trong group nha bả sẽ liên hệ r hứa gặp BioGen đó,Gửi/Trả lời email
c Giao duyệt cái biên bản thanh lý hợp đồng với bên PR agency giùm e,Phê duyệt
nhắc Bảo mai có lịch hẹn gặp lúc 2h chiều,Tạo nhắc nhở
gửi mail link brand guideline cho bên production house đi Vũ ơi,Gửi/Trả lời email
Hoài email cái slide pitch deck cho mấy quỹ đầu tư xem trc buổi meeting,Gửi/Trả lời email
Trung dọn dẹp lại mấy cái thư mục rác trên con server test nha,Giao việc
Tuấn check lại cái file hợp đồng đồng tài trợ rồi đính kèm lại giùm a vì cái mail ban nãy gửi nhầm địa chỉ nên nó bị dội lại mất r,Giao việc
Nhi ơi check mail lấy file hợp đồng mướn văn phòng e mới scan,Gửi/Trả lời email
nãy em đi training nên miss chị Thảo rep email yêu cầu đính kèm lại CV nhé,Gửi/Trả lời email
a Bảo kiểm tra rùi duyệt bộ hồ sơ thông quan lô hàng linh kiện điện tử,Phê duyệt
Em list ra mấy cái tên cho campaign branding đợt tới gửi anh,Soạn báo cáo
m set up cái deadline hoàn thành việc nâng cấp hệ thống vào tuần sau nghen,Tạo nhắc nhở
Trang finish nốt mấy cái slide pitching camp mới trc sáng mai t qua bốc đi gặp khách,Tạo nhắc nhở
Quốc confirm bảng phân bổ POSM cho các đại lý miền tây đi a,Phê duyệt
tuấn duyệt cái wireframe màn hình setting mới cho team UI nha,Phê duyệt
Tối nay team mình set cái kèo đi nhậu coi đá bóng luôn không anh em,Lên lịch họp
Đức submit form đánh giá thử việc trc thứ 3 tuần sau đi,Tạo nhắc nhở
hỏi ông Khoa gấp cái update kết quả test bug bữa h s r m,Giao việc
Duy duyệt chi phí mua cái bình nước cho phòng họp nha,Phê duyệt
E liên hệ với sếp Hùng xin dời cái lịch hẹn lúc 11h sang 1h15 chiều nha do sáng e bận kẹt họp với bên design r,Giao việc
A Tuấn xem lại kĩ cái lỗi đó nha r nhờ a Sơn quay lại màn hình r gửi qua cho a để a phân tích thử xem nó bị dính chỗ nào,Giao việc
Phương Anh xin bản copy hướng dẫn cài đặt thư thoại để đưa cho mấy bạn nhân sự mới nha,Giao việc
Nghi làm cái báo cáo kết quả A/B testing tốc độ tải trang giữa 2 version giao diện,Soạn báo cáo
Đội ngũ công ty đang thảo luận cách phản hồi khiếu nại cho khách hàng tên là Quyên từ công ty đối tác,Lên lịch họp
Đôn tổng hợp file báo cáo tỉ lệ pass thử việc của các phòng ban Q3 nha,Soạn báo cáo
Anh Hùng tạo thêm một đường cơ sở mã nguồn mới đi vì a Minh báo là a ấy vừa thay đổi đoạn code gây ra lỗi hệ thống r,Giao việc
Bạn sang hỏi lại phòng nhân sự xem tiến độ tuyển dụng cho vị trí sale manager tháng này đã có CV nào pass vòng gửi xe chưa,Giao việc
Team mình đang đề xuất dời lịch training lùi lại hai tuần để tập trung chạy dự án r chờ bên đối tác chốt lại lịch học mới chậm nhất là vào ngày mai,Lên lịch họp
Book lịch đi khảo sát địa điểm tổ chức teambuilding ở Vũng Tàu cuối tuần này nha mng.,Lên lịch họp
em tìm được tên người phụ trách rồi nên chị em mình set lịch meeting bàn tiếp vụ này nha,Lên lịch họp
Hà xếp lịch tổng duyệt sự kiện ra mắt sản phẩm trước ngày chính thức 3 ngày nhé,Lên lịch họp
đừng quên attach changelog đầy đủ vào email ghi chú phiên bản gửi Hưng hôm nay nha,Tạo nhắc nhở
Duyệt cho em cái form yêu cầu cấp phát thiết bị với,Phê duyệt
A Hùng báo cáo kết quả test app demo Sun trên server Sun Netra nhe,Giao việc
e báo lại sếp hệ thống Upshot bị sập hoàn toàn r nên chắc dự án bên mình phải hoãn lại vài ngày đợi họ fix xong nha,Giao việc
Tú viết báo cáo đánh giá mức độ tối ưu diện tích lưu trữ của kho tổng hiện tại,Soạn báo cáo
Trúc duyệt danh sách phụ cấp cho thực tập sinh tháng rồi trên base giùm c,Phê duyệt
Mi xem kĩ cái bản render 3D gian hàng hội chợ rùi confirm để bên thầu vô sản xuất nhe,Phê duyệt
Book lịch họp team mkt chốt content calendar tháng sau vào 10h sáng thứ 4.,Lên lịch họp
chị Lan làm xong cái proposal cho vin r gửi em xem qua trc 9h sáng mai nha,Tạo nhắc nhở
Gửi mail thông tin liên hệ của anh Hải cho nhóm dự án nắm nha,Gửi/Trả lời email
Book phòng họp để đánh giá KPI quý của các nhà cung cấp bao bì lúc 3h chiều thứ 6.,Lên lịch họp
chị Lan rep mail gửi cho e xin cái file XML mẫu liên quan gấp nhe,Gửi/Trả lời email
chị Lan ơi đặt lịch họp với bên kế toán vào thứ 2 lúc 9h30 giúp em vs,Lên lịch họp
Bạn email hỏi thẳng phòng kinh doanh xin mấy cái quy định phối hợp với bên vendor đi nha,Gửi/Trả lời email
Đạt fix lại cái ui trang chủ theo feedback trc eod mai nha,Tạo nhắc nhở
Thảo đặt cái bánh kem sinh nhật đợt tháng 4 giao qua cty trc 3h chiều t6 nha e,Tạo nhắc nhở
Đạt take note r gõ biên bản họp weekly nay nhe,Soạn báo cáo
m vào check lại cái bug phần thanh toán t vừa tìm thấy lúc test app xem sao,Giao việc
E liên hệ vs ứng viên Truong để hẹn lịch phỏng vấn vòng 1 giùm a nhe dạo này team đang thiếu người trầm trọng quá k gánh nổi task,Giao việc
t mới fw cái mail hướng dẫn soạn tài liệu public cho khách hàng qua cho Hùng rồi đó,Gửi/Trả lời email
c Uyên tổng hợp file báo cáo giải ngân quỹ team building của tất cả phòng ban trong Q3,Soạn báo cáo
Việt viết cái thông cáo báo chí ra mắt sp mới t5 tuần sau t coi r t sửa 1 thể nhen,Tạo nhắc nhở
Ngọc ơi hôm qua anh giám đốc bên đối tác xây dựng có gọi điện yêu cầu công ty mình gửi lại bảng báo giá vật liệu thi công đã điều chỉnh mức chiết khấu đó em. hợp đồng này rất lớn nên mình không thể chậm trễ được đâu. em tính toán lại các con số rồi gửi tệp báo giá cho đối tác trước ba giờ chiều nay để họ kịp trình lên ban quản trị nhé.,Tạo nhắc nhở
Bình rà lại hsd mỹ phẩm r nộp bc kiểm kê trc cuối tháng đi,Tạo nhắc nhở
A gửi cho e tóm tắt mấy cái success story bên dự án Accenture để chiều nay e mang đi chém gió với khách mới lúc 3h chiều nhe Tuấn,Giao việc
Hương ping khách check mail nhận hoá đơn VAT nhé,Gửi/Trả lời email
Uyên tổng hợp báo cáo các nguyên nhân gây fail khi chạy CI/CD pipeline tuần này đi,Soạn báo cáo
c Lan fwd mail đính kèm cái file XML mẫu cho a Khánh ngay nha vì thiếu nó nên bản dự toán k thể chuyển đổi xong đc kìa c ơi,Gửi/Trả lời email
Chị Lan nhắc mn là hnay mng ở lại tới 5h nhe ai cần support gì thì hú chị do nay chạy deadline nên mng phải ở lại cày tới tối nha,Tạo nhắc nhở
quân fwd giấy tờ pháp lý qua mail cho a luật sư xem trc nhe m,Gửi/Trả lời email
tui vừa viết mail thông báo về cái lỗi của picklist mới cho team để mọi người né nha,Gửi/Trả lời email
Mai confirm cái tiêu đề bài PR lên báo tuổi trẻ trc 11h đi,Phê duyệt
Trang hnay xưởng sản xuất nó nhả 200 kiện hàng cần đóng đi Cần Thơ trong đêm r á e. kho bên mình h chật k có chỗ để qua đêm đâu. e gọi bên chành xe quen bảo ngta book 1 chiếc tải 5 tấn chạy qua kho mình lấy hàng trc 3h chiều nha e k tụi tài xế nó về mất,Tạo nhắc nhở
Nhớ chuẩn bị tài liệu báo cáo đầy đủ cho buổi họp nha,Tạo nhắc nhở
sếp Trung duyệt bản mockup thiết kế billboard ngoài trời trc cuộc họp,Phê duyệt
Quý làm bảng báo cáo tỉ lệ hoàn đơn hàng mua trên gian hàng tiktok shop tháng 8,Soạn báo cáo
anh Bảo vẫn khăng khăng đòi tăng số lượng nhóm luồng lên hai,Phê duyệt
A Tâm quyết định liên hệ vs lab đối tác để set lịch meeting thu thập thêm thông tin dự án trước khi chính thức chốt bản report gửi sếp Tiến nha,Lên lịch họp
Duy trả lời mail của Bình về điều khoản vesting hợp đồng cho Susan nhé,Gửi/Trả lời email
Giám đốc Hương ơi đợt vừa rồi bộ phận kỹ thuật phải thức trắng ba đêm liền để khôi phục lại dữ liệu máy chủ bị mất đó ạ. Các b đã ghi chép đầy đủ số giờ làm thêm vào phần mềm rồi. C xem qua danh sách và phê duyệt bảng chấm công làm thêm giờ cho tổ kỹ thuật để phòng kế toán kịp thời tính lương tháng này cho anh em nha chị.,Phê duyệt
Ngọc lên shopee đặt thêm 500 thùng carton size nhỏ giao hỏa tốc kho d2 trc t4 nha,Tạo nhắc nhở
cái lỗi kia không ảnh hưởng gì đâu nên em chuyển sang check mấy cái bug hiển thị giúp anh,Giao việc
chị Lan draft xong hợp đồng r a xem qua có cần chỉnh sửa gì ko,Soạn báo cáo
Gửi cái proposal qua tớ review trước khi gửi cho khách nhé,Giao việc
Minh hẹn lịch họp gấp với nhóm chiều nay để chốt lại mấy cái kết quả đầu ra nha e,Lên lịch họp
cuối tuần ae mình set cái lịch meeting online chốt cho xong sprint này,Lên lịch họp
Đạo làm file excel báo giá sỉ sp r gửi mail cho bên sthi coopmart trc 4h chiều nhe m,Tạo nhắc nhở
Mình set lịch họp vào chiều thứ sáu rảnh để support cho mấy đối tác ở châu Âu nha,Lên lịch họp
Thành gửi file brief pr cho bên agency trc 10h sáng mai nhe m,Tạo nhắc nhở
Trang set lịch daily meeting cho team content 9h sáng mai nha e,Lên lịch họp
Hà viết bản nháp email cảm ơn sau buổi họp hôm qua với đối tác công nghệ gửi cho cả nhóm nhé,Soạn báo cáo
e Vy dưới kho phân loại hàng rách thùng móp méo hqa đẩy ra 1 góc trc 5h chiều cho c,Tạo nhắc nhở
chị Vy duyệt đề xuất nhưng nhắc cty k nên quá kỳ vọng vô tiệc,Phê duyệt
Anh em note lại số điện thoại mới của tớ nhé,Tạo nhắc nhở
ae bên dev confirm cấu hình phần cứng cho con server staging để it tiến hành mua,Phê duyệt
vy forward cái request cấp script qua cho sếp Sơn duyệt gấp nha vì team dev đang cần chạy tool automation ngay trong sáng nay,Giao việc
Tuấn nhớ gửi tài liệu trình chiếu bootcamp cho Nam review trước buổi đào tạo thứ 2 nha,Tạo nhắc nhở
làm xong m hú ông Minh update lại vs đưa luôn cái kết quả kĩ thuật cho ổng,Giao việc
thứ 3 này set lịch call tầm 1 tiếng để review lại cái web vs t nha,Lên lịch họp
c Lan lên báo giá sơ bộ cho bên khách mới gửi nhé,Soạn báo cáo
em viết lại mấy cái mô tả khóa học để mai up lên web nhé,Soạn báo cáo
Hùng viết cái post-mortem vụ sập server hqua nguyên nhân đồ r share docs cho cả phòng trc t6 nha e,Tạo nhắc nhở
Tân xuất data viết báo cáo phân tích doanh số mua hàng theo từng độ tuổi khách hàng nha,Soạn báo cáo
m setup buổi meeting vs cto bên paytrust trong tuần này nha,Lên lịch họp
Sắp xếp lịch phỏng vấn vòng cuối cho 5 bạn ứng viên sale vào nguyên ngày thứ 6.,Lên lịch họp
Lan vs kho đếm lại hàng tồn đợt 1 nộp báo cáo cho c trc ngày 30 nhen,Tạo nhắc nhở
sắp xếp một buổi để team trade mkt bảo vệ ngân sách Q2 trước sếp tổng vào trưa t3.,Lên lịch họp
"a Khoa ơi vụ partnership với đối tác thiết bị ai đang phụ trách vậy, cần update gấp",Giao việc
Nam ơi xác nhận và sign hợp đồng dịch vụ hosting với đối tác trước cuối tuần nhé,Phê duyệt
Khải làm báo cáo audit các tuyến nội dung trên fanpage của đối thủ tháng này đi,Soạn báo cáo
Phú lập báo cáo công suất sử dụng diện tích kho bãi tháng này đi,Soạn báo cáo
Sơn dặn mọi người k chạy script lung tung trên cái tài khoản mới tạo nha,Giao việc
nhớ note lại cái lỗi hiển thị trên iOS để mai mình họp bàn cách fix nha,Tạo nhắc nhở
Châu lập bảng báo cáo tỉ lệ chuyển đổi từ MQL sang SQL trong tháng vừa rồi đi e,Soạn báo cáo
Tâm hoàn thiện bản draft p&l tháng r nộp sếp trc mùng 2 nhe,Tạo nhắc nhở
kim gửi mail danh sách kols tháng này cho sếp review trc thứ 6,Gửi/Trả lời email
nghe thử 3 file demo rùi confirm chọn bạn voice talent nào nha Hương,Phê duyệt
Phi confirm cái luồng tích hợp api với bên giao hàng đi e,Phê duyệt
đừng quên gửi bản hợp đồng cuối cho Scott và chị Linh xác nhận trước cuối ngày hôm nay nhé,Tạo nhắc nhở
bạn làm đề xuất mua thêm phần mềm quản lý công việc cho team design xài nha,Giao việc
chị Hương ơi đặt lịch review tài liệu đặc tả kỹ thuật với đội R&D vào sáng thứ 2 giúp em,Lên lịch họp
Sếp Hoàng duyệt gấp cái bản ghi nhớ thỏa thuận vs đối tác này đi vì họ đang muốn phát hành thông cáo báo chí vào đầu tháng tới r đó,Phê duyệt
Nhớ nhắc tui mang trả cái laptop cũ cho bộ phận IT.,Tạo nhắc nhở
Nhớ dặn team xài cái form chuẩn của tháng này nha k là mấy sếp bên nhân sự lại bắt bẻ vụ format rồi k duyệt cái đơn xin nghỉ phép của m đâu,Tạo nhắc nhở
"em Linh viết kịch bản kiểm thử cho ứng dụng cảm ứng giúp chị, gửi trước cuối ngày hôm nay thứ 4",Soạn báo cáo
team tài chính confirm lại vụ xin tăng hạn mức thẻ tín dụng doanh nghiệp đi,Phê duyệt
chị Thủy forward em cái mail chứng từ tạm ứng của team sale,Gửi/Trả lời email
Sếp Minh giao cho bả Lan đi liên hệ mấy ông gđ kinh doanh bên Sun r nha m rảnh thì phụ bả soạn cái mail r gửi cho tụi ổng nhe,Giao việc
Hai ông Tú với Long support bên đối tác cài đặt license nha,Giao việc
Trâm gửi bản scan nghị quyết hội đồng quản trị qua hòm thư cho các cổ đông,Gửi/Trả lời email
Thúy soạn document báo cáo kết quả tối ưu tốc độ tải trang web tháng vừa qua đi,Soạn báo cáo
Duy chuẩn bị tài liệu trình chiếu overview về giải pháp không dây cho buổi gặp đối tác đối tác công nghệ thứ 4,Soạn báo cáo
gửi cái mail hỏi lại bên team marketing xem tối nay ai định tham gia buổi họp lúc 7h nhe để a chốt danh sách r đặt đồ ăn tối luôn,Gửi/Trả lời email
"chị Hà ơi nhờ em Duy xử lý lỗi phần mềm login cho Sreenivas nhé, anh ấy đang bị blocked",Giao việc
em Lan chuyển tiếp danh sách lỗi phần mềm cần fix cho nhóm R&D theo yêu cầu của Shailesh nhé,Gửi/Trả lời email
anh Toàn nhắc rủi ro khi chọn nhà cung cấp rẻ và kém uy tín,Tạo nhắc nhở
Từ mai đổi lịch daily sync của team product sang 8h45 sáng cho sớm sủa nha ae.,Lên lịch họp
anh Hưng nhắc anh Toàn không mang quan điểm tiêu cực này nói chuyện với khách,Tạo nhắc nhở
anh hỏi bên IT coi IP của 4 cái server đó là gì để em cấu hình mạng,Giao việc
A Minh ơi hôm qua mấy bạn bên bộ phận chăm sóc khách hàng báo là ứng dụng của mình thi thoảng bị văng ra ngoài khi người dùng ấn vào mục thanh toán đó anh. E và nhóm kỹ thuật vừa sửa xong lỗi này và đẩy bản cập nhật lên rồi. A vào kiểm tra thử rồi phê duyệt bản cập nhật phần mềm mới nhất để em phát hành cho người dùng tải về luôn nha anh.,Phê duyệt
m order ngay mấy cái engineering tool xịn xịn cho team xài nha vì dạo này ae than máy lag quá k kịp tiến độ phase 2,Giao việc
Vinh tổng hợp kết quả form khảo sát nguyên nhân user gỡ cài đặt app trên android tháng 8,Soạn báo cáo
Tiến lên lịch họp giải quyết sự cố sập web với team dev tối nay luôn nhé.,Lên lịch họp
Gửi lại báo cáo chi tiết về data với log FTP để anh xem xét tính phí support theo giờ nha,Giao việc
a Minh set meeting với ngân hàng đối tác và đối tác lớn về dự án 401K vào sáng thứ 6,Lên lịch họp
Đặt lịch khám sức khoẻ định kỳ cho ban giám đốc tại bệnh viện Vinmec sáng thứ 7.,Lên lịch họp
c Vy vs a Hùng chốt dời sang họp qua đt sáng thứ hai r nha,Lên lịch họp
Vũ duyệt bản nháp clip tiktok của bé KOL để yêu cầu nó sửa,Phê duyệt
Book buổi training sử dụng máy pha cà phê mới cho mấy cô tạp vụ sáng t6.,Lên lịch họp
anh rep mail xác nhận thời gian với địa điểm buổi tiệc cuối năm cho bên HR nắm thông tin nha,Gửi/Trả lời email
bổ sung thêm cái quyền edit db trên Admintool cho em nha,Phê duyệt
Phi lập file báo cáo tình hình nợ xấu Q3 trình CFO trc ngày 15 nhe,Soạn báo cáo
Nga confirm list bug cần ưu tiên fix trong sprint này rùi báo ae,Phê duyệt
Hoàn nhớ gom bill để clear tạm ứng chuyến công tác trc cuối tháng đi,Tạo nhắc nhở
Sếp thêm cái gói dịch vụ hướng dẫn sử dụng vào bảng giá đi,Soạn báo cáo
thư phản hồi thư của khách và gửi lại bản trình bày phương án thiết kế nội thất,Gửi/Trả lời email
Tân book phòng họp lớn để team tech trình bày phương án chuyển đổi microservices sáng mai.,Lên lịch họp
team SE có ai support bé Mai fix lỗi cái Emulator dc ko,Giao việc
Hải rà soát r hủy gói quốc tế của toàn bộ account trong list,Giao việc
a Tuấn rảnh thì coi lại cái đường dẫn file log trên server giùm e nha vì nãy e check thì thấy nó báo lỗi k đồng bộ đc với hệ thống base,Giao việc
Mẫn lập báo cáo đánh giá thời gian giao hàng (lead time) của các ncc quý vừa qua,Soạn báo cáo
c Cúc tạo form ghi nhận số lượng hàng lỗi phát sinh theo từng ca sản xuất hôm nay,Soạn báo cáo
Mai vô kênh ng bán xử lý chốt mấy cái đơn hoàn trả shopee trc 24h k nó tự bồi thường á,Tạo nhắc nhở
Xin sếp cái danh thiếp để em add số vô danh bạ nha,Giao việc
Tiên soạn slide báo cáo hiệu quả của dàn influencer đợt 8/3 giùm t,Soạn báo cáo
Hỏi lại anh Hùng bên team Phone OnLine xem dự án pilot này có khả thi k nha,Giao việc
"Duy ơi dời lịch buổi buổi trình diễn với khách hàng từ thứ 3 sang thứ 5 nhé, họ có việc đột xuất",Lên lịch họp
Quân approve cái lịch backup database hàng tuần mới update nha,Phê duyệt
Anh Sơn hẹn meeting bàn việc phía đối tác chuyên mảng dịch vụ bán hàng,Lên lịch họp
Team marketing chủ động set lịch call với bên tech trong chiều nay để thống nhất lại cái plan launching sản phẩm tháng tới nha,Lên lịch họp
Mai sáng mai m vô kho kiểm kê lại lô tủ nhựa duy tân trc 10h sáng coi khớp vs pm k báo c,Tạo nhắc nhở
Anh Sang đã đặt trước phòng đào tạo nhưng phương án thời gian một hay hai tuần vẫn chưa được hai bên chốt lại cụ thể,Lên lịch họp
chị yến duyệt đơn xin nghỉ phép đi du lịch thái lan của bạn design nha,Phê duyệt
Ông Sơn ổng fwd cái mail lại cho mn r nha m rảnh thì vô xem ổng đưa mấy ý kiến về cái RFI nhe ổng bảo sẽ hợp tác chung r,Gửi/Trả lời email
Ông Sơn ổng hỏi mn vụ ràng buộc phiên của webserver vs bên AvocadoIT nhe m rảnh thì hỏi lão Minh coi có cách nào không nhe để ổng giải quyết,Giao việc
Sinh duyệt form tạm ứng chi phí đi công tác nước ngoài của sếp tổng trên ERP,Phê duyệt
Lan ơi nhớ gửi bản thỏa thuận cuối cùng cho Scott và chị Linh xác nhận nhé,Tạo nhắc nhở
Tuấn viết thêm mấy cái thông tin bên NTT vào slide hnay đi,Soạn báo cáo
M book cho t cái phòng họp sáng mai để chốt lương thưởng nha,Lên lịch họp
Hùng tạo cái event trên cal sync up tiến độ dự án vs team xưởng 10h sáng mai đi m,Lên lịch họp
Gửi thông tin cập nhật đối tác để c làm bản tin nội bộ phát hành sáng thứ 5 nha,Giao việc
chị Lan draft cái sườn tính năng cho bản release 2.0 giúp e vs,Soạn báo cáo
anh cf lại giùm em coi đổi lịch họp sang thứ tư thì mấy sếp bên đó có rảnh không,Phê duyệt
nhờ bên IT cấp cho mình cái account demo để test hệ thống liên kết với đối tác nha,Giao việc
Lan gửi cái mail r xin sếp Minh thêm mấy cái contact bên Sun nhe r bả nhờ ổng check thêm cái vụ lỗi thư thoại r bả sửa luôn cho nhanh,Gửi/Trả lời email
Vy hỏi a Tuấn vs nhóm 4 xem cái lỗi này có phải do bản update bữa trước gây ra k nha do t thấy trước đó nó chạy bình thường mà,Giao việc
anh Huy hỏi xem ai là người phù hợp nhất để trao đổi việc này,Lên lịch họp
Yến Nhi nhớ nộp bảng khấu hao tài sản trc ngày 20 hằng tháng nha e,Tạo nhắc nhở
lên nội dung thảo luận về 2 cái hợp đồng Windwire vs Looksmart,Soạn báo cáo
Sửa lại cái thuật ngữ thương mại điện tử trong slide báo cáo cho anh nhé,Soạn báo cáo
sếp Hùng giao c Lan lên plan tổ chức tiệc r nên a Tuấn xin họp để chốt danh sách khách mời vs tổng số người dự sự kiện luôn,Lên lịch họp
Dung lập biên bản ghi nhận các bút toán điều chỉnh thuế thu nhập cá nhân Q2 nhe,Soạn báo cáo
Hương đi xin báo giá mấy cái dịch vụ cloud của bên AWS gửi a xem nha web dạo này traffic tăng cao quá sợ con server cũ k tải nổi,Giao việc
Em check xem khi nào sếp Khang rảnh rồi báo lại chị giờ họp cụ thể nha,Giao việc
Link thông tin mấy đối thủ cạnh tranh tớ gửi qua mail r nhé,Gửi/Trả lời email
Để tớ log ticket cái bug hiển thị sai thuộc tính trên app cho team dev fix,Soạn báo cáo
chị Hương ơi review lại toàn bộ điều khoản hợp đồng với chị Linh trước khi ký nhé,Phê duyệt
Huyền soạn file báo cáo đánh giá KPI của agency seo sau 3 tháng chạy camp,Soạn báo cáo
A Hùng update gấp tiến độ cái hợp đồng phần mềm dự án Biogen nha,Giao việc
Lan hỏi sếp Hùng xem có cách nào sắp xếp file theo ngày sửa cuối cùng trong Channelware k nhe chứ tìm thủ công mỏi mắt quá k thấy đâu cả,Giao việc
e ơi gom hết hoá đơn VAT tháng này gửi c trc thứ 6 nha Mai,Tạo nhắc nhở
Em vừa chỉnh sửa xong cái draft dự án r cc cho c Thảo luôn rồi đó nên a Dũng check lại mấy cái comment về UI nhe,Giao việc
Sơn Soạn thảo tỉ lệ giao hàng thành công SLA của bên ghtk nhe,Soạn báo cáo
Quân xuất report mật độ lỗi defect density của đợt test sprint vừa rồi đi,Soạn báo cáo
Set lịch call gấp với team vận hành kho để xử lý vụ tắc nghẽn đơn hàng chiều nay.,Lên lịch họp
Phụng tổng hợp số lượt user xài mã giảm giá của dàn influencer trong đợt sale 9/9,Soạn báo cáo
Vy hỏi lại bên kỹ thuật xem mình nên build cái app Bellsouth trên dòng máy RIM nào thì ổn nhe để sếp còn biết đường chốt với khách trước khi ký hợp đồng,Giao việc
Hằng hẹn a luật sư qua văn phòng mình review lại hợp đồng nhượng quyền chiều mai đi.,Lên lịch họp
Bích email cái file excel test case cho team QA test đi em,Gửi/Trả lời email
Tuấn gen hết đống link UTM cho camp mới rồi gửi vô group trc eod nha m,Tạo nhắc nhở
mn ai biết tiến độ dự án USPS giai đoạn 2 và 3 tới đâu rồi k,Giao việc
Bữa nay có sự kiện của R&D mà chưa thấy báo có tham gia đc k đó e chạy qua hỏi bả giùm a nhe để a biết đường tính,Giao việc
nhắc HR lên lịch training nội bộ cho nhân viên mới vào tháng sau,Tạo nhắc nhở
Mai ơi chiều mai công ty mình có buổi hội thảo giới thiệu sản phẩm mới cho các nhà đầu tư lớn đó em. khách mời khoảng năm mươi người mà sổ tay giới thiệu sản phẩm trong kho đã hết sạch rồi. em ra cửa hàng photo bảo họ in sổ tay giới thiệu sản phẩm thật đẹp rồi mang về văn phòng trước sáng mai để chúng ta chuẩn bị tiếp khách nhé.,Tạo nhắc nhở
Hỏi lại thông tin liên hệ của nhà cung cấp thiết bị mạng đi,Giao việc
nương confirm quy trình kiểm định hàng khách trả về với team QC rùi báo a,Phê duyệt
Lan ơi e update lại cái trường Account MarketWillingness trên hệ thống đi vì a thấy nó vẫn đang insert data cũ vào db làm lệch hết report tháng này r,Giao việc
Sắp xếp buổi hướng dẫn sử dụng máy in 3d mới cho bộ phận thiết kế vào sáng t5.,Lên lịch họp
bạn book lịch gọi điện cho sếp Trang báo cáo tình hình dự án cuối ngày,Lên lịch họp
Thắng tổng hợp báo cáo user retention rate của app mobile Q3 nha,Soạn báo cáo
Quyên kí cái nda r gửi hr trc trưa mai nha chị,Tạo nhắc nhở
Tạo lịch sprint planning cho squad payment vào 10h sáng t2 hàng tuần đi e.,Lên lịch họp
Ngôn làm file báo cáo velocity của team dev trong 3 sprint gần nhất giùm,Soạn báo cáo
M chụp lại cái màn hình lỗi rồi gửi t xem thử bị sao,Giao việc
Chị Quyên hiện đang giữ hợp đồng nhưng lại thiếu hai bản cuối cùng của đối tác nên phải nhờ anh Kiên hoặc chị Nga cập nhật tình hình,Giao việc
toàn gửi thư điện tử bản thuyết minh báo cáo tài chính năm ngoái cho bên ngân hàng,Gửi/Trả lời email
em đính kèm file tài liệu yêu cầu kỹ thuật chi tiết của dự án rồi gửi cho team dev nha,Gửi/Trả lời email
Hùng nhớ log timesheet tháng này trc 5h chiều nay nha,Tạo nhắc nhở
chị lên kế hoạch chạy mấy chương trình tìm kiếm khách hàng tiềm năng với bên agency nha,Soạn báo cáo
Phi sắp xếp lịch training an toàn thông tin cho newbie thứ 4 tuần sau.,Lên lịch họp
Phúc vừa giao thêm mấy cái task gấp cho em Vy xử lý xong báo ổng nhe,Giao việc
chị Lan ơi duyệt bản press release về partnership với đối tác công nghệ trước khi Hiền gửi đi nhé,Phê duyệt
sếp Ái duyệt gói trợ cấp thôi việc cho bạn nv cũ bên phòng sale giúp em,Phê duyệt
anh soạn giùm em bài thuyết trình của sếp Tuấn để chuẩn bị cho mấy buổi họp sắp tới nha,Soạn báo cáo
Cấp quyền truy cập phần mềm kế toán cho bé nhân viên mới đi em,Giao việc
Liên vô erp duyệt lệnh hoàn tiền cho khách mua trúng lô hàng lỗi hqua,Phê duyệt
Lan ơi nhớ gửi hợp đồng mới cho khách hàng khách hàng dược phẩm trước thứ 3 tuần sau nhé,Tạo nhắc nhở
mẫn xuất file dữ liệu chấm công tháng 3 gửi qua mail cho cty outsource nha,Gửi/Trả lời email
Ngân duyệt cái logo app bản final để team thay lên store,Phê duyệt
Nhung note lại rùi làm cái biên bản cuộc họp giao ban sáng nay nha,Soạn báo cáo
fwd cái list contact lead mới cho team sale telesale nha m,Gửi/Trả lời email
Ni làm cái file excel phân tích tuổi nợ xấu của đại lý cấp 2 giùm,Soạn báo cáo
Hẹn team QA/QC họp phân tích nguyên nhân lô hàng lỗi tuần trước vào sáng t3.,Lên lịch họp
chị Mai review chứng từ r lên bc thuế t3 trc ngày 15 nhé,Soạn báo cáo
Khoa ơi hỏi Việt xem bản bản dựng mới đã pass sanity test chưa,Giao việc
c Bích check lại mấy cái tool test r update tiến độ cho e nha,Giao việc
Loan sắp xếp buổi nghiệm thu phần mềm với các phòng ban sáng thứ 4 giùm a.,Lên lịch họp
lâm gửi file word dịch thuật qua email cho team content check lỗi nhé,Gửi/Trả lời email
Ngọc dàn trang cái press release này gấp để kịp thứ hai public nha,Giao việc
Tạo event diễn tập xử lý khủng hoảng PR cho ban lãnh đạo vào chiều thứ 5.,Lên lịch họp
Anh duyệt xài cái tool kĩ thuật mà thằng Lâm đề xuất r nha kế toán tiến hành thanh toán luôn đi để ae có đồ xài trc t6,Phê duyệt
c Phương Anh cam kết gạch chân một số thay đổi cho chuẩn r bổ sung điều khoản thanh toán vs định nghĩa rõ các dịch vụ trước khi gửi cho luật sư rà soát,Giao việc
Hà ơi nhắc Toshiya kiểm kê lại số laptop trước khi giao cho Divakar nhé,Tạo nhắc nhở
email hqua t gửi bị lỗi r m fwd lại cho c Lan giúp t vs,Gửi/Trả lời email
thư confirm mức phí nhượng quyền cho chi nhánh đà nẵng rùi báo team sale,Phê duyệt
Tớ sẽ gửi list danh sách khách hàng cho bảo vệ,Gửi/Trả lời email
A Hùng update bản Java mới r check lại cái đoạn mã kịch bản nha,Giao việc
Sếp bớt chút thời gian vào hệ thống ERP duyệt giúp em cái bảng tính lương thưởng tháng 12 cho khối back office với ạ,Phê duyệt
Vy update lại cái danh sách ứng viên đợt này nha,Giao việc
Sơn chạy qua hỏi a quản lý xem cái bản build cài đặt có gặp trục trặc gì k nhe nãy t thấy nó báo lỗi trên hệ thống kìa,Giao việc
"Hương đặt lịch đào tạo cho nhóm mới vào thứ 2 tuần sau đi, 9h sáng nhé",Lên lịch họp
Toản xem rùi approve bản nháp thông cáo báo chí ra mắt sp mới trưa nay đi,Phê duyệt
Mơ duyệt gói bảo hiểm sức khoẻ pti năm nay cho nhân viên cty giùm hr nha,Phê duyệt
anh em check xem có cách nào để tối ưu được cái data này thay vì dùng cách cũ không,Giao việc
Kiều làm email gửi file sổ tay nhân viên bản mới nhất cho mng nha,Gửi/Trả lời email
Set meeting bàn chiến lược giá mùa tết với các giám đốc vùng vào trưa mai.,Lên lịch họp
a Tín viết báo cáo đánh giá doanh số bán các set combo quà tặng dịp 8/3 giùm em,Soạn báo cáo
Nga e ới bên báo dân trí hỏi coi sao hnay t6 r chưa thấy lên bài booking pr cho sếp vậy e. tiền thì mình clear full hqua r cơ mà. e nt giục bà biên tập viên bên đó bảo chèn đủ link web mình vô r lên bài pr trc sáng mai nha e để a còn quăng vô group seedings,Tạo nhắc nhở
mn chú ý phí ship hỏa tốc hơi đắt nên hạn chế book gấp nhe,Tạo nhắc nhở
mn chú ý research kỹ insight khách hàng trước khi chạy cam nha,Tạo nhắc nhở
Xuyên tổng hợp báo cáo chi phí mua sắm nguyên vật liệu bao bì trong quý 3 rùi gửi t,Soạn báo cáo
anh Hiếu cũng gửi email cho nhóm đính kèm hai bản đề xuất dự án cũ để mọi người làm mẫu tham khảo,Lên lịch họp
Lan ơi làm tài liệu trình chiếu tổng kết quý 3 cho buổi họp với sếp vào thứ 2 nhé,Soạn báo cáo
Chi lấy link drive video onboarding gửi mail cho mấy bạn newbie nha,Gửi/Trả lời email
Duyên ơi book lịch meeting với chị Yến chiều mai để xử lý dứt điểm vụ hợp đồng,Lên lịch họp
làm báo cáo tổng hợp kết quả đợt chạy load test server hqua rùi up lên drive chung,Soạn báo cáo
Thắng check lại số r chốt công nợ vs ncc trc eod nay nghen em,Tạo nhắc nhở
Confirm lại xem có chắc chắn là do lỗi license của bên thứ 3 k,Giao việc
Làm cái email newsletter chèn link bài blog mới nhất gửi tệp data khách hàng tiềm năng,Gửi/Trả lời email
chị Khanh giải thích lỗi do gỡ bỏ cổng kết nối r chốt phát hành,Phê duyệt
e làm đề xuất thăng chức vs tăng lương cho a Tuấn gửi sếp duyệt nhe vì đợt này ảnh cân team fix đống bug critical quá xuất sắc luôn á,Giao việc
sau đó hai người tiếp tục gửi email qua lại trò chuyện phím một cách rất vui vẻ và thoải mái,Gửi/Trả lời email
Vy chạy qua hỏi chị kế toán xem tình trạng cái hóa đơn này sao r nhe nếu ok r thì a báo tụi nó xuất kho giao hàng luôn,Giao việc
c Yến duyệt ngân sách chạy ads tiktok tháng này cho team mkt,Phê duyệt
Anh em note lại 2 cái bug mới phát hiện trên hệ thống chiều nay để team dev sửa gấp nha,Tạo nhắc nhở
Trí soạn file báo cáo phân tích sentiment các bài review bánh trung thu của KOL nhe,Soạn báo cáo
anh Tuấn xếp lịch họp rà soát lại bản đặc tả chức năng đi vì e thấy đa số người tham gia hôm qua đều k muốn bổ sung tham số mới đâu,Lên lịch họp
Duy chuẩn bị bản phân tích so sánh nền tảng đối tác vs Upshot gửi Rộng và Steve nhé,Soạn báo cáo
Minh ơi nhớ gửi biên bản cuộc họp hôm nay cho toàn nhóm trước 6h tối nha,Tạo nhắc nhở
a Minh ơi chốt lịch họp với bên đối tác portal về corporate portal vào cuối tuần này nhé,Lên lịch họp
Tín làm slide báo cáo các chỉ số tài chính để sếp đi pitching gọi vốn nha,Soạn báo cáo
a Phong chốt sổ tháng 3 trc mùng 5 giúp e để báo cáo cfo,Tạo nhắc nhở
Kiệt hẹn team kho bãi họp chốt quy trình kiểm kê kho đợt Black friday chiều nay.,Lên lịch họp
Thiện xuất log làm báo cáo % uptime của hệ thống trong 6 tháng đầu năm,Soạn báo cáo
Tuấn book phòng họp 3 chiều mai 3h test live coding bạn ứng viên frontend giùm t m nha,Lên lịch họp
"Phúc ơi hỏi lại bên khách hàng đặt chỗ xem họ còn muốn demo k, lâu rồi không thấy phản hồi",Giao việc
Lan soạn dùm a cái mail thông báo cho toàn cty về việc tổng kết mục tiêu quý 1 nhe nhớ nhắc mn gửi báo cáo lại cho hr trước thứ sáu tuần sau,Gửi/Trả lời email
đính kèm hình ảnh hiện trạng công trình vào thư rồi gửi cho chủ đầu tư trước giờ nghỉ trưa,Gửi/Trả lời email
Cấp quyền truy cập source code cho mấy anh em team dev vào fix bug nha,Giao việc
a Tân chốt cơ cấu giải thưởng cho cuộc thi đua doanh số team sale tháng tới đi,Phê duyệt
vô duyệt cái đề xuất gia hạn license google workspace cho năm tới giùm t,Phê duyệt
Đoan làm cái báo cáo phân tích các deal thất bại trong tháng rồi đi,Soạn báo cáo
soạn cái slide phân tích xem ứng viên hay rớt ở khâu nào nhất trong phễu tuyển dụng Q1,Soạn báo cáo
Ngọc Soạn thảo tiến độ tích hợp API với bên thứ 3 trc 4h chiều,Soạn báo cáo
Quán làm file excel tỉ lệ chuyển đổi đơn hàng sỉ từ khách lẻ năm nay đi,Soạn báo cáo
Vy email cái file chốt cuối cùng của methodology cho team Engineering r nha,Gửi/Trả lời email
m set cái reminder trên lịch nhắc ông Nam chiều thứ 5 gọi điện chốt giá với bên cung cấp thiết bị nhe k là lão quên mất đó,Tạo nhắc nhở
"Duy giao Linh viết kịch bản test cho phần Authentication mới nhé, hạn chót thứ 5",Giao việc
Khắc lấy sao kê r đối chiếu công nợ thẻ tín dụng cty trc sáng t7 đi ô,Tạo nhắc nhở
chị Thủy liên hệ với đội ngũ phòng thí nghiệm để đặt lịch họp gấp ngay,Lên lịch họp
Long kiểm tra rùi duyệt bộ hồ sơ đăng ký shopee mall dùm e,Phê duyệt
Mng báo lại lịch trống để t set up buổi phỏng vấn ứng viên mới nha,Lên lịch họp
Giao gom form đăng ký ot của team nộp hr trc mai e nha,Tạo nhắc nhở
sếp Nam duyệt lại đường dẫn bản build xem chuẩn chưa ạ,Phê duyệt
Tú làm báo cáo tỉ lệ nhân sự nghỉ việc tháng rồi rùi gửi hr lead,Soạn báo cáo
Hẹn đối tác vận chuyển GHTK họp đánh giá chất lượng dịch vụ quý vừa rồi vào thứ 4.,Lên lịch họp
m gọi cho Huy để phỏng vấn làm bản tin Unplugged tháng này nha,Giao việc
e Vy lượn 1 vòng laz shopee check giá bọn đối thủ đợt sale này r note ra file trc cuối ngày nhen,Tạo nhắc nhở
Hiền lên cái sheet báo cáo tracking chi phí chạy ads facebook tuần này,Soạn báo cáo
t đẩy task này qua cho team khác xử lý nhe chuyên môn họ cứng hơn,Giao việc
bạn gửi email đề xuất phòng ban mua thêm 6 cái túi tập gym màu xanh cho team sự kiện n,Gửi/Trả lời email
anh Hiếu gửi email đầu tiên cho chị Bích để cấp mã bản quyền phần mềm,Gửi/Trả lời email
Thoại check mail lấy cái file excel tính hoa hồng tháng 4 nha,Gửi/Trả lời email
chị Hà lập bảng báo cáo lưu chuyển tiền tệ Q2 giúp em với,Soạn báo cáo
E book ngay lịch họp với quản lý đội xe xem xét báo cáo bảo dưỡng định kì lúc 9h sáng t5 giúp sếp nha e,Lên lịch họp
Lâm tổng hợp danh sách khách hàng VIP tháng này r đẩy qua cho team sale chăm sóc lẹ đi dạo này doanh thu mảng này đang hẻo quá,Giao việc
"hạn chót submit bids là thứ 4 tuần này đừng quên, ai chưa làm thì làm ngay đi",Tạo nhắc nhở
Loan chốt cái biên bản hủy hóa đơn đỏ bị sai thông tin số đt nhe,Phê duyệt
Lan ơi nhờ Khoa viết bản đặc tả kỹ thuật cho nhà cung cấp phần mềm connector giúp nhóm với,Giao việc
a Hùng vs anh Tuấn ngồi lại chốt quy trình fix bug đi chứ ai mở ticket thì người đó phải chịu trách nhiệm follow up luôn cho lẹ nha,Giao việc
"Minh ơi mày xử lý đống lỗi phần mềm trong dự án khách hàng dược phẩm giúp t đi, hạn chót cuối tuần",Giao việc
xem chiều thứ 5 có trống lịch không để t set meeting,Lên lịch họp
a Tuấn rà soát lại nội dung bản thuyết trình của đối tác một lần nữa r update cho team để e báo tụi nó chuẩn bị file in ra nha,Giao việc
Sếp giao cái task review code này cho Quân làm thay vì bé Thảo đi,Giao việc
em Hà set meeting với đội Ấn Độ về dự án đối tác trước khi Bình đi công tác nhé,Lên lịch họp
chị Hà tổng hợp báo cáo số giờ OT của công nhân xưởng trong tuần này giúp em ạ,Soạn báo cáo
nhắc bé Lan vẫn tiếp tục support tài khoản của khách này nhé,Tạo nhắc nhở
a Khánh gửi mail đính kèm bản cập nhật ứng dụng trợ lý giọng nói mới nhất r nhờ mọi người rà soát đánh giá lại tiến độ để báo cáo khách hàng,Gửi/Trả lời email
Tuấn xếp lịch họp kiểm thử cuối giai đoạn 2 với đội kiểm thử và quản lý dự án nhé,Lên lịch họp
Hương duyệt cái claim tiền taxi đi công tác tháng rồi của team sale,Phê duyệt
Ae rảnh thì vô load thử cái tool mới coi sao nha nhớ xài cẩn thận do nãy t thấy nó báo mấy cái lỗi tùm lum á coi bên OCA họ giải quyết chưa,Tạo nhắc nhở
Ngân tạo file báo cáo giao ca sản xuất ngày hôm nay đi em,Soạn báo cáo
Set meeting với đơn vị vận chuyển bàn vụ giảm tỉ lệ hoàn đơn vào thứ 3 tuần sau.,Lên lịch họp
anh Hùng rà soát rồi fix gấp lỗi của app bản tiếng Nhật giúp e vs,Giao việc
Hậu đối chiếu lại sổ phụ ngân hàng trc 4h chiều nha e,Tạo nhắc nhở
Đình rà soát r update lại cái sop vận hành trên confluence trc thứ 6 a nhé,Tạo nhắc nhở
Hà tổ chức 1 buổi meeting để brainstorm cách fix triệt để vụ này,Lên lịch họp
Linh rà soát xem chi nhánh mình còn dư bao nhiêu port mạng nhé,Giao việc
"Tuấn tạo invite gặp dàn trưởng nhóm 3h chiều nay nha, bàn vụ nhân sự mới",Lên lịch họp
A Tuấn ổng xin m cái đoạn text của bài báo r nha m nhớ chỉnh sửa lại xíu nhe r để ổng gửi cho bên HP xem coi nó ok k r duyệt,Giao việc
chú ý deadline review vòng 2 là ngày 15 này nhé team,Tạo nhắc nhở
E nhắn tin hỏi a sếp xem ổng rảnh k thì ra cafe bàn chuyện xíu nha do cái dự án dạo này gặp nhiều trục trặc quá phải giải quyết gấp,Giao việc
Long vô cloudflare clear cache cái landing page mới update trc 9h sáng nha,Tạo nhắc nhở
sếp nhờ m rảnh thì nhắc bà Lan coi qua cái thanh toán 50% r nha bả có gì k hiểu thì liên hệ vs sếp để ổng gửi thêm tài liệu,Giao việc
a Dũng vừa báo trước cho cả nhóm chuẩn bị tinh thần vì a Sơn sắp gọi đt trực tiếp cho c Vy để set một cái meeting ngắn ba mươi phút bàn về dự án mới á,Lên lịch họp
Lỗi thực chất nằm ở một dòng code trong file e vừa gửi nên a Hùng ráng bỏ xíu thời gian sửa lại giùm e nha,Giao việc
sếp cf giúp em bảng lương tháng 4 để em báo kế toán chuyển khoản,Phê duyệt
thắng xuất r gửi cái file log truy cập server qua email cho t coi,Gửi/Trả lời email
a Long lập file báo cáo P&L của chi nhánh miền nam tháng rồi đi,Soạn báo cáo
Thảo nhớ đặt phòng họp lớn để báo cáo tiến độ dự án vào 9h sáng mai nha.,Lên lịch họp
Minh sắp xếp buổi tổng kết với toàn nhóm sau đợt kiểm thử tải để review kết quả nhé,Lên lịch họp
Huyền cf lại coi hệ thống bên mình có hỗ trợ mở link URL trên thiết bị Pocket PC không,Phê duyệt
Chị check lại với anh Tùng xem deadline của cái dự án này là khi nào nha,Giao việc
sếp Cảnh đọc rùi duyệt cái hợp đồng gia hạn thuê mặt bằng văn phòng năm sau ạ,Phê duyệt
Khuyên cày nốt 3 bài seo keyword mỹ phẩm trc t7 tuần này đi e,Tạo nhắc nhở
Ninh làm file đối soát số dư tiền gửi ngân hàng với sổ quỹ kế toán cuối tháng 11,Soạn báo cáo
Thảo lôi cái list data lạnh hôm triển lãm ra gọi lại hết báo cáo a trc eod nha,Tạo nhắc nhở
Mọi người chú ý thao tác trên môi trường database thật chứ đừng dùng TestSession nha,Tạo nhắc nhở
Châu báo quản lý xưởng sắp xếp buổi kiểm tra chất lượng định kỳ vào sáng thứ 4.,Lên lịch họp
a Hùng check xem nhận đc card mạng ethernet chưa,Giao việc
Khải chốt bản vẽ thiết kế nội thất văn phòng mới để họ tiến hành thi công,Phê duyệt
"a Phúc duyệt đề xuất mua thêm bản quyền phần mềm CC giúp nhóm nhé, Phúc đã ok rồi đó",Phê duyệt
Anh Dũng bảo nguyên nhân có thể do lỗi siêu liên kết r đề xuất gỡ bỏ nó nhe,Giao việc
Cấu hình lại cái firewall ở văn phòng mới để anh em WFH truy cập được VPN an toàn mà không bị văng ra liên tục nha,Giao việc
Sếp Sơn theo sát tiến độ dự án điện toán đám mây của team bên HP r update tình hình cho a Hùng nhe do ổng đang cần thêm thông tin chi tiết,Giao việc
Anh Hùng xin một buổi họp để chốt danh sách khách mời với ngày tổ chức sự kiện nhe sếp Tuấn,Lên lịch họp
Trân nhớ alo lại cho a giám đốc cty ABC chốt cái hđ trc 3h chiều nay nha e,Tạo nhắc nhở
Hạ chốt nhà cung cấp hộp giấy carton đợt này đi để kho làm thủ tục nhập nguyên liệu,Phê duyệt
Khoa viết bản mô tả use-case cho mẫu tài liệu khách hàng rồi nhờ Giang review giúp,Soạn báo cáo
mng nhớ update status khách hàng trên CRM nha. Đức log đống data hqa trc EOD nay nha m,Tạo nhắc nhở
Lệ tổng hợp report tỉ lệ hoàn thành khóa học an toàn lao động của xưởng,Soạn báo cáo
T mới gửi mail thông báo đổi số điện thoại liên hệ cho toàn bộ khách hàng vip rồi,Gửi/Trả lời email
Tuấn log giùm t cái blocker bug cho lỗi k load dc nha,Giao việc
Bửu lập bảng đối soát tiền thu hộ COD của các đối tác giao hàng trong tháng vừa rồi,Soạn báo cáo
Cúc sắp xếp buổi trình bày kế hoạch gọi vốn series B với quỹ đầu tư trưa thứ 5.,Lên lịch họp
design lại cho a hai cái nút back vs home sao cho nó đồng bộ vs giao diện mới nhe Lan để kịp mốc bàn giao cho team front end chiều nay,Giao việc
Tuấn gửi email lên App Framework update mấy cái method cho đợt release Seibel 7,Gửi/Trả lời email
Book buổi training kĩ năng đàm phán cho team mua hàng vào sáng t7 tuần tới.,Lên lịch họp
a Nam ơi xem qua và duyệt bản tài liệu đặc tả kỹ thuật kỹ thuật trước khi gửi cho khách hàng nhé,Phê duyệt
"em Minh thêm thêm chị Hương vào thread email với sàn giao dịch nhé, chị cần nắm thông tin",Gửi/Trả lời email
export báo cáo lỗi hệ thống ra file pdf rồi email cho team backend xử lý gấp,Gửi/Trả lời email
Dạ duyệt mấy cái rule auto-scaling trên aws để tối nay team bật lên chạy thử tải nha,Phê duyệt
Hoàng duyệt cái file excel chi phí server tháng này để a gửi sếp nha,Phê duyệt
Tạo event họp báo cáo nghiệm thu dự án chuyển đổi số với ban lãnh đạo chiều t4.,Lên lịch họp
Tài viết biên bản báo cáo sự cố tai nạn lao động nhẹ ở xưởng đùn nhựa hnay nhe e,Soạn báo cáo
viễn tổng hợp bảng báo cáo chênh lệch ngân sách chạy ads thực tế so với kế hoạch tuần này,Soạn báo cáo
Anh Khoa làm rõ rằng mạch bắt buộc phải được gỡ bỏ hoàn toàn trước khi các đường truyền dữ liệu mới được kết nối lại vào hệ thống,Giao việc
điệp chốt danh sách khách mời dự hội nghị khách hàng thường niên để gửi thiệp,Phê duyệt
trợ lý sếp book lịch gọi điện trao đổi trực tiếp với bên trợ lý của Cameron,Lên lịch họp
Note lại hỏi phòng nhân sự ngày phỏng vấn chính thức của CFO để chị sắp xếp lịch,Tạo nhắc nhở
Đặt bàn nhà hàng để cả team đi ăn trưa welcome 3 bạn newbie vào trưa mai nhe.,Lên lịch họp
chốt lại cái chính sách đổi trả hàng hóa mua trên shopee mall trc cuối ngày,Phê duyệt
Khoa sắp xếp buổi họp kickoff dự án mới với toàn team vào sáng thứ 2 tuần sau nhé,Lên lịch họp
tui xác nhận phương án kĩ thuật này ổn rồi nên mấy ông cứ theo vậy mà code nha,Phê duyệt
"Lan ơi vụ thanh toán 108k USD của đối tác lớn đến đâu rồi, mình email họ mà chưa thấy trả lời",Giao việc
Phúc lên lịch họp ban giám đốc duyệt ngân sách Q3 vào mùng 10 giúp sếp.,Lên lịch họp
anh Hải cũng gửi email cảm ơn cô đã nỗ lực làm việc này và chị Bích cũng phản hồi email cảm ơn anh vì đã dành thời gian chạy thử nghiệm giúp cô,Gửi/Trả lời email
Tín check store r rep hết feedback của user bị lỗi trc eod nhe m,Tạo nhắc nhở
Cập nhật tình hình cho cả team sau khi đi gặp luật sư về nhé,Tạo nhắc nhở
Nghĩa nhớ nộp hso claim bảo hiểm đợt ốm vừa r trc ngày 15 nghen,Tạo nhắc nhở
Sang làm báo cáo tồn quỹ tiền mặt petty cash cuối tháng đi em,Soạn báo cáo
Hạ set meeting gấp với bên agency để sửa lại cái KV campaign 8/3 ngay chiều nay.,Lên lịch họp
A nhớ set cái reminder để báo e vs a Tuấn thời gian dự kiến hoàn thành bài viết nhe do dạo này team đang quá tải task k nhớ nổi đâu,Tạo nhắc nhở
nhung đính kèm cuốn catalogue pdf vô mail giới thiệu sp r gửi list khách hàng lạnh đi em,Gửi/Trả lời email
Lên lịch gọi điện với bên cổng thanh toán để chốt phương án tích hợp api vào sáng t5 đi.,Lên lịch họp
Anh Dũng hỏi lại c Bích nguyên nhân đóng ticket lỗi số 2993 này giúp e vs nha vì e thấy bả ghi là lỗi k hợp lệ á,Giao việc
Anh nghĩ Khang nên nghĩ ra vài cái tên mới đi vì tên hiện tại khách dễ nhầm lắm,Soạn báo cáo
Thu duyệt cái form đề xuất cấp phát văn phòng phẩm tháng này của team mkt,Phê duyệt
Hợp duyệt cái request xin cấp quyền root vô con server linux giùm,Phê duyệt
bạn kiểm tra lại xem đường truyền mạng ở văn phòng chi nhánh có đang bị rớt không,Giao việc
"Tuấn tạo event google meet họp bàn về vụ migrate hệ thống chiều t4, add đủ người nha",Lên lịch họp
Hà Vi gửi luôn kịch bản test app mới cho a Thành chạy thử xem sao nha,Gửi/Trả lời email
Sáng nay đi khám xong Luân nhớ chụp giấy chứng nhận nghỉ ốm đính kèm vô thư điện tử gửi HR,Gửi/Trả lời email
Khang rảnh thì lượn qua check thực tế cái mặt bằng bên quận 7 xem ổn k nha,Giao việc
Ngân gửi cái content calendar tháng sau qua email cho mng comment đi em,Gửi/Trả lời email
Gửi mail cho sếp Tùng hỏi xem có nên tiếp cận cái công ty đối thủ này k nha em,Gửi/Trả lời email
Bảo đặt phòng họp tầng 5 cho buổi approval hợp đồng với khách hàng vào thứ 6 lúc 10h,Lên lịch họp
Tuấn fwd cái chỗ m nhắc ở đầu mail r đó lưu lại coi,Gửi/Trả lời email
Huyền chốt mấy cái điều khoản SLA với bên vận chuyển giao hàng nhanh nhe,Phê duyệt
anh xác nhận lại coi khách hàng này là ai để em làm theo đúng quy trình công ty nha,Phê duyệt
Thái set lịch 1-1 với mấy bạn sale mới chiều nay để c hướng dẫn thêm nha.,Lên lịch họp
anh Tuấn ưu tiên xử lý dứt điểm mấy cái lỗi liên quan đến bộ cài đặt trước thứ hai r hạ mức độ ưu tiên của hạng mục số ba xuống giúp e vs nha,Giao việc
anh Khoa vs chị Mai support em dùng cái tool quản lý server với ạ,Giao việc
Sếp duyệt giùm e cái đơn hàng mua thêm màn hình cho team dev nha do đợt này tụi nó chạy nhiều task quá cần màn phụ để coi log,Phê duyệt
Bích book phòng để training kỹ năng chốt sale cho mấy bé thực tập t6 nhe.,Lên lịch họp
Nghi lên lịch làm việc với sở Kế hoạch Đầu tư vụ thay đổi giấy phép kinh doanh tuần tới.,Lên lịch họp
lập bảng báo cáo tỉ lệ open rate của tất cả các chiến dịch bắn email mass trong Q4 đi,Soạn báo cáo
Thảo fwd cái mail chứa link sample cho cả team tham khảo nhé,Gửi/Trả lời email
check mail tải file zip chứa ảnh raw chụp sp hôm qua nhe team,Gửi/Trả lời email
Thiết tổng hợp báo cáo tỉ lệ nguyên liệu lỗi phát hiện trong từng ca sản xuất hnay,Soạn báo cáo
Set cái lịch kickoff chiến dịch mega sale trên sàn TMĐT với team e-com vào thứ 4+B2550 tuần tới.,Lên lịch họp
Tuấn duyệt bản điều chỉnh hợp đồng sàn giao dịch trước khi Đạt gửi cho khách hàng ký nhé,Phê duyệt
"Khoa ơi gửi file tài liệu đặc tả kỹ thuật kỹ thuật đã cập nhật cho toàn nhóm nhé, Nam vừa sửa xong",Gửi/Trả lời email
Vũ vô hệ thống ERP duyệt đơn xin nghỉ ốm của bạn design giùm a,Phê duyệt
em gửi mail yêu cầu team dev fix gấp mấy cái bug trên bản SP4 này.,Gửi/Trả lời email
mọi người tạo reminder liên hệ với sếp Tùng nếu có thắc mắc vụ import file lên kho lưu trữ nha,Tạo nhắc nhở
Lan tổng hợp cái file quỹ tiền mặt tuần này nộp cho c trc t6 e nhé,Tạo nhắc nhở
a lâm gửi email đính kèm mấy cái wireframe ui/ux mới update cho e với,Gửi/Trả lời email
Lên lịch gặp bên agency tổ chức sự kiện để nghiệm thu chi phí sự kiện 8/3 tuần sau nha.,Lên lịch họp
chị reply mail giải thích cho sếp sao cái bug này lại để ưu tiên thấp nhé,Gửi/Trả lời email
Khải viết báo cáo đánh giá mức độ tuân thủ tiêu chuẩn trưng bày của cửa hàng nhượng quyền,Soạn báo cáo
đội của anh Lâm đang lên chiến lược tiếp thị toàn diện trong đó có hạng mục quan trọng là gửi thông cáo báo chí ra công chúng,Lên lịch họp
Sếp rep lại giùm em mấy câu hỏi của khách hàng về vụ bảo mật cookie với,Gửi/Trả lời email
quăng cái link sheet lập ngân sách năm sau qua mail cho t để t điền số liệu,Gửi/Trả lời email
nhớ báo mấy e trong team là deadline nộp giấy tờ thẻ tín dụng là trưa nay nhe k nộp kịp là k đc thanh toán đâu đó ae ráng tranh thủ,Tạo nhắc nhở
thi chốt bạn MC nam dẫn chương trình tiệc tất niên năm nay để hr kí hợp đồng,Phê duyệt
c Hương viết báo cáo đánh giá mức độ đáp ứng tiêu chuẩn chứng nhận CE của sp mới nha,Soạn báo cáo
trc khi nghỉ m làm file bc thu chi hnay cho chị nhe Ngân,Soạn báo cáo
m rep cái mail cho Nami báo là tụi t sẽ gửi bút bi cho bả vào khoảng 18 19 tháng 6 nhe r dặn bả từ sau có cần gì thì cứ nhắn trực tiếp cho t,Gửi/Trả lời email
Tuấn phản hồi mail đối tác đối tác hối thúc họ phản hồi về đề xuất hợp tác đi,Gửi/Trả lời email
mn xếp kèo cf làm việc với bên agency thiết kế về bộ nhận diện thương hiệu mới nhé,Lên lịch họp
Tuấn xem qua r hỏi giùm t coi có ai trong team rành cái vụ này k nhờ qua support t xíu do sếp hối lấy báo cáo chiều nay r,Giao việc
Hà ra siêu thị mua thêm cafe vs trà túi lọc cho pantry trc trưa nay nha e,Tạo nhắc nhở
Khang viết biên bản ghi nhận số lượng nguyên vật liệu bị lỗi trong ca làm việc hnay,Soạn báo cáo
"nhắc nhóm kiểm thử close hết lỗi phần mềm lỗi nghiêm trọng trước 5h chiều thứ 6 nhé, build release đang chờ",Tạo nhắc nhở
Mai gửi invite họp sprint planning kết hợp review sprint cũ t3 2h chiều dùm a,Lên lịch họp
Nga fix lẹ cái bug css trên mobile trc sáng mai nha e,Tạo nhắc nhở
Việt chốt file thiết kế vs bên in ấn r đặt 5 cái standee sự kiện giao qua q3 trc t4 cho t,Tạo nhắc nhở
Hân note lại các điểm chính rùi soạn biên bản cuộc họp review năng lực nhân sự Q3 nha,Soạn báo cáo
t nghĩ deal này là hời nhất r triển luôn thôi,Phê duyệt
Tuấn sắp xếp call với đội vận hành hệ thống về kế hoạch triển khai lên production vào thứ 4 nha,Lên lịch họp
chị Hà ơi approve bản kế hoạch kiểm thử cho dự án hệ thống dịch vụ di động 3.5 giúp nhóm nhé,Phê duyệt
Châu chốt màu của app icon mới đi t,Phê duyệt
Lan hỏi a Tuấn xem ổng nghĩ sao về cái hợp đồng hosting nhe ổng có chịu support ở mức tối thiểu k để t biết đường đàm phán vs khách,Giao việc
Phong cuối tháng này công ty chúng ta sẽ tiến hành đánh giá năng lực và xét duyệt tăng lương định kỳ cho toàn bộ nhân viên đó. giám đốc yêu cầu phải có số liệu chuyên cần để làm tiêu chí đánh giá cho khách quan. em trích xuất dữ liệu từ máy chấm công rồi làm báo cáo số ngày nghỉ phép của nhân viên trong nửa đầu năm nay gửi cho anh xem trước nhé.,Soạn báo cáo
Sếp Minh duyệt chi năm ngàn đô tiền thưởng quý cho a Hùng rồi đó nên c Lan check xem gộp vô kỳ lương nào r báo,Phê duyệt
em Lan soạn mẫu tài liệu email chuẩn để nhóm dùng khi gửi báo cáo hàng tuần cho khách hàng nhé,Soạn báo cáo
Tín gom mấy case refund hqua làm bc tóm tắt gửi kế toán xử lý m,Soạn báo cáo
Khang cũng thử tạo aml theo cách của chị Lan rồi gửi lại cho cả group tham khảo đi,Giao việc
chị Thủy đang tổng hợp tài liệu đào tạo cho các hệ thống quan trọng,Soạn báo cáo
sếp Hùng reply mail khách hàng đính kèm cái bản scan hợp đồng hộ em với,Gửi/Trả lời email
Duy ơi lên dự toán chi phí đầy đủ rồi cc cho chị Lan với Mai nha,Giao việc
Hẹn team devops họp review cấu hình server mới để chuẩn bị scale up app tối nay.,Lên lịch họp
cường làm document báo cáo tính ROI của các kênh media buying quý 2 giùm sếp,Soạn báo cáo
Việt ơi chốt giá r gửi mail báo giá thiết bị cho bên vendor nha m,Gửi/Trả lời email
Lan soạn r gửi offer letter cho bé DA mới pass pv nhé,Gửi/Trả lời email
sếp muốn ngó qua cái proposal của chị Lan trước khi chị đem gửi cho khách nhe nên e rảnh thì lấy bản nháp ra check trước giùm sếp nha,Giao việc
Trà vô web test rùi confirm mấy cái event tracking trên google analytics đã nhận chưa,Phê duyệt
Lan ơi gửi biên bản cuộc họp hôm qua cho toàn nhóm AE giúp Khoa với,Gửi/Trả lời email
c Liên làm báo cáo tổng kết chi phí với danh sách trúng thưởng minigame YEP giùm,Soạn báo cáo
Sang tuần t sẽ rep mail chi tiết cho Hưng về cái vụ này,Gửi/Trả lời email
Tiên lên lịch họp team dọn dẹp data khách hàng rác lúc 5h chiều nay nha.,Lên lịch họp
Khoa nhớ xác nhận lịch đào tạo với chi nhánh cho bạn ấy trước cuối ngày nhé,Tạo nhắc nhở
coi rùi confirm kết quả test vụ migrate data hqua đi mng,Phê duyệt
Đức rà soát lại kĩ cái phần due diligence cẩn thận có cái đổi mà ae k để ý,Giao việc
Nhàn nhớ gửi báo cáo doanh thu ngày hôm qua qua thư điện tử cho giám đốc,Gửi/Trả lời email
anh Nam chạy thử cái test case mới đi để xem có cải thiện tốc độ download ko chứ sếp hối lấy kpi báo cáo chiều nay,Giao việc
Hiền rep mail khách gửi lại bản pdf báo giá có update discount nhe,Gửi/Trả lời email
chị gửi file r nhe nặng đấy load hơi lâu,Gửi/Trả lời email
Hằng gửi cho c xin lại cái link figma design màn homepage,Gửi/Trả lời email
m gửi mail hỏi mọi người trong team xem sáng nay lúc chạy cái code mới có ai bị dính lỗi tương tự t k nha,Gửi/Trả lời email
ae chốt lại cái kiến trúc microservices để mốt bắt đầu vô code nè,Phê duyệt
a Tuấn gửi mail thông báo bản vá lỗi đã sẵn sàng r a Sơn giải đáp chi tiết các thay đổi trong bài test để a Dũng chốt kết quả nha,Gửi/Trả lời email
a Hùng soạn cái biên bản đánh giá chất lượng kho bãi quý 1 để gửi sếp nha,Soạn báo cáo
Vinh xuất report số lượng PR đã review của từng dev trong sprint 5 nha,Soạn báo cáo
m fwd cái task này qua cho Tuấn xử lý nhe,Gửi/Trả lời email
Uy duyệt khoản phí duy trì hàng tháng cho bên agency seo web giùm c,Phê duyệt
Tuệ Soạn thảo so sánh chi phí gia hạn mặt bằng cũ với chuyển văn phòng mới,Soạn báo cáo
Lan tối nay canh 8h lên bài minigame mùng 8/3 trên fanpage nha e,Tạo nhắc nhở
cái doc api swagger Hùng viết xong trc thứ 4 r ném link qa cho bên FE nó móc api nha,Tạo nhắc nhở
E rep mail lại hỏi ông đó xem ổng có rảnh vào chiều mai k nhe để a e mình setup cái lịch pv online luôn cho gọn,Gửi/Trả lời email
Linh confirm cái lịch onboarding cho lứa nhân viên mới tuần sau nha,Phê duyệt
Hà vô thuedientu check lại tờ khai thuế gtgt r kí nộp mẹ đi trc ngày 20 nha k quên m,Tạo nhắc nhở
a Khoa giao Minh phụ trách integrate nhà cung cấp phần mềm connector vào bản bản dựng mới nhé,Giao việc
sếp duyệt qua bản nháp em vừa gửi xem có cần sửa gì k,Phê duyệt
chị Lai chốt ngày tổ chức event ra mắt sản phẩm mới trc cuộc họp chiều nay nha,Phê duyệt
e cứ rep mail hỏi thăm sức khỏe a Tuấn sau chuyến đi r báo lại là team mình bên này vẫn chạy dự án ngon lành k có vấn đề gì xảy ra hết nhe,Gửi/Trả lời email
Oanh viết báo cáo đề xuất các khoản phạt SLA nhà cung cấp bao bì Q3,Soạn báo cáo
c Lan fwd lại hóa đơn thanh toán tiền đt vô mail a Hùng r nha,Gửi/Trả lời email
Giang chốt lại bộ KPI cho team vận hành kho để áp dụng từ tháng sau,Phê duyệt
đào forward cái slide sponsorship cho đối tác xem trc nhe,Gửi/Trả lời email
anh Hiếu cũng hỏi xin thông tin vị trí máy chủ chi nhánh và đường dẫn tải bản cập nhật phần mềm mới nhất,Gửi/Trả lời email
Vĩ duyệt bảng giá cước phí dịch vụ áp dụng cho năm sau để sale đi thị trường,Phê duyệt
Lan đi hỏi thêm ý kiến mọi người về cái tên campaign này xem sao nha,Giao việc
a vừa xem qua bản nháp tài liệu hướng dẫn r thấy ok r đó e cứ duyệt r gửi thẳng cho bên khách hàng họ coi trước đi nhe,Phê duyệt
Khải hẹn lịch phỏng vấn bạn ứng viên vị trí giám đốc vận hành lúc 10h sáng t4 giùm c.,Lên lịch họp
Vy khóa sổ phần mềm misa trc ngày cuối tháng nha e,Tạo nhắc nhở
Book buổi onboarding giới thiệu quy định công ty cho 10 bạn mới vào chiều thứ 5 này nhé.,Lên lịch họp
sếp Khoa duyệt xác nhận thiết bị kết nối máy chủ ETRADE vẫn hoạt động tốt,Phê duyệt
M hỏi lại ông Sơn coi ổng cần thêm mấy tính năng gì r nha để t biết đường sửa lại form r gửi lại bả nhe,Giao việc
phương confirm danh sách từ khoá seo cần đẩy top quý này nhe,Phê duyệt
Thảo run lại bộ auto test scripts đợt này trc sáng mai báo a kết quả nha,Tạo nhắc nhở
anh Toàn cho rằng rất đáng để đến gặp anh Lâm,Lên lịch họp
sếp coi rồi duyệt giùm em cái test plan cho bản release tháng này nha,Phê duyệt
Linh xin mkt cái mã giảm giá 20% cho tệp KH ruột r nt cho t trc 9h sáng mai,Tạo nhắc nhở
Quốc tạo file ghi nhận thời lượng session của các user bị crash app hôm qua nha,Soạn báo cáo
My chốt cái copy cho nút call to action trên app bản mới nhe,Phê duyệt
"chuyển tiếp hóa đơn tháng 3 qua kế toán giúp t nha, họ đang đợi",Gửi/Trả lời email
soạn cái email khen ngợi anh Duy vì đã fix dc con bug khó nhé,Soạn báo cáo
mọi người test thử cái tính năng mới rồi gửi feedback lại cho team em nha,Giao việc
Trường cày cho xong đống bài seeding group fb trc 6h tối nay đi,Tạo nhắc nhở
Chị Lan yêu cầu làm rõ phạm vi ra quyết định của a Hùng nhe,Giao việc
Vy làm bảng dự phóng sale forecast của team q2 nộp sếp lớn trc tối cn nhen,Tạo nhắc nhở
thành chốt tỷ giá hạch toán nợ nước ngoài cuối kì kế toán hnay nha,Phê duyệt
Em book phòng ở khách sạn Intercontinental cho mng rồi đó,Lên lịch họp
bảo Tùng liên hệ thẳng với bên vendor để báo cáo cái lỗi này đi,Giao việc
attach cái chứng chỉ ISO của nhà máy vô email rồi quăng cho đối tác nước ngoài xem đi,Gửi/Trả lời email
tạo cái report đánh giá sentiment của các bài đăng nhắc tên thương hiệu mình trên FB tuần này,Soạn báo cáo
Ngọc tạo link zoom gửi bên npp Hà Nội t4 này 3h chiều họp bàn quy trình cskh mới e nhé,Lên lịch họp
Trực approve bản build mới nhất trên testflight android để bên test vô việc nhe,Phê duyệt
Mình vừa fw mail thông tin yêu cầu của sếp Phúc cho mọi người rồi đó,Gửi/Trả lời email
M tranh thủ book cái phòng họp lớn r gửi invite cho bên nhà thầu Texas Instruments nhe để chiều thứ sáu tuần sau qua chốt cái hợp đồng triển khai hạ tầng,Lên lịch họp
Nam lập báo cáo kiểm kê tài sản thiết bị văn phòng quý 3 đi,Soạn báo cáo
Ân check email lấy file word dịch thuật t mới gửi,Gửi/Trả lời email
Giang vẽ cái sales plan cho q4 r nộp sếp trc t5 tuần sau nhé,Tạo nhắc nhở
m gửi email contact của bên khách hàng tiềm năng này cho phòng kinh doanh chăm sóc tiếp nha,Gửi/Trả lời email
Duyệt cho anh cái đề xuất giảm tần suất review hàng tuần,Phê duyệt
giám đốc cf lại mấy cái điều khoản trong hợp đồng xây dựng để tui ký,Phê duyệt
"t cần biết bên đối tác phần cứng Mexico đã chốt ngày họp chính thức chưa, ai có info không",Giao việc
Anh Phát liền thống nhất lại quy trình là gửi yêu cầu cho nhóm phụ trách nhưng anh Phát sẽ là đầu mối tiếp nhận chính mọi thông tin,Tạo nhắc nhở
mng gửi email lại sđt cá nhân cho phòng hr tổng hợp nha,Gửi/Trả lời email
E hỏi sếp Tuấn xem ổng rảnh lúc nào thì nhờ ổng nói lại cái plan của dự án này nha do nãy giờ ổng im re t k biết ổng định tính sao,Giao việc
Phượng vô crm update trạng thái win/loss mấy con lead trc khi nghỉ nay nha,Tạo nhắc nhở
đoan tổng hợp báo cáo số lượng màng co và thùng carton bị hư hao trong sản xuất Q4,Soạn báo cáo
Lan rep cái mail của bả r hỏi xem có cần mình liên hệ thẳng vs bên Accenture để xử lý k nhe để t còn biết đường báo lại cho sếp,Gửi/Trả lời email
a Cường gửi cho e xin cái link tải phần mềm kế toán,Gửi/Trả lời email
chị Lan chỉ định Nam lead team IDC QA test đợt 3 này r nha,Phê duyệt
Set cái meeting lúc 2h t2 để team sale xuất khẩu với team chứng từ sync lại quy trình làm việc.,Lên lịch họp
anh Bảo bổ sung thêm đường truyền mạng cho các phòng họp nha,Giao việc
Mai kiếm cho anh mấy con server cấu hình như này nha,Giao việc
Thu lấy jd r đăng tin tuyển 2 ông dev lên vietnamworks trc chiều t3 này nha,Tạo nhắc nhở
mng nhớ note lại deadline nộp báo cáo cuối tháng nhe,Tạo nhắc nhở
Vy nay gửi offer letter cho bạn dev mới trc cuối ngày đi em,Tạo nhắc nhở
M liên hệ vs bả Kumi hỏi coi bả dùng cách gì để gom requirement từ bên Châu Âu về vậy nha để t rảnh t hỏi bả thêm mấy cái list nữa,Giao việc
Uyển tổng hợp kết quả khảo sát nhân viên mới về chất lượng tuần onboarding giùm a,Soạn báo cáo
Duy đứng ra lo vụ demo với chốt NDA với sếp nhe,Giao việc
Tuấn kéo cái build mới nhất về test đi,Giao việc
a Hùng check xem ba mươi cái ghế mới có vừa vs bàn làm việc k,Giao việc
nhắc mn kiểm kê lại số bản quyền phần mềm CC còn lại trước khi đặt mua thêm nhé,Tạo nhắc nhở
Hà gọi a Vương bên đại lý nhắc kí gia hạn hđ trc ngày 15 tháng này e nhé,Tạo nhắc nhở
Minh với Khánh check kỹ lại rồi gửi feedback để em còn xử lý mấy phần khác,Giao việc
lịch hiện tại bị cấn rồi nên mng dời lịch họp weekly sang sáng thứ 3 hàng tuần giúp em,Lên lịch họp
Bửu làm slide tổng kết kết quả a/b testing tốc độ tải trang landing page mới nhe m,Soạn báo cáo
cái pr của e a vừa review xong thấy code logic khá ok r a đã approve r đó e merge thẳng vào nhánh chính luôn đi để chiều nay team QA họ lấy ra test,Phê duyệt
Lan theo dõi tiến độ viết kịch bản đào tạo của Cường cho buổi thứ 2 tuần sau nhé,Giao việc
Lên lịch họp chuẩn bị hồ sơ đánh giá chứng nhận ISO 9001 định kì vào sáng thứ 3.,Lên lịch họp
M soạn cái mail báo cho lão Minh biết là mình đã update đầy đủ thông tin cuộc gọi vô hệ thống r nhe để ổng khỏi phải càm ràm,Soạn báo cáo
sếp duyệt cái claim chi phí đi ăn uống teambuilding tháng rồi của team tech ạ,Phê duyệt
Ngọc vô base duyệt lệnh hoàn tiền cọc cho khách trc 5h chiều nay đi m,Tạo nhắc nhở
Anh Tuấn duyệt việc server báo quá tải trước khi ngắt kết nối là bth,Phê duyệt
m xuất data r làm file bc kho hnay cho t với nha Bảo,Soạn báo cáo
anh Hải và anh Hưng nhờ chị Trúc xin thông tin liên hệ phía đối tác,Giao việc
cái sơ đồ đó sơ sài quá nên m hỏi lại xem khách họ cần chi tiết tới mức nào,Giao việc
forward cái số fax mới qua cho chị Lan,Gửi/Trả lời email
anh Cường đã thử gọi nhưng bị dập máy nên anh nhờ anh Kiên gọi lại cho mình khi có mặt ở văn phòng,Lên lịch họp
Băng tạo r tổng hợp link utm tracking campaign trc 4h chiều t nha,Tạo nhắc nhở
Mọi người rảnh thì chiều thứ 6 mình set meeting bàn chuyện mở chi nhánh mới nhé,Lên lịch họp
Hà hôm nay là ngày hai mươi của tháng rồi là hạn cuối cùng để nộp các giấy tờ khai báo thuế thu nhập doanh nghiệp cho cơ quan nhà nước đó em. Nếu trễ hạn dù chỉ một ngày là công ty sẽ bị phạt số tiền rất lớn đấy. E ktra lại các con số cho thật chuẩn xác rồi nộp hồ sơ kê khai thuế lên cổng thông tin ngay trong ngày hôm nay giúp chị nha,Tạo nhắc nhở
Em gửi mail đính kèm tài liệu hướng dẫn sử dụng phần mềm cho phòng sales rồi đó,Gửi/Trả lời email
Luân duyệt cái phí retainer hàng tháng của bên PR agency giùm c nha,Phê duyệt
sếp cf lại xem bên mình có chính sách nghỉ thai sản cho nam nhân viên không để em báo lại.,Phê duyệt
Book phòng họp VIP để sếp tiếp đoàn đại biểu tỉnh vào 9h sáng mai.,Lên lịch họp
Sang tuần anh đi công tác rồi nên Thành chủ động follow cái tiến độ của bọn đối tác nhé,Giao việc
a Nam giao Hương viết document hướng dẫn sử dụng hệ thống mới cho toàn bộ nhân viên,Giao việc
Thúy gửi tờ khai thuế tháng cho gđ kí trc eod t4 này nhé,Tạo nhắc nhở
Thu làm báo cáo tổng kết hiệu ứng truyền thông của sự kiện từ thiện,Soạn báo cáo
T gửi m cái roadmap rồi nên chiều nay anh em mình set up một buổi meeting để review nha,Lên lịch họp
anh Phát nhấn mạnh phải dùng bản cuối tháng mới kiểm tra được ứng dụng,Tạo nhắc nhở
Trang lên lịch họp toàn cty bàn vụ teambuilding hè này vào chiều t6 nhe.,Lên lịch họp
Đức xuất data làm báo cáo lượng bug tuần này trên jira đi e,Soạn báo cáo
quân xuất report thời gian phản hồi trung bình (SLA) của team cskh trên facebook tuần này,Soạn báo cáo
m cài đặt cái phần mềm diệt virus cho mấy máy mới mua đi,Giao việc
Vi chốt kịch bản r quăng cho kol xem trc trưa t6 để t7 họ live nha,Tạo nhắc nhở
Nhớ đính kèm cái file thỏa thuận hợp tác trong mail gửi đối tác nha m,Tạo nhắc nhở
Sếp nhờ e viết sẵn một cái biên bản cuộc họp sáng nay vs bên nhà thầu nha Vy để lát nữa ổng xem lại r in ra cho các bên ký chốt luôn trong ngày,Soạn báo cáo
em Hương làm bản bản đề xuất hợp tác với đối tác vận chuyển gửi cho Bảo trước thứ 4 nhé,Giao việc
Giám đốc Đức ơi phòng hành chính nhân sự đã tìm được mặt bằng văn phòng mới rộng rãi và thoáng mát hơn ở quận ba rồi ạ. Giá thuê cũng nằm trong khả năng chi trả của công ty mình và chủ nhà đồng ý hỗ trợ thời gian sửa chữa là một tháng miễn phí. Anh xem qua dự toán chi phí vận chuyển đồ đạc và phê duyệt ngân sách chuyển văn phòng làm việc để em ký hợp đồng cọc tiền nhé anh.,Phê duyệt
a check xem bên khách hàng họ có tự lo chi phí ăn ở đi lại đợt này k để e báo lại cho phòng kế toán chuẩn bị ngân sách công tác nha,Giao việc
a Công hứa sẽ rep mail hỏi rõ nhà cung cấp về vụ đường truyền nhe,Gửi/Trả lời email
Lên lịch họp với đối tác trên hội sở vào mùng 9 hoặc mùng 10 để chốt lại cái scope of work cho dự án mới giúp anh,Lên lịch họp
Nhớ dời lịch cài đặt server sang sáng thứ 2 tuần sau nhé,Tạo nhắc nhở
Hẹn khách hàng xem nhà mẫu dự án quận 2 vào nguyên ngày chủ nhật giùm t.,Lên lịch họp
t gửi mày cái file report r nha rảnh thì rep t biết cái tình hình bên Airborne Freight hiện tại thế nào r nha,Gửi/Trả lời email
anh Nam ơi tuần trước em đi công tác dưới tỉnh để khảo sát thị trường tiêu dùng mở đại lý mới đó anh. chi phí thuê phòng nghỉ và tiền xe đi lại có phát sinh cao hơn một chút so với dự tính ban đầu do vào mùa du lịch. anh xem lại các hóa đơn đính kèm rồi phê duyệt giấy đề nghị thanh toán công tác phí để em nhận lại tiền ứng trước nhé.,Phê duyệt
file này cần qua thêm một vòng sếp Nam duyệt nữa nhe ae,Phê duyệt
fw cái đề xuất thanh toán này qua cho anh Dũng duyệt giùm t,Gửi/Trả lời email
c Mai note lại vụ gọi điện nhắc đối tác chuẩn bị kịch bản call center mới nha để sáng mai sếp Hùng qua check là tụi mình có data báo cáo,Tạo nhắc nhở
mai team set meeting ngắn xin ý kiến a Hùng xử lý lỗi hệ thống nha,Lên lịch họp
Giang lấy cái file csv data khách hàng gửi mail cho bên ship nha,Gửi/Trả lời email
chốt mức lương offer cho bạn data engineer mới phỏng vấn hqua đi ae,Phê duyệt
anh Tuấn hỏi anh Bảo đã làm tài liệu hướng dẫn các bước cài đặt và cấu hình chưa,Tạo nhắc nhở
Anh Sơn chia công việc theo từng ngày r set lịch gọi cho khu vực bờ Đông vào mười hai giờ trưa nha vì a Tuấn sẽ trực tiếp trao đổi,Lên lịch họp
"Hà ơi review và approve bản PQA này cho Minh với, anh ấy cần triển khai hôm nay",Phê duyệt
Lộc làm báo cáo chi tiết chi phí lưu trữ database trên google cloud tháng rồi rùi gửi t,Soạn báo cáo
"Lan đặt lịch meeting với đối tác đối tác phần cứng vào sáng thứ 4 nhé, khoảng 9h là ok",Lên lịch họp
sáng thứ 2 Long nhớ ném t cái bc tuần trc nhe m,Tạo nhắc nhở
Lan đặt lịch gặp bên cung cấp giải pháp để họ demo thử hệ thống mới cho team xem,Lên lịch họp
Em note lại mấy cái đầu việc cần làm cho chuyến công tác Hà Nội tuần sau gửi anh Cường,Soạn báo cáo
Linh đặt lịch onboarding cho 3 bạn nhân viên mới vào sáng thứ 2 tuần sau nha,Lên lịch họp
c Vy fwd các góp ý liên quan đến phần văn bản hiển thị và yêu cầu a Dũng phải chỉnh sửa xong trước khi phát hành bản cập nhật cho khách hàng,Giao việc
gửi t cái link bản vẽ layout kho hàng mới qua mail nha Lộc,Gửi/Trả lời email
sau khi anh Tuấn thông báo với đội phát triển rằng tệp chạy ngoại tuyến bị lỗi do thiếu dữ liệu anh Bảo cho biết vấn đề đã được xử lý ngay trong sáng nay,Tạo nhắc nhở
Sếp Nam follow cái timeline này nhé nếu có task nào trễ tiến độ thì báo tớ ngay,Giao việc
"mn nhớ sao lưu data máy chủ trước 12h đêm cn nhé, maintenance bắt đầu lúc 0h",Tạo nhắc nhở
chị Hương ơi draft bản đề xuất chương trình thưởng cho nhóm kinh doanh Internal gửi Giang nhé,Soạn báo cáo
m liên hệ bên IT xin lại cái form đánh giá nhân sự mới nhất giùm a nhe nãy a kiếm trên drive k thấy cái nào update ráo trơn,Giao việc
em lên lịch kickoff dự án vào ngày 8 với 9 tháng 2 và mời sếp Tuấn tham gia qua Webex ,Lên lịch họp
Nhớ book lịch mời khách hàng đi ăn tối tri ân vào tối t7 tuần này nha mng.,Lên lịch họp
My xác nhận chốt số dư sao kê ngân hàng tháng trước với bên kiểm toán,Phê duyệt
Lâm tổng hợp data làm báo cáo tỉ lệ click-through-rate của bản tin email tuần này,Soạn báo cáo
Duy lên agoda book trc phòng ks cho team đi đn trc thứ 6 nha,Tạo nhắc nhở
 Dũng ráng thu xếp thời gian tham gia cuộc họp trực tuyến vs đối tác để trình bày về cái giải pháp tích hợp hệ thống mới này giúp sếp nha,Giao việc
sếp Tuấn duyệt cái form xin nghỉ phép thứ 6 tuần này trên base cho em với,Phê duyệt
Thiện share link drive chứa source code backend qua mail cho mấy bạn intern,Gửi/Trả lời email
a Tuấn có dời lịch họp sang chiều muộn đc k vì nãy check calendar thấy full lịch ráng xếp vô là k có thời gian cho khách hỏi đáp đâu,Giao việc
"Tuấn nhớ fax hợp đồng cho đối tác trước 9h sáng mai, họ cần gấp",Tạo nhắc nhở
sếp Nam ký duyệt cái form tạm ứng tiền công tác cho em đi ạ,Phê duyệt
Khoa lên nội dung file mô tả kĩ thuật con Casio để mai đi gửi khách,Soạn báo cáo
Set meeting nghiệm thu giai đoạn 1 dự án triển khai phần mềm nhân sự HRM chiều thứ 4.,Lên lịch họp
Toản email link tải bộ cài đặt tool nội bộ cho các bạn nhân viên mới,Gửi/Trả lời email
My Soạn thảo thống kê số lần đối tác gọi vượt quá rate limit API của hệ thống mình nhe,Soạn báo cáo
Tùng ném cái template kpi vào mail cho ae trong team tự điền đi,Gửi/Trả lời email
sếp kêu e tự động hóa cái luồng test tải này luôn cho tiện chạy nha,Giao việc
Tú cấp quyền github vs aws cho ku Lâm dev mới trc 2h chiều dùm a,Tạo nhắc nhở
a Nam giao Minh check lại toàn bộ máy chủ trước khi nhóm Nhật test nhé,Giao việc
Việt duyệt dùm t cái hợp đồng nguyên tắc của bên đại lý cấp 1,Phê duyệt
sếp phân bổ thêm mấy bạn dev qua phụ em build cái module phần mềm này cho kịp tiến độ,Giao việc
Tường hẹn team admin họp chốt danh sách bệnh viện khám sức khỏe định kì năm nay vào chiều nay.,Lên lịch họp
bác reply mail cho xin cái feedback về con Siebel 6 vs 7 nha,Gửi/Trả lời email
chị Lan soạn form đánh giá thử việc cho bé intern mới nhé,Soạn báo cáo
anh check rồi approve cái mã phiên bản release đợt này giúp tụi em với.,Phê duyệt
anh Khoa đề xuất bộ phận cũng nên đi theo hướng này miễn là khách hàng có nhu cầu,Soạn báo cáo
anh Bằng nén mấy file 3d render gửi mail cho em trc trưa nay nhe,Gửi/Trả lời email
gửi lại thư đính kèm hợp đồng mua bán vật tư bản cuối cùng cho nhà cung cấp ký duyệt,Gửi/Trả lời email
anh em phòng kỹ thuật viết giúp tui cái danh sách mấy cái lỗi cần chỉnh sửa trên app nha,Soạn báo cáo
e dời lịch meeting sang 4h để kịp tham gia cuộc họp lúc 5h,Lên lịch họp
tiên forward cái mail notice pháp lý cho a luật sư check giùm sếp,Gửi/Trả lời email
anh email cho khách xin lại danh sách khách mời bên dự án Wyeth chứ không phải NML nha,Gửi/Trả lời email
Hùng tối hôm thứ bảy vừa rồi hệ thống thanh toán trực tuyến của chúng ta bị gián đoạn mất gần ba tiếng đồng hồ khiến rất nhiều đơn hàng bị hủy bỏ tự động đó em. Khách hàng để lại bình luận tiêu cực khắp nơi trên mạng xã hội luôn. em rà soát lại tập tin ghi chú lỗi rồi viết báo cáo sự cố sập hệ thống thanh toán để a mang đi họp với ban giám đốc đưa ra phương án khắc phục nhé.,Soạn báo cáo
Nam rà soát lại mấy cái technical issue r cài lại con server giùm c,Giao việc
Lên lịch họp post-mortem vụ sập app hôm qua với cả team kĩ thuật vào sáng t4.,Lên lịch họp
định xem rùi chốt mẫu áo khoác đồng phục mùa đông cho nhân viên trc trưa nay,Phê duyệt
anh fwd cái quyết định giữ lại hệ thống tường lửa cũ cho phòng IT,Gửi/Trả lời email
Minh review bản tài liệu đặc tả kỹ thuật kỹ thuật của nhóm Nhật và cho ý kiến trước thứ 4 nhé,Phê duyệt
Hạnh confirm danh sách nhân sự được duyệt làm remote thứ 6 này,Phê duyệt
anh Đạt đang cần gấp một máy chủ phần mềm quản lý nhưng công ty lại không có sẵn,Lên lịch họp
mn làm plan tuần sau gửi t trc 9h sáng t2 nha. Vy nhớ làm file detail nha e,Tạo nhắc nhở
sếp set up một buổi họp riêng với team dự án để tui clear lại mấy cái scope,Lên lịch họp
chị Mai gửi mail file biên bản đối chiếu công nợ tháng tư cho đại lý cấp 1 giúp em,Gửi/Trả lời email
A soạn rồi gửi luôn cái bảng kê khai chi phí công tác tháng 6 cho bộ phận kế toán nha,Gửi/Trả lời email
Anh Khoa yêu cầu đội vận hành làm việc trực tiếp với đội quản trị máy chủ bên đối tác để khoanh vùng sự cố và nhanh chóng khắc phục,Giao việc
Anh Sơn rà soát lại xem bản release này còn sót cái bug nào không,Giao việc
Ban giám đốc đang họp bàn và thảo luận chi tiết về năng lực của ứng viên tiềm năng tên là Phong,Lên lịch họp
Nhật check mail xem e nhận đc file scan NDA chưa nha,Gửi/Trả lời email
"Duy theo dõi giúp t vụ gia hạn tên miền tên miền công ty nhé, đừng để quá hạn",Giao việc
xem rùi duyệt nội dung bài PR để mai gửi báo đăng nha bạn,Phê duyệt
Hảo confirm cái kịch bản phân cảnh storyboard của bên agency quay tvc nha,Phê duyệt
Việt book lịch ae mình ngồi review lại cái system architecture tầm 2 tiếng trưa mai nha.,Lên lịch họp
Hương nhờ mấy bạn bên phòng kỹ thuật set up cái phòng họp trực tuyến nha để mai sếp demo cái app mới cho mấy ông bên đối tác DOD,Giao việc
Chị Bích nghỉ thứ hai r nên e dời cái lịch meeting trực tuyến sang 9h sáng thứ ba nha sếp Dũng nhớ gửi trước tài liệu cho team bên Ấn Độ,Lên lịch họp
Gọi lại cho anh Phong báo tình hình cái file hợp đồng thuê mặt bằng xem bên đó họ đã chịu chốt giá chưa nha,Giao việc
Nghĩa xuất data tổng hợp số lần lỗi giao dịch qua cổng thanh toán VNPay tháng 9,Soạn báo cáo
Đức ơi t thấy cái landing page mới bên design nó vẽ đẹp mà m code css nhìn sida vãi. trên mobile bị tràn viền lum la kìa. m về viết lại media query r tối ưu responsive trc sáng mai nha để còn chạy ads,Tạo nhắc nhở
Long xin quyền access vô cái bản official build ae rảnh mở giúp,Phê duyệt
chị Thảo ơi bên xưởng in họ vừa gửi lại ba mẫu thiết kế vỏ hộp bánh trung thu cho năm nay rồi đó chị. em thấy màu đỏ sẫm nhìn sang trọng và hợp với tiêu chí của nhãn hàng mình nhất. chị lướt qua tệp hình ảnh trong nhóm trò chuyện rồi phê duyệt mẫu thiết kế vỏ hộp để em chốt số lượng đặt in với xưởng luôn nha chị.,Phê duyệt
Set lịch sprint planning tuần tới vào 9h sáng t2 giùm,Lên lịch họp
Nam liên hệ với chị Mai để lấy thông tin về cái hội thảo chiều nay nha,Giao việc
chị Hương hỏi giúp em anh Minh xem hợp đồng với sàn giao dịch đã ký chưa,Giao việc
mail lại cho c Lan báo team mình chốt ngày 11 đến 14 tháng 2 nha,Gửi/Trả lời email
m tổng hợp feedback với mấy idea mới gửi t nhe Nam,Giao việc
Vương chốt layout chia không gian gian hàng hội chợ trc h nghỉ trưa nha,Phê duyệt
vô figma approve mấy cái wireframe user flow t mới vẽ lại nhe,Phê duyệt
ở email thứ hai anh Khoa thông báo đã xử lý xong mã lỗi hệ thống và cập nhật thông tin chi tiết cho cả nhóm,Gửi/Trả lời email
Ngày mai Huyền nhớ gửi file excel chấm công tháng này qua mail cho HR trc 12h trưa nha em,Gửi/Trả lời email
tks m nha m lo thêm phần đi lại cho sếp Tuấn đi,Giao việc
em Hà soạn email thông báo thay đổi lịch họp với toàn bộ nhóm nhé,Soạn báo cáo
anh Tiến check mail nhận vé máy bay với booking ks e mới forward nha,Gửi/Trả lời email
bảo ném cái proposal event vào mail cho team bên kia coi thử ok k,Gửi/Trả lời email
Sơn nhắc mn chỗ point cái build này vào đâu nha r gửi cái mail cho a Tuấn nhờ ổng check lại giùm t nhe để rảnh t quăng vô hệ thống luôn,Tạo nhắc nhở
Toàn viết biên bản tổng kết quá trình tối ưu tốc độ load app của team dev tháng này,Soạn báo cáo
Trang tổng hợp data làm slide phân tích tỉ lệ rời bỏ của tệp khách hàng doanh nghiệp Q1,Soạn báo cáo
Nghi chốt cái thông số kĩ thuật in trên cuốn catalogue sp mới trc trưa nay,Phê duyệt
tạo report đánh giá thời gian chạy xong 1 vòng CI/CD pipeline của team dev tuần này,Soạn báo cáo
chị Ái chuyển tiếp thư có cái chứng từ nộp ngân sách nhà nước cho sếp nha,Gửi/Trả lời email
Tạo meeting online tối nay 8h để ae infra xử lý dứt điểm cái lỗi database nha.,Lên lịch họp
tạo file báo cáo log lại mấy đơn hàng bên vận chuyển vi phạm cam kết SLA tuần này nha,Soạn báo cáo
Hỏi lại team xem có ai update thông tin gì vào cái file danh sách khách hàng chưa,Giao việc
m soạn dùm a một cái bài pr giới thiệu mấy cái app mà công ty mình đang triển khai nhe để tuần sau đăng lên fanpage kéo tương tác,Soạn báo cáo
Kiệt lập bảng xếp hạng điểm bảo vệ đề tài tốt nghiệp của lứa thực tập sinh tháng này,Soạn báo cáo
chiều nay tầm 3h e set lịch meeting để team mình ngồi lại review cái đống requirement mới của bên khách hàng nha a Tuấn chuẩn bị trước dùm e mấy cái slide,Lên lịch họp
đến cuối luồng trao đổi danh sách dữ liệu khách hàng đang được bộ phận chuyên trách tiến hành thu thập,Phê duyệt
mấy ae rà soát r góp ý cho cái bản nháp này giùm e sếp nha,Giao việc
Minh ngày mai công ty mình có đoàn thanh tra của sở ban ngành xuống làm việc kiểm tra giấy tờ sổ sách đó em. cái tủ tài liệu góc phòng đang chứa rất nhiều giấy tờ nháp và hồ sơ cũ không cần thiết nhìn rất bừa bộn. em dành thời gian buổi sáng dọn dẹp tủ tài liệu hồ sơ cũ trước mười hai giờ trưa ngày mai để phòng ốc trông gọn gàng chuyên nghiệp nhé.,Tạo nhắc nhở
thằng Thành coi lại coi task thiết kế database cho khách đã hoàn thành xong hết chưa nghen.,Giao việc
triển khai luôn cái tool auto test url cho app bên khách hàng đi Sơn vì a thấy dạo này manual test tốn thời gian quá k kịp tiến độ phase 3 đâu,Giao việc
gửi mail nhắc nhở toàn thể nhân viên cập nhật báo cáo thành tích quý 1 đi em,Gửi/Trả lời email
Soạn cái báo cáo nguyên nhân sự cố sập web sáng nay gửi sếp nha,Soạn báo cáo
sếp Danh duyệt danh sách xóa nợ xấu quý 3 giùm phòng kế toán ạ,Phê duyệt
m đẩy hết mớ data cũ sang con server mới trc lúc sếp họp xong nha để mai team data có chỗ chạy mấy cái model AI nặng,Giao việc
c Vy fwd mail hỏi team về cái form đăng ký phòng nghỉ cho meeting sắp tới mà sếp Tuấn bảo k có tài liệu r hứa sẽ lục lại hộp thư,Gửi/Trả lời email
Lan ơi review và ok bản tài liệu hướng dẫn cài đặt trước khi upload lên intranet nhé,Phê duyệt
anh Tùng nghi ngờ phải mua bản đầy đủ vì công ty chưa có bản quyền phần mềm,Phê duyệt
draft cho e cái plan phân bổ người làm project Alaska nha,Soạn báo cáo
C Lan confirm mốc thời gian bắt đầu chu kỳ là ngày mười tám r nhưng nhóm vẫn đang soạn list yêu cầu chờ bên đối tác cấp phép,Soạn báo cáo
Trang chỉnh lại mấy cái typo theo feedback của anh Tuấn giùm nha,Giao việc
Cường confirm danh sách chia phòng ks đợt teambuilding trc 3h nha,Phê duyệt
Oanh chuyển tiếp email biên bản bàn giao thiết bị IT của bạn nghỉ việc cho anh,Gửi/Trả lời email
gửi t cái link figma thiết kế banner app qua mail để t cho vô slide meeting nha,Gửi/Trả lời email
xuất report đánh giá thời gian chạy build của hệ thống CI/CD trong các sprint gần đây rùi gửi,Soạn báo cáo
a Hùng chốt lịch gặp trực tiếp a Sơn thứ tư để bàn chi tiết r,Lên lịch họp
Tuấn gửi invite link meet họp bàn chiến lược q4 cho dàn lead 2h chiều t6 đi e,Lên lịch họp
anh Khang yêu cầu anh Huy cung cấp thêm chi tiết về ý tưởng nền tảng và phương án lưu trữ,Lên lịch họp
sếp Hùng đã approve cái báo giá r nha e Tuấn tiến hành mua luôn cái điện thoại công ty r gửi số mới cho mn để tiện liên lạc nhe,Phê duyệt
bạn fwd cái thông báo ra mắt sp cho phòng marketing nhé,Gửi/Trả lời email
sếp Duy duyệt đề xuất training nội bộ r nhé mng,Phê duyệt
Hương book lịch hội ý kỹ thuật về vụ nâng cấp hạ tầng máy chủ trước khi làm nha,Lên lịch họp
Lộc soạn document báo cáo kết quả đợt diễn tập phòng cháy chữa cháy ở xưởng nhe e,Soạn báo cáo
Mơ attach file script chạy auto test vào email rùi gửi team qa,Gửi/Trả lời email
anh Huy cũng đã chia sẻ phương thức liên lạc của mình cho chị Quyên,Gửi/Trả lời email
Thành ơi m gửi mail xác nhận nhận đc file báo cáo thuế cho cty kiểm toán trong sáng nay chưa,Gửi/Trả lời email
Huy nhớ submit code lên gerrit trc thứ 6 tuần này m nha,Tạo nhắc nhở
File nãy bị lỗi định dạng nên anh vừa attach lại file pdf mới trong email rồi nhé.,Gửi/Trả lời email
check rùi confirm cái UX wireframe trang checkout thanh toán đi mng,Phê duyệt
Trí confirm số lượng với size đồng phục bảo hộ lao động đợt 2 nha,Phê duyệt
a chuyển cái ổ ghi đĩa sang máy e nha Minh để chiều e tranh thủ ngồi archive lại đống stat data của dự án cũ trước khi bàn giao cho sếp,Giao việc
Long m fix xong bug giỏ hàng r thì merge code dô nhánh staging trc sáng mai để test qa nó bợ,Tạo nhắc nhở
Gửi trước cho khách cái thỏa thuận bảo mật NDA qua email để họ đọc trước nha,Gửi/Trả lời email
nhắc mn nộp báo cáo cho buổi họp ban lãnh đạo thứ 2 trước 8h sáng nha,Tạo nhắc nhở
"chị Hà ơi trả lời mail của khách hàng hỏi về chính sách hỗ trợ kỹ thuật nhé, đã 2 ngày rồi",Gửi/Trả lời email
Hùng tìm lại bản NDA mới nhất rồi gửi qua đây cho anh check nha,Giao việc
anh Tuấn approve chốt lại cái UI/UX cho app đợt này đi ạ,Phê duyệt
Vy chỉnh lại mấy chỗ sai trong report giùm a nha,Giao việc
Phong gom bks của mấy mống newbie đky thẻ xe vs bql tòa nhà trc ngày 15 m nhé,Tạo nhắc nhở
Trọng gửi cái offboarding checklist cho b intern nghỉ việc trc 5h c nhe,Tạo nhắc nhở
sáng mai Nhung nhớ call nhắc ứng viên pv trc 9h nha,Tạo nhắc nhở
thái forward a cái deck phân tích competitor của team mkt,Gửi/Trả lời email
chị Linh mời sếp Minh cùng tham gia vô cuộc họp này luôn,Lên lịch họp
em Minh trả lời xác nhận danh sách người tham gia sự kiện triển lãm công nghệ cho Emma nhé,Gửi/Trả lời email
Yến e check coi bên GHTK dạo này giao trễ hay sao mà CSKH báo khách complain om sòm n đòi hủy đơn kìa. e lấy mã vận đơn r đối soát lại lịch trình giao hàng coi có lố cam kết k. xuất liền cho c cái báo cáo SLA vận chuyển tuần này để c gõ đầu thg bưu tá,Soạn báo cáo
Quỳnh duyệt mẫu áo thun đồng phục mới rùi chốt số lượng đặt may đi m,Phê duyệt
Đặt lịch họp hội đồng chuyên môn duyệt bản mẫu giáo trình đào tạo nội bộ thứ 3.,Lên lịch họp
Khoa làm cái list báo tăng bhxh cho mấy mống mới kí hđlđ tháng này đi. làm nhanh nộp lên cổng bhxh q3 trc ngày 20 nha m. m để trễ nó phạt chậm nộp sếp gõ đầu m á.,Tạo nhắc nhở
a Lãm xem các điều khoản rùi approve hợp đồng booking KOL đợt này đi,Phê duyệt
a Dũng gửi mail hỏi sếp Hùng cái bưu phẩm gồm server vs màn hình giao từ đối tác là của ai r sếp rep là bị giao sai địa chỉ nha,Gửi/Trả lời email
"em Linh sắp xếp meeting với đối tác triển lãm công nghệ giúp chị, khoảng thứ 5 tuần sau",Lên lịch họp
a Nam ơi chuyển tiếp toàn bộ tài liệu ART và DDS cho Philip theo yêu cầu của Đạt,Gửi/Trả lời email
mn ai có giảm trừ gia cảnh thì khai vô form nha. Việt gom form của phòng mình nộp nhân sự trc t6 nè,Tạo nhắc nhở
nhắc bé Trang chiều nay gọi lại cho t gấp,Tạo nhắc nhở
anh Kiên rà soát thông tin trong bản nháp thỏa thuận quan hệ chiến lược,Giao việc
Anh nhắc Tuấn gửi lại mấy câu hỏi về vận hành trong cuộc họp SWAT tuần trước giùm em,Giao việc
Sơn forward em cái email báo cáo lỗi server hôm qua của team dev,Gửi/Trả lời email
Khoa ơi hỏi thăm nhóm kiểm thử xem bản bản dựng mới đã pass test chưa nhé,Giao việc
A Tuấn báo nguyên nhân có thể do phần dự báo của app Salesforce r yêu cầu tạo phiếu hỗ trợ đính kèm báo cáo lỗi nhe,Giao việc
team mình book phòng họp để thảo luận lại định hướng chiến lược marketing quý này gấp,Lên lịch họp
"chị Lan ơi hỏi giúp em bên đối tác đối tác đã trả lời chưa, mình chờ lâu rồi",Giao việc
team đang nỗ lực hoàn thiện ý tưởng r ráng set một cái meeting để bàn việc liên hệ vs các đối tác gia công bên ngoài nhằm tìm hiểu cách thức vận hành thuật toán gửi cảnh báo,Lên lịch họp
Linh forward chị cái mail báo cáo kết quả kiểm toán nội bộ đợt 1 đi,Gửi/Trả lời email
sếp Giang hqa team mình mới đón 1 bạn BA mới vô thầu cái project e-com á sếp. cơ mà bả đang than k có quyền vô xem mấy cái board sprint của team dev. e mạn phép xin sếp vô base duyệt cấp quyền admin Jira cho bạn BA mới này để bả tạo ticket nha a,Phê duyệt
chị Lan ơi bạn nhân viên kế toán kho đã làm xong thủ tục bàn giao tài sản và phần việc dở dang cho người mới rồi ạ. Hợp đồng lao động của bạn ấy cũng chính thức chấm dứt từ ngày hôm qua. Em đã tính toán xong số tiền lương những ngày làm việc cuối cùng và tiền phép năm còn thừa. chị vào phần mềm phê duyệt khoản thanh toán nghỉ việc để em chuyển khoản trả bạn ấy dứt điểm nhé chị.,Phê duyệt
Minh điều phối xe giao đơn 123 đi q7 trc 3h chiều nay cho ngta ko ngta phốt m chết,Tạo nhắc nhở
a Bằng duyệt tài liệu training kĩ năng mềm cho team CSKH nhe,Phê duyệt
Hà draft thêm 1 bản company profile nữa để gửi cho dự án mới nha,Soạn báo cáo
Yên xuất file excel báo cáo sự thay đổi thứ hạng từ khóa aso trên apple store tháng này,Soạn báo cáo
c Bích in cái bài báo khen ngợi ứng dụng mạng k dây này ra để bổ sung vô bộ tài liệu PR cho đối tác xem ngay ngày mai nha,Giao việc
Vũ rep mail sếp kèm cái file slide báo cáo thị phần quý vừa rồi trc 11h nghen,Gửi/Trả lời email
Toàn lập cái báo cáo ghi nhận tổng thời gian downtime do bảo trì máy móc ở xưởng nhe,Soạn báo cáo
Trường confirm bộ KPI quý 2 của team sale trc cuối tuần nha m,Phê duyệt
Sáng t2 tuần tới Bảo lên lịch orientation cho mấy bạn newbie nhé.,Lên lịch họp
anh Khang chuyển tiếp thư có đính kèm bản sao giấy chứng nhận phòng cháy chữa cháy cho ban quản lý tòa nhà nhé,Gửi/Trả lời email
Đặt phòng họp kính để ngồi nghe agency báo cáo nghiệm thu campaign hè lúc 2h chiều nay.,Lên lịch họp
Sáng mai họp Lan nhớ order ít bánh ngọt cho team nha,Tạo nhắc nhở
Quyên tổng hợp biên bản giải trình chênh lệch số tiền hoàn trả cho khách trên hệ thống,Soạn báo cáo
Nhật gửi email confirm lại cái lịch cho ông Long nha m,Gửi/Trả lời email
Nhớ nhắc nhà hàng sắp thêm một ghế cho anh Phong đi ăn trưa cùng team nha,Tạo nhắc nhở
t sẽ viết cái report đánh giá hiệu năng của đoạn script này để mng nắm tình hình,Soạn báo cáo
Hẹn các trưởng nhóm sale thị trường họp online chốt target tháng mới lúc 9h tối nay.,Lên lịch họp
sếp Hải k duyệt vụ gạch tên nhóm tài chính khỏi list khách mời đâu nha,Phê duyệt
Lộc sắp xếp buổi làm việc với sở công thương về vụ đăng kí khuyến mãi chiều mai giùm sếp.,Lên lịch họp
Lộc ơi gửi email thông báo bảo trì hệ thống kèm file timeline cho KH nhé,Gửi/Trả lời email
Lan fwd cái mail yêu cầu cụ thể của sếp qua cho a xem nha,Gửi/Trả lời email
Đặt lịch họp chốt tính năng app phiên bản 2.0 với bên product vào 2h chiều mai nha.,Lên lịch họp
Viên xuất data làm báo cáo tỉ lệ cross-sell các gói bảo hiểm tháng này,Soạn báo cáo
mail cho kế toán hỏi địa chỉ nhận hóa đơn điện tử nha em,Gửi/Trả lời email
Châu làm bảng tổng hợp báo cáo đánh giá KPI nhân viên Q1 nhe,Soạn báo cáo
Chiều mai 2h ae rảnh không vô meeting room A ngồi chốt cái flow thanh toán nha.,Lên lịch họp
Đặt lịch phỏng vấn online với mấy bạn ứng viên remote chiều mai giùm phòng nhân sự.,Lên lịch họp
Mạc tổng hợp báo cáo tỉ trọng chi phí vận chuyển trên tổng doanh thu trong Q4 đi,Soạn báo cáo
A Hùng fwd tin nhắn a Sơn yêu cầu thanh toán tiền thưởng sign-on bonus nhe,Phê duyệt
Lên lịch họp định kì review hiệu quả chạy ads hàng tuần vào 10h sáng t6.,Lên lịch họp
anh lấy cái mã kích hoạt license để em cài phần mềm Insigna cho máy công ty nha,Giao việc
Thư làm report đánh giá mức độ sử dụng app sức khỏe nội bộ của nhân viên tháng 10 nha,Soạn báo cáo
anh Toàn và anh Phát đã hẹn lịch trao đổi cụ thể về tài liệu này,Lên lịch họp
Hà chốt kịch bản tập podcast tháng 11 với khách mời trc 4h chiều,Phê duyệt
Phương list ra ds 10 con KOL mảng beauty rồi nhắn hỏi báo giá trc thứ 6 nha em,Tạo nhắc nhở
đem luôn cái lap t check cho lẹ m,Giao việc
Bảo chốt cái logic tạo mã giảm giá combo trên app rùi gửi dev,Phê duyệt
Oanh tổng hợp file báo cáo chi phí sửa chữa các chi nhánh trong cả năm qua đi,Soạn báo cáo
c Bích mới fwd bài test tính năng cho team r a Dũng check liền đi,Gửi/Trả lời email
A Minh bảo m giải thích lại cái quy trình làm giá của HP cho team biết r nha m rảnh thì soạn cái slide r m qua present cho mn nhe,Giao việc
anh Khang đang tổng hợp phản hồi từ nhóm để viết báo cáo,Soạn báo cáo
a Hùng chốt lịch hẹn ăn trưa tuần tới vs c Trúc để bàn việc nha,Lên lịch họp
Vương làm document báo cáo phân tích chương trình khuyến mãi của đối thủ nha,Soạn báo cáo
Phương review r merge mấy cái pr trc 2h chiều giúp a,Tạo nhắc nhở
Diệu chốt list nv mới r đặt in thẻ tên trc t3 tuần sau để kịp trao cho cb nha,Tạo nhắc nhở
Sếp Thành đi công tác rồi nên e qua họp với team c Oanh nha,Lên lịch họp
Mẫn lập bảng báo cáo phân ca làm việc của nhân viên siêu thị tuần tới nhe,Soạn báo cáo
m rảnh thì type sẵn mấy cái nội dung để tuần sau mình làm cái newsletter gửi nội bộ nhe dạo này nhiều tin tức hay ho lắm,Soạn báo cáo
sếp Vương duyệt bảng dự trù kinh phí tổ chức sự kiện 1/6,Phê duyệt
Trường check email lấy bản scan phụ lục hợp đồng sếp mới kí,Gửi/Trả lời email
Minh ra kho đếm r chốt số lượng tồn kho bao bì t8 trc sáng mai để t báo mua thêm m nhe,Tạo nhắc nhở
em tạo nhắc nhở mai gửi tài liệu về dự án Wyeth cho anh Huy nha,Tạo nhắc nhở
Sương gom đống chứng từ giải ngân r đem ra quầy vcb nộp trc 10h sáng mai đi,Tạo nhắc nhở
Chị Vy từ chối đổi lịch vì a Tuấn chốt lịch họp khung giờ đó mất r nha,Lên lịch họp
Chị Ân trình bày chi tiết cái lỗi khi render vòng lặp chứa lệnh switch case nhe,Giao việc
mng nhớ nộp báo cáo tình hình các project nội trong tuần nha,Tạo nhắc nhở
Đức lấy form order vpp của các phòng ban gom lại đặt mua trên tiki trc thứ 4 nha,Tạo nhắc nhở
anh Đạt đã gửi email xác nhận rằng anh ấy vừa giúp cô kiểm tra xong tình trạng xe ô tô và c Thảo đã gửi lời cảm ơn sâu sắc đến anh Đạt vì sự nhiệt tình đó,Gửi/Trả lời email
bạn Phú nhớ attach mấy cái bill taxi vô mail claim chi phí nhé,Gửi/Trả lời email
A Minh ổng xin sdt của m r nha ổng bảo có gì cần trao đổi thêm thì liên lạc ổng nhe r m rảnh thì vô rep mail r cảm ơn ổng nha,Gửi/Trả lời email
Tuấn fix xong con bug thanh toán trc 12h trưa mai nhé,Tạo nhắc nhở
chị Duyên confirm đang soạn một tài liệu riêng cho a Hùng r,Soạn báo cáo
Minh rep cái insight vào group chat ae check docs nha,Gửi/Trả lời email
a Tuấn nhắn riêng cho c Vy để lên phương án xếp lịch gặp đối tác,Lên lịch họp
mn chốt lịch họp nội bộ trước buổi pitching với đối tác vận chuyển vào chiều thứ 3 nhé,Lên lịch họp
a Dũng tạo gấp phiếu yêu cầu hỗ trợ vận hành đính kèm báo cáo lỗi giao cho đội idc xử lý dứt điểm sự cố trên hệ thống này,Giao việc
Long tạo event calendar cho buổi sprint rết-rô chiều thứ 6 này nha.,Lên lịch họp
cc mình vào cái email bàn giao file cho bên team C nha bạn,Gửi/Trả lời email
làm slide tổng kết các điểm rớt (drop-off) của user khi xài tính năng thanh toán mới nha,Soạn báo cáo
chị reply email của bên đối tác về cái test simulator đi,Gửi/Trả lời email
Hùng ôm luôn phần code bí danh đa thẻ đi r tranh thủ làm xong bàn giao sớm trong tuần này vì nhóm đang rất cần đẩy nhanh tiến độ cho kịp,Giao việc
Book lịch kickoff dự án ESG xanh của công ty vào sáng thứ 3 tuần sau nha mng.,Lên lịch họp
Bảo nhờ Nam kiểm tra lại lại toàn bộ danh sách người nhận email báo cáo tuần nhé,Giao việc
em gửi bộ source code hoàn chỉnh để team QA bên mình tiến hành test nha,Giao việc
Cẩm lên lịch training về luật an ninh mạng cho toàn bộ khối back-office tuần sau nhe.,Lên lịch họp
anh cf thời gian triển khai chính thức cái app mới với bên vận hành giúp em,Phê duyệt
hai đồng nghiệp đang bàn bạc về tiến độ của một đoạn mã lệnh mà họ đang cần gấp nhưng có nguy cơ cao bị trễ hạn giao hàng,Lên lịch họp
soạn cái bảng so sánh tính năng app mình với 3 app đối thủ lớn nhất trên thị trường nhe,Soạn báo cáo
nghe rùi chốt cái nhạc nền cho video TVC quảng cáo luôn nha ae,Phê duyệt
Trinh ơi check mail tải cái catalog sp mới về nha,Gửi/Trả lời email
Mọi người vào check lại mấy cái file trên hệ thống xem có bị lỗi gì không nha,Giao việc
e lấy số liệu đtác làm bc doanh thu affiliate tháng nha Yến,Soạn báo cáo
Minh approve cái request xóa mấy cái branch cũ không xài trên github đi m,Phê duyệt
Sếp Minh bắt mọi người phân tích kỹ cái file log tải xuống nhe do dữ liệu hiện tại k đủ để chẩn đoán nguyên nhân rớt mạng đâu team cẩn thận nha,Giao việc
San làm slide báo cáo tỉ lệ upsell thành công của team sale hcm tháng này nhe,Soạn báo cáo
Khoa approve cho Việt release bản bản dựng mới lên môi trường thử nghiệm environment nhé,Phê duyệt
em Duy theo dõi vụ chuyển cấp xử lý lỗi phần mềm #264 lên R&D xem họ xử lý tới đâu rồi nhé,Giao việc
Hạ tổng hợp báo cáo tình hình sức khỏe định kỳ của toàn cty năm nay nhe,Soạn báo cáo
xuất data làm file excel thống kê các đơn hàng bị đánh dấu gian lận kênh affiliate tháng này,Soạn báo cáo
chị lên mạng tìm mua mấy cái máy pha cafe mới cho phòng nghỉ nhân viên giúp em,Giao việc
sếp Hiếu đồng ý đề xuất mua máy quét ảnh mới cho văn phòng chúng ta,Phê duyệt
Phong chuẩn bị sẵn sổ bút áo thun sổ tay nhân viên trc ngày mai cho 3 bạn newbie nha,Tạo nhắc nhở
anh Lâm đã phản hồi email để cảm ơn anh Phát,Lên lịch họp
em tổng hợp mấy cái notes họp sáng nay rồi soạn thành slide thuyết trình cho anh,Soạn báo cáo
anh reply email cho các sếp danh sách những người tham gia họp sáng nay giúp em,Gửi/Trả lời email
yến soạn mail gửi hợp đồng đại sứ thương hiệu cho quản lý của ca sĩ A check trc nha,Gửi/Trả lời email
anh Tuấn nhường quyền quyết định cho a Hùng xem dự án có thực sự cần đến tính năng này k sau khi phân tích trình duyệt k hỗ trợ thẻ iframe,Phê duyệt
mng vô duyệt cái hoá đơn tiền server aws tháng trước nha,Phê duyệt
bạn gửi email thông báo cho toàn công ty là buổi họp với bên dự án Lovell bị hủy rồi nha,Gửi/Trả lời email
Thêm cái lịch họp bổ sung vào calendar giùm c,Giao việc
m rep mail cảm ơn sếp Hùng đã gửi tài liệu hướng dẫn nha r tiện thể hỏi ổng xem tuần sau có buổi training nào k để team mình tham gia,Gửi/Trả lời email
em mang cái laptop qua phòng IT để anh check xem bị lỗi gì nha,Giao việc
Hoa đổi lịch daily meeting của team mobile từ 9h sang 9 rưỡi bắt đầu từ ngày mai nhe.,Lên lịch họp
Cúc gửi thư yêu cầu thanh toán kèm theo hóa đơn giá trị gia tăng bản điện tử cho đối tác,Gửi/Trả lời email
anh Sáng gửi đường dẫn thư mục chứa hình ảnh sự kiện hôm qua qua thư cho phòng truyền thông,Gửi/Trả lời email
Sang làm slide tính chỉ số ROI từ mấy cái clip unboxing của dàn tiktoker đợt rồi nhe,Soạn báo cáo
a Tuấn vô check sát sao giùm t cái hồ sơ đệ trình tích hợp dịch vụ thương mại điện tử nhe để t biết đường làm việc tiếp vs khách,Giao việc
"chị Hà ơi chốt lịch với nhóm đối tác công nghệ để present về partnership nhé, tuần này còn slot",Lên lịch họp
anh Minh lẹ tay fwd mấy cái thông tin liên quan cho a Sơn nha vì a ấy đang trực tiếp điều phối tiến độ phát hành cái bản build đó,Giao việc
chốt danh sách câu hỏi cho buổi họp sắp tới xoay quanh QA vs IDC thôi nha,Soạn báo cáo
a Đạt set lịch họp để review lại bộ slide thuyết trình giao diện mới nhe,Lên lịch họp
Duy cc t cái mail thanh toán tiền điện tháng này của chi nhánh 1 nhe,Gửi/Trả lời email
anh Tuấn approve request xin cấp laptop mới của Phong nha,Phê duyệt
Hưng confirm lại cái api payload cho phần đăng nhập bằng google đi e,Phê duyệt
Sắp xếp một buổi để t pitch cái plan thẻ thành viên loyalty với sếp tổng vào t6.,Lên lịch họp
"Hà ơi vòng phát triển này nhóm chạy tới đâu rồi, sếp hỏi update liên tục",Giao việc
sếp cf điều kiện cần thiết của mấy cái báo cáo doanh thu để em chốt với phòng tài chính,Phê duyệt
a Hùng cung cấp vị trí server trống r nên a Tuấn soạn lại bảng thông số kỹ thuật nhằm chứng nhận tương thích cho máy chủ tránh lỗi,Soạn báo cáo
Đăng approve cái ticket xin dump data từ db production xuống staging cho t test,Phê duyệt
Phụng xuất report tỉ lệ bounce rate của đợt bắn email mkt hqua,Soạn báo cáo
Trọng viết báo cáo đánh giá thời gian giao hàng (lead time) của các ncc q3,Soạn báo cáo
Trí xuất đủ format file logo cty r gửi bên in ấn trc 3h chiều nhe,Tạo nhắc nhở
Chị Nga đã xây dựng các luận điểm thuyết phục này và soạn sẵn một email rất chuyên nghiệp để anh Toàn gửi thẳng cho đối tác,Gửi/Trả lời email
c Mai lập list mấy người chưa nộp bản đánh giá gửi e report nha,Soạn báo cáo
Yến lên system kéo data làm bc tỉ lệ nghỉ việc Q1 nha e,Soạn báo cáo
em rep mail cho ông Dũng hỏi coi ổng có biết cách sửa lỗi kỹ thuật đợt này không nha,Gửi/Trả lời email
Nam ơi tạo lịch họp toàn công ty thông báo kết quả kinh doanh quý 3 vào thứ 2 nha,Lên lịch họp
Hải book vé máy bay sếp đi hn trc cuối ngày hnay nhe,Tạo nhắc nhở
Huấn tạo link zoom để sếp livestream townhall với toàn bộ nhân viên các miền sáng t6.,Lên lịch họp
Gửi mã bug qua đây để tớ phân công người fix cho,Giao việc
add liền tay cho t cái ip mới vào con dns nội bộ nhe Hải để bên team dev họ còn có môi trường test cái tính năng payment trước giờ nghỉ trưa,Giao việc
Long review rùi confirm cái system architecture này để chiều báo cáo sếp,Phê duyệt
khi nào e trao đổi đc vs a Tuấn về doanh số dự án sếp ơi,Lên lịch họp
"nhắc toàn nhóm update trạng thái công việc trước buổi họp đầu ngày sáng mai nha, 9h bắt đầu",Tạo nhắc nhở
Vy rà soát rùi chốt mấy điều khoản trong hợp đồng ncc,Phê duyệt
Mai xuất cái hóa đơn VAT cho hđ fpt r scan gửi mail cho chị nhàn kế toán bên đó trc t6 nha,Tạo nhắc nhở
anh Kiên set lịch call vs sếp Quân để bàn vụ này asap nha,Lên lịch họp
chị Vy biên soạn danh sách các lỗi đang ảnh hưởng đến phần mềm người dùng r update thêm một list báo cáo các lỗi cần khắc phục ngay lập tức,Soạn báo cáo
Hưng email nhắc bên đối tác gửi chi tiết mấy cái thông số kỹ thuật với chức năng hỗ trợ cho mình,Gửi/Trả lời email
Khang book lịch call với bên cung cấp nền tảng e-learning để nghe demo trưa t4 đi.,Lên lịch họp
Lê xem nhanh rùi duyệt cái kịch bản phản hồi xử lý khủng hoảng truyền thông vụ này gấp,Phê duyệt
Thắng nộp proposal thầu mkt trc 12h trưa thứ 6 tuần này nha em,Tạo nhắc nhở
Trang check xem toàn bộ nv trong văn phòng có xài chung một bản software chưa,Giao việc
Tạo meeting online 10h tối nay để chốt phương án bảo trì server cuối tuần đi mng.,Lên lịch họp
Cấp quyền truy cập folder cho em với chị Lan với sếp ơi,Giao việc
t mới fwd CV bạn intern mới Hà vs Lan chốt slot phỏng vấn r báo lại,Lên lịch họp
sếp Dương duyệt quyết định thăng chức cho bé hr admin lên chuyên viên ạ,Phê duyệt
Khoa gửi bản script test cuối cùng cho John trước buổi review thứ 5 nha,Gửi/Trả lời email
do nhóm kỹ sư ứng dụng đang quá tải anh Phát và anh Khang là hai người được chỉ định hỗ trợ,Lên lịch họp
soạn thư gửi kèm theo biểu mẫu đăng ký tham gia hội thao công ty cho toàn bộ nhân viên,Gửi/Trả lời email
Uyển sắp xếp buổi diễn tập xử lý sự cố cháy nổ tại xưởng vào sáng t7 tuần sau.,Lên lịch họp
m gửi lại mail đính kèm file báo cáo tài chính cho c Hạnh nhé,Gửi/Trả lời email
sếp Nam duyệt giùm em cái form vận hành canada hnay nhe,Phê duyệt
fwd cái slide giới thiệu giải pháp của team anh Hùng qua xem tham khảo được k,Gửi/Trả lời email
Kiên lập file báo cáo đánh giá chất lượng nhà cung cấp quý này nha,Soạn báo cáo
chị Thảo vừa đề xuất một quy trình mới để hỗ trợ các khách hàng không đáp ứng đủ điều kiện tín dụng,Phê duyệt
Sếp review rồi approve bản spec dự án đính kèm trên slack để team dev bên em bắt đầu code luôn cho kịp deadline tuần này.,Phê duyệt
Duy soạn báo cáo thống kê thời gian làm việc cho dự án USPS theo yêu cầu của Đạt,Soạn báo cáo
a Triết chốt nội dung cuốn company profile bản tiếng anh rùi cho đi in nhe,Phê duyệt
anh Nam duyệt giúp em cấu trúc file output mới để em gửi cho team dev,Phê duyệt
Em thêm mấy cái slide báo cáo doanh thu vào trước khi gửi cho khách nha,Giao việc
Vũ set lịch sync up tiến độ thi công cửa hàng mới sáng t7 giúp a.,Lên lịch họp
Luân tạo hết utm link cho các post hnay trc eod r gửi group nha,Tạo nhắc nhở
Nghi xuất report thời lượng cuộc gọi trung bình của team telesales tháng 8 đi,Soạn báo cáo
San Soạn thảo chỉ ra các điểm mà user hay rớt (drop-off) khi dùng tính năng giỏ hàng,Soạn báo cáo
Vy hỏi sếp Tuấn r rảnh thì vô hỗ trợ m dùng cái tool quản lý nhe nãy t thấy m xài khó khăn quá nên nhờ ổng gửi cái hướng dẫn của ổng cho m,Giao việc
Hỏi xem bên team sale có còn xài cái email dùng chung đó nữa không,Giao việc
Chị Oanh đang viết báo cáo dựa trên một vài phản hồi từ khách hàng cho thấy công ty chúng ta đang ở thế bất lợi trong quá trình cạnh tranh đấu thầu,Soạn báo cáo
Hẹn khách B2B mới kí hợp đồng họp onboarding hướng dẫn dùng hệ thống sáng thứ 2.,Lên lịch họp
Hạnh duyệt dự toán ngân sách hoạt động quý tới của phòng mkt rùi gửi sếp,Phê duyệt
Lâm gửi mail link docs hướng dẫn tích hợp API cho bên đối tác kĩ thuật,Gửi/Trả lời email
Đạt làm slide báo cáo hiệu quả SEO tháng 6 rùi gửi t check,Soạn báo cáo
a Sang nhờ mối quan hệ bên đối tác để xúc tiến thương vụ lẹ nhe,Giao việc
m rảnh check xem ông Quân đã approve cái request hôm qua chưa,Phê duyệt
Lên lịch họp bế mạc đợt kiểm toán nội bộ với chi nhánh miền Nam vào sáng thứ 2.,Lên lịch họp
Phương gửi mail invite meeting kèm link slide cho team mkt trc 2h chiều nhé,Gửi/Trả lời email
Thanh gửi a Tuấn cái file excel lương tháng 2 qua mail nha,Gửi/Trả lời email
anh làm cái báo cáo đánh giá sự khác biệt giữa server cũ và mới gửi sếp giùm tui nha,Soạn báo cáo
Ngọc gen list link utm cho chiến dịch mới quăng vô group trc 5h chiều nay cho team sale nha,Tạo nhắc nhở
Nhắc team dev cuối ngày nhớ vô bugzilla update lại toàn bộ status của mấy con bug đã fix nhe để sáng mai qa họ có cái mà test,Tạo nhắc nhở
chị Hà ơi theo dõi giúp em vụ đối tác lớn có phản hồi gì về bản bản đề xuất mình gửi chưa,Giao việc
a Tuấn duyệt qua cái cv của ứng viên mới e vừa gửi xem ổn k ạ,Phê duyệt
Mai tổng hợp view làm file report chiến dịch booking trc thứ 2 nghen,Soạn báo cáo
mọi người xem qua rồi viết feedback cho cái file slide thuyết trình dự án mới giúp mình nha,Soạn báo cáo
Hương đi khảo sát thêm cái location mới ngoài list mng đưa nhé,Giao việc
team ráng set meeting để bàn việc liên hệ vs mấy đối tác gia công nhe,Lên lịch họp
Nguyệt chốt sổ r lên file bc quỹ tm t4 cho team nhé,Soạn báo cáo
Nhi chốt product roadmap quý tới để dev team lên plan,Phê duyệt
Chị Bích đã phản hồi lại kèm theo mã bản quyền chung và mã dành riêng cho phiên bản doanh nghiệp,Gửi/Trả lời email
Mấy e lưu ý là mạng công ty đợt này hay bị chập chờn nhe nên a đang đề xuất dùng thêm cái vụ VIP forwarding để backup cho hệ thống,Tạo nhắc nhở
Thảo rảnh ko t3 tuần sau mình book lịch call 15p nha,Lên lịch họp
Trang gửi mail hỏi team dev xem bên đó có bị lỗi tương tự k,Gửi/Trả lời email
Toàn share quyền view cái file tracking kpi tháng 10 cho mng đi,Gửi/Trả lời email
"Tuấn check xem hóa đơn tháng 3 gửi cho kế toán chưa, họ nhắc 2 lần rồi",Giao việc
t giao cho bên hạ tầng cái task dọn dẹp lại mấy cái server cũ nha,Giao việc
em fwd lại cái file kế hoạch chạy ads trên facebook với tiktok cho cả team xem chung để nắm tiến độ công việc nhé,Gửi/Trả lời email
Hà nay gom order cơm trưa cho team trc 10 rưỡi nha em kẻo quán nó đông,Tạo nhắc nhở
M rep mail sếp Hùng hỏi vụ support EMAS nhe r xem chừng nào EMDS mới chịu support do t chưa thấy test vụ event scripts bao giờ cả,Gửi/Trả lời email
"Khoa phân công ai đó trong nhóm xử lý lỗi phần mềm #4938 ngay hôm nay đi, ảnh hưởng production rồi",Giao việc
sếp duyệt cái hoá đơn thanh toán tiền dịch vụ aws tháng trước gấp giùm em ạ,Phê duyệt
Sương confirm cái khung giờ chạy flash sale trên shopee đợt 5/5 này giùm t,Phê duyệt
Hân confirm thời gian tổ chức khám sức khoẻ định kì ở medlatec rùi báo mng,Phê duyệt
Hẹn ban quản lý toà nhà họp xử lý dứt điểm vụ dột nước ở pantry vào sáng mai đi.,Lên lịch họp
chị Tuyết gửi lại em cái biểu mẫu xin nghỉ phép qua thư nhé,Gửi/Trả lời email
Trí rep email xin lỗi khách hàng và đính kèm voucher 20% giúp a,Gửi/Trả lời email
Quốc lập file excel phân tích tuổi nợ của các đại lý đang bị quá hạn thanh toán nha,Soạn báo cáo
Gấm lọc r nộp ds 20 kol cho camp tháng sau trc trưa t3 tuần tới nghen,Tạo nhắc nhở
Trinh viết báo cáo tổng hợp kết quả phỏng vấn UI/UX user đợt 1 nhe,Soạn báo cáo
Anh Sơn ổng gửi lời cảm ơn ông Tuấn r nha m nhắc ông Tuấn tiếp tục tìm hiểu thêm vụ bug trong cái bản Build thứ 7 nhe,Tạo nhắc nhở
Ly ơi sắp xếp buổi workshop chia sẻ kinh nghiệm nội bộ vào thứ 7 này đi,Lên lịch họp
Khoa set meeting với đội kiểm thử để review danh sách lỗi phần mềm lỗi nghiêm trọng lỗi ưu tiên cao trước khi đóng vòng phát triển nhé,Lên lịch họp
Set lịch sync với dàn QA/QC về việc áp dụng tool auto test mới chiều nay 2 rưỡi.,Lên lịch họp
Hùng nhắc tụi thủ kho làm kiểm kê hàng tồn kho trc ngày 20 r báo lại a nghen,Tạo nhắc nhở
anh Toàn đã phê duyệt việc đổi tên trong thư viện của hệ thống quản lý dữ liệu di động,Phê duyệt
Minh lên cái brief booking kol cho camp tết trc thứ 6 r mng cùng review,Tạo nhắc nhở
Thục chốt mẫu form đánh giá KPI mới rùi gửi email ban hành toàn cty nha,Phê duyệt
anh Bách nhắc công ty bắt buộc phải chứng minh năng lực kỹ thuật vững vàng,Tạo nhắc nhở
c Lan set lịch họp để ae mình bàn kỹ hơn về database strategy nhe,Lên lịch họp
chị Yến hoàn toàn thấu hiểu cho hoàn cảnh chuẩn bị sinh nở của gia đình anh Toàn,Gửi/Trả lời email
Anh liên hệ với team vận hành để xử lý cái sự cố này giùm em,Giao việc
chị Hương duyệt kế hoạch giải ngân ngân sách tiếp thị tháng 11 giúp em vs,Phê duyệt
Long duyệt lại toàn bộ giấy tờ trước khi gửi cho khách nha,Phê duyệt
a Nam điền form đánh giá thử việc của bé Trân r submit trc trưa t4 dùm e,Tạo nhắc nhở
Bảo review và approve bonus plan cho nhóm kinh doanh trước buổi đào tạo thứ 2 nhé,Phê duyệt
đừng quên đưa Marie bên tài chính vào cc của tất cả email báo cáo tuần từ nay nha,Tạo nhắc nhở
Cúc confirm thực đơn cơm trưa văn phòng tuần sau với bên nhà ăn,Phê duyệt
C Hoa yêu cầu cả team huy động mọi nguồn lực để kết nối vs đúng vị giám đốc công nghệ nhằm giành lấy cái dự án xịn sò này nha,Giao việc
Bà Lan bả đề nghị m setup cái thời gian chời lại thành 1200 hoặc 20p r nha bả kêu ráng kéo dài ra xíu để khách hàng thoải mái nhe,Giao việc
Loan lập file báo cáo dự phóng doanh số cho dòng sp chuẩn bị tung đi e,Soạn báo cáo
Hẹn lịch sếp tổng đi công tác thăm dự án bất động sản ngoài huế tuần sau.,Lên lịch họp
Chị Lan ơi xem qua cái mẫu nda khách hàng vừa gửi r confirm xem các điều khoản như vậy ổn chưa để e phản hồi lại cho họ ký lẹ trước buổi gặp ngày mai,Phê duyệt
Anh em nhớ log timesheet đầy đủ trước khi nghỉ lễ nha,Tạo nhắc nhở
Khải duyệt cái plan seo quý 3 của team content giùm c,Phê duyệt
Báo các trưởng ca sản xuất dời lịch họp giao ca sang 6h sáng mỗi ngày nhé.,Lên lịch họp
M nhớ nhắc bên Marketing ngày mai có lịch họp ở tòa nhà bên cạnh nha r báo cho bả Lan biết để bả chuẩn bị do bả bảo bả k biết thông tin gì hết,Tạo nhắc nhở
tuấn vẽ biểu đồ báo cáo tỉ lệ các đại lý tiếp tục gia hạn nhượng quyền năm nay,Soạn báo cáo
chị Hà duyệt bản email thông báo chính sách in tài liệu trước khi gửi toàn công ty nhé,Phê duyệt
Hương xem giùm a cái quy trình xử lý cái hóa đơn của bên Hikari sao r nhe hồi nãy có khách gọi hối vụ lịch thanh toán kìa,Giao việc
Ngọc đính kèm cái file JD gửi cho bạn ứng viên qua mail hr giùm a,Gửi/Trả lời email
mọi người review cái file tài liệu em mới update rồi gửi feedback lại cho em nha,Giao việc
Tân Soạn thảo đề xuất phạt vi phạm SLA của các bên vận chuyển tháng 10 nhe,Soạn báo cáo
"Lan ơi assign công việc viết ghi chú phiên bản cho Hải, cần gửi Hưng trước sáng mai",Giao việc
c Linh fwd cái CV của a Tuấn qua cho c Bích làm tư liệu nhe,Giao việc
m forward cái invoice cho team kế toán giùm t nha,Gửi/Trả lời email
bổ sung thêm cái yêu cầu lắp điện thoại bàn dưới sảnh cho khách tới công ty tiện liên lạc giùm em,Soạn báo cáo
khoa soạn thư gửi khách hàng bản quét biên bản bàn giao xe r báo a,Gửi/Trả lời email
M rep lại cái mail của bên khách hàng bảo là hiện tại bên mình chưa hỗ trợ tiếng Nhật nha báo họ ráng chờ thêm bản update tháng tới là sẽ có đủ ngôn ngữ,Gửi/Trả lời email
Hoàng reply mail đính kèm cái hợp đồng đã update điều khoản cho KH giùm a,Gửi/Trả lời email
anh hỏi phòng nhân sự về thủ tục nghỉ việc với đổi tên tài khoản hệ thống của nhỏ thực tập sinh,Giao việc
em fix gấp cái lỗi sập website bán hàng chiều nay để không ảnh hưởng doanh thu nha,Giao việc
sếp Vy e mới gửi lại 3 cái option mockup cho cái vỏ hộp trà matcha đợt này r nha sếp. e đổi sang tông xanh lá pastel theo brand guideline mới nhìn cho trẻ trung r á sếp. sếp coi ưng mắt ch thì duyệt file design bao bì vô group để em đẩy qua xưởng in nó test màu,Phê duyệt
Xóa cái email đó luôn cho t đi,Giao việc
a Bình duyệt cái thiết kế UI luồng onboarding mới trên figma giùm em,Phê duyệt
Thọ vô git review đống code frontend của ae trc 2h chiều nay nha,Tạo nhắc nhở
team QA bám sát tiến độ fix bug của mấy thanh niên dev giúp chị,Giao việc
Đan nộp bill grab claim hoàn tiền của m trc mai nha,Tạo nhắc nhở
Check lại giúp em cái worksheet với slide hôm qua sếp gửi nha,Giao việc
Set lịch kickoff dự án tích hợp chat bot CSKH vào 9h sáng mai giùm.,Lên lịch họp
a Tài duyệt đề tài báo cáo thực tập tốt nghiệp của 3 bé intern mkt nhé,Phê duyệt
Oanh Soạn thảo đánh giá chất lượng training onboarding đợt 1 giùm,Soạn báo cáo
Tòng review code rùi approve cái pull request thay đổi core logic thanh toán dùm,Phê duyệt
mng kiểm tra hòm thư tải phiếu kiểm kê tài sản cuối năm về đối chiếu nhe,Gửi/Trả lời email
anh Trung xử lý toàn bộ data trong file đó cho đồng nhất nhé,Giao việc
tổng hợp data làm slide báo cáo kết quả khảo sát nhân viên mới sau 1 tháng làm việc đi,Soạn báo cáo
anh Khang hướng dẫn chị Thủy liên hệ với anh Toàn một người rất giàu kinh nghiệm trong nhóm này,Gửi/Trả lời email
Ánh viết report tracking độ trễ api của hệ thống sau khi update bản mới,Soạn báo cáo
Nghĩa draft cái thư xin lỗi vụ giao trễ hàng r gửi kh trc eod nay để gỡ gạc nha a,Tạo nhắc nhở
Em sắp xếp thời gian follow cái task này đi,Giao việc
Phong book cái xe tải 5 tấn chở hàng từ nhà máy bình dương lên kho tổng q7 trc cuối tuần nha sếp hối qá,Tạo nhắc nhở
Bạn gửi email nhờ bộ phận support xử lý cái lỗi phần mềm của khách hàng VIP này nha,Gửi/Trả lời email
Set kèo meeting với team marketing trong tuần này để chốt KPI nha,Lên lịch họp
linh tổng hợp biên bản đối chiếu số dư ngân hàng các tháng trong quý 2 rùi gửi t,Soạn báo cáo
Sếp duyệt cho a nghỉ phép ngày 3 tháng 7 r nha nhưng nhớ book lịch họp chính thức với sếp để trao đổi thêm mấy cái task còn dang dở trước khi nghỉ nhe,Phê duyệt
gửi mail kế hoạch dự án QA chi tiết cho anh Sơn nha,Gửi/Trả lời email
confirm cái sơ đồ set up quầy kệ cho showroom mới trc giờ nghỉ trưa nhe,Phê duyệt
Nương viết biên bản post-mortem vụ app crash hôm qua rùi up lên confluence,Soạn báo cáo
Hẹn dàn head họp phân bổ ngân sách chạy ads mảng B2B cho quý tới chiều t2.,Lên lịch họp
m nhắn anh Tuấn báo cáo lại chi tiết những input đã thu thập được cho phòng R&D ,Giao việc
Lộc duyệt danh sách từ khóa SEO chạy cho chiến dịch mùa hè nhé,Phê duyệt
m gửi cho Nam mấy cái step cần làm nhe,Gửi/Trả lời email
a Minh nhớ gọi cho Lan bên Comerica trước khi close business day nhé,Tạo nhắc nhở
soạn cái báo cáo cảnh báo dung lượng database trên cloud sắp đầy gửi team hạ tầng đi,Soạn báo cáo
a Hiệp rảnh vô hệ thống duyệt giùm e báo cáo thuế trc cuối ngày t6 nha a,Tạo nhắc nhở
Đăng check lại bảng lương r ck trả lương nv trc 10h sáng mai nha,Tạo nhắc nhở
Cầm rà soát db r xóa hết user cũ đã nghỉ việc trc eod hnay dùm c,Tạo nhắc nhở
Trọng hẹn lịch làm việc với đoàn thanh tra thuế vào sáng mai giùm phòng kế toán.,Lên lịch họp
"Tuấn đặt phòng họp Saigon lúc 10h sáng mai cho t với, cần buổi trình diễn sản phẩm",Lên lịch họp
Nam confirm cái cấu hình api rate limit mới để chống spam sms nhé,Phê duyệt
mình lôi cả info session từ EMAS vô luôn nha m,Phê duyệt
Nhân chốt cái báo giá sửa chữa văn phòng tầng 3 để kế toán làm tạm ứng,Phê duyệt
a Hùng gửi lại thông tin liên hệ vô mail để e rep khách,Gửi/Trả lời email
Trí làm file báo cáo tiến độ xử lý đống tech debt của team backend đi a,Soạn báo cáo
Yến mau reply mail khách kèm luôn cái link drive tài liệu training sp đi em,Gửi/Trả lời email
đừng quên cc Marie bên tài chính vào tất cả email báo cáo hàng tuần từ nay nhé,Tạo nhắc nhở
Khuyên viết cái báo cáo phân tích lí do nhân sự nghỉ việc đợt vừa rồi đi e,Soạn báo cáo
em Phương lên cái bc tuyển dụng t3 gửi c trc t6,Soạn báo cáo
Trang đặt bánh kem sn sếp giao tới vp trc 2h chiều mai nghen,Tạo nhắc nhở
Tạo event họp giao ban team chứng từ xuất nhập khẩu 8h sáng thứ 2 hàng tuần.,Lên lịch họp
Quân chạy gấp cái report r update cho sếp Tuấn cách fix lỗi server nha khách đang réo từ sáng giờ k có data làm việc nè,Giao việc
Thương kiểm tra hòm thư để tải bản thiết kế kiến trúc kỹ thuật của tòa nhà nha,Gửi/Trả lời email
Book buổi coaching kĩ năng quản lý cảm xúc cho cấp quản lý với chuyên gia vào t7.,Lên lịch họp
ae xem rùi confirm cái UI flow luồng thanh toán này để dev chốt luôn nha,Phê duyệt
Lan hỏi sếp Hùng coi ổng rảnh tham gia 2 cái buổi pv chiều nay không nhe do dạo này team đang thiếu người gắt gao quá á,Giao việc
Thảo viết file báo cáo kết quả test UAT bản web mới giùm t,Soạn báo cáo
Em rep mail từ chối tham gia buổi họp này vì mình cần tập trung kiếm doanh thu trước,Gửi/Trả lời email
anh em set lịch call với bên cung cấp để chốt giá luôn chiều nay,Lên lịch họp
anh Hòa nhắc nhóm việc anh cũng gặp lỗi kết nối khi khởi động lại máy,Tạo nhắc nhở
a Phong ơi vợ e vỡ ối cmnr h e đang phải chở bả đi sinh viện từ dũ gấp á a. mấy task dở dang e đã handover qua cho thằng Nam nó handle tạm vài hôm r. a vào hris duyệt cái đơn xin nghỉ thai sản cho e để hr nó k đánh e vô diện nghỉ ngang k lương nha sếp,Phê duyệt
Hương lịch họp đại hội cổ đông thường niên ở thành phố mang tên bác đã được ấn định vào ngày thứ sáu tuần sau rồi đó em. thời điểm đó đang là mùa cao điểm du lịch nên nếu không đặt chỗ sớm sẽ hết vé hoặc phải mua với giá rất cao. em lên trang mạng của hãng hàng không quốc gia rồi đặt vé máy bay cho ban giám đốc trước ngày mai để đảm bảo có chỗ ngồi tốt nhé em.,Tạo nhắc nhở
mình fwd cái mail hỏi HR xem có mở lớp nội bộ cho nhân viên mới k,Gửi/Trả lời email
anh Nam duyệt đề xuất mua 5 cái màn hình mới cho team dev trong sáng nay,Phê duyệt
a Tuấn rep mail giải thích rõ ràng vụ nhầm lẫn máy chủ thử nghiệm 5 vs PQA 5 giùm e nhe để khách hàng họ yên tâm k thắc mắc nữa,Gửi/Trả lời email
hùng mail sớm cái slide để mai đi họp kick off nha e,Gửi/Trả lời email
kết quả là chị Thủy phải gửi lại email báo cáo tiến độ đó đến hai lần,Gửi/Trả lời email
t rep mail lại r nha báo sếp là cái bug này nó dính tới 2 luồng dữ liệu lận nên chắc phải test kĩ lại cái database mới đc,Gửi/Trả lời email
mình viết vài dòng feedback về mấy cái bug fixes đợt này vào document chung nha,Soạn báo cáo
gửi cái file support marketing cho anh Minh đi em,Gửi/Trả lời email
Bản báo cáo này phải phân tích rõ những điểm mạnh và điểm yếu cũng như định hướng sản phẩm và tầm nhìn tương lai của công ty chúng ta,Soạn báo cáo
Quý book phòng để tổ chức lễ trao giải nhân viên xuất sắc nhất tháng vào 10h sáng mai đi.,Lên lịch họp
Email cái file log dữ liệu khách hàng tháng 4 qua cho t,Gửi/Trả lời email
tính forward mail nhắc nhở gia hạn server cho bộ phận it xem thử,Gửi/Trả lời email
Tín gửi cái link báo cáo seo tháng rồi qua mail giùm mình,Gửi/Trả lời email
Thiết approve cái đề xuất mua mac mini mới cho bạn ios dev trong sáng nay,Phê duyệt
a Duy check kỹ lỗi chính tả cái file đào tạo r fwd đối tác nhe,Giao việc
Như confirm phương án tối ưu tuyến đường giao hàng nội thành cho shipper,Phê duyệt
Chị cần em gửi chính xác những tài liệu gì thì list ra để em gửi 1 thể nha,Giao việc
a vừa rep mail cám ơn ông Sơn r nha m bảo ổng rảnh thì qua review phụ t cái đống code còn lại luôn để t về sớm,Gửi/Trả lời email
m soạn sẵn cái list yêu cầu thiết bị mạng cho đợt tới nha,Soạn báo cáo
Chị Lan Anh yêu cầu hủy phòng vì a Hùng vừa báo mọi meeting ở đó bị hủy hết r nhe,Giao việc
Khôi gửi mail file apk bản test mới nhất cho khách,Gửi/Trả lời email
Hải lập bảng excel báo cáo tỉ lệ giữ chân nhân sự của các phòng ban Q4 nhe,Soạn báo cáo
Yến soạn slide phân tích tỉ lệ chuyển đổi các bước trong phễu tuyển dụng Q4,Soạn báo cáo
Minh Anh liên hệ xe tải book lịch chở hàng cho ngày mai trc 4h hnay nha,Tạo nhắc nhở
kim confirm cái chi phí CPL tối đa bên mảng google ads tháng sau đi,Phê duyệt
chị Hương ơi viết ghi chú phiên bản cho bản SP theo đúng format rồi gửi Hưng nhé,Soạn báo cáo
"t đang làm việc với khách hàng mới, mn xếp lịch demo sản phẩm vào đầu tuần sau nha",Lên lịch họp
đừng quên gửi screenshot bản tiếng Nhật cho Jacinda trước ngày 24/11 nha mn,Tạo nhắc nhở
nhắc nhóm nhớ clear bộ nhớ đệm và session trước khi triển khai lên production nha,Tạo nhắc nhở
Thạch viết báo cáo chỉ ra các điểm drop-off của user khi xài tính năng mới nha,Soạn báo cáo
Long gửi mail link testflight bản app mới nhất cho team QA test đi,Gửi/Trả lời email
Em rep mail confirm lại với ông khách kia xem cái file đính kèm có chứa mã độc k giúp anh,Gửi/Trả lời email
Bên đối tác đang muốn book lịch test hệ thống nên anh Phương xem set meeting với họ sớm đi,Lên lịch họp
Yến Soạn thảo chuẩn bị hồ sơ thanh tra thuế trc ngày mốt nha,Soạn báo cáo
Anh Sơn fwd cho e một bản sao của bộ slide hội thảo hôm qua r nhớ gọi điện trao đổi vs e ngay trong chiều nay luôn nhe,Giao việc
chị Liên kiểm tra thư nhận tệp tin tờ rơi đã dịch sang tiếng nhật nhé,Gửi/Trả lời email
anh hỏi phòng kinh doanh coi cần những thông tin gì để hoàn thiện bảng báo giá,Giao việc
a Hùng ơi duyệt dùm e cái payment request trên base trong hnay nha sếp dí r,Tạo nhắc nhở
Hạ check log r fix lẹ con bug thanh toán qua momo trc 2h chiều hnay nghen,Tạo nhắc nhở
Huỳnh tổng hợp biên bản ghi nhận sự cố an ninh tại toà nhà văn phòng trong tháng 5 đi,Soạn báo cáo
nhung chốt phương án đóng gói chống sốc cho hàng dễ vỡ gửi tỉnh xa,Phê duyệt
Hà hoàn thiện bộ hồ sơ rfp thầu dự án điện mặt trời nộp lên cổng thông tin cdt trc thứ 6 tuần này em nhé,Tạo nhắc nhở
hỏi a Tuấn xem sếp Hùng đã liên lạc lại chưa nhe nãy ổng bảo là có gọi cho sếp r mà sếp không bắt máy nên t k biết tiến độ ra sao,Giao việc
bé Nhi gửi thư đính kèm phiếu yêu cầu xuất kho vật tư cho thủ kho giùm chị,Gửi/Trả lời email
mng tính xem chuyển lịch meeting hàng tuần sang ngày nào chứ c đang kẹt hôm đó r,Lên lịch họp
anh Tài attach cái file sơ đồ tổ chức công ty vào email gửi newbie nhé,Gửi/Trả lời email
chị Hà ơi follow up với chị Linh xem đã phê duyệt chính thức hợp đồng chưa ạ,Giao việc
như gửi mail link form đánh giá kpi cho team điền nha,Gửi/Trả lời email
Phong tổng hợp bảng định mức tiêu thụ xăng dầu của đội xe tải đi tỉnh trong Q4 đi a,Soạn báo cáo
Linh rà soát lại đống username này lọc ra mấy tk đang active giùm a,Giao việc
sếp Minh gửi mail cảm ơn team mình đã support chiến dịch từ thiện r,Gửi/Trả lời email
Khoa coi giùm cái tool này xem có load nổi data k,Giao việc
dev xong r thì Chương viết unit test cho đàng hoàng trc 5h chiều nay r hẵng pull request nha,Tạo nhắc nhở
Nhớ bổ sung tính năng hỗ trợ đa ngôn ngữ cho file XML vào backlog của sprint sau nha,Tạo nhắc nhở
Chị Diễm đang cố gắng hỗ trợ anh Hòa xử lý sự cố kết nối này nên mọi người vui lòng chờ thêm một chút trước khi truy cập vào hệ thống,Giao việc
Bích approve request tăng limit tài khoản chạy ads fb tháng này nhe,Phê duyệt
Bảo ơi nhờ Nam làm bản báo cáo tổng kết bản quyền phần mềm và gửi cho Khoa review nhé,Giao việc
A Thiên Soạn thảo lo ngại hệ thống cạn kiệt bảng màu và giải thích chi tiết các điểm sai lệch vì một số thay đổi k giống kế hoạch,Soạn báo cáo
a Nam ơi soạn bản technical bản đề xuất cho dự án khách hàng đặt chỗ gửi Jeff review trước thứ 5,Soạn báo cáo
anh Cường đề xuất một cuộc gọi mười lăm phút với anh Lâm để giới thiệu dịch vụ,Lên lịch họp
Kiểm tra lại xem có bạn dev nào lỡ share source code cho nhân viên chi nhánh châu Âu k nhé,Giao việc
team review xong cái tài liệu functional specs r nộp lại cho Tú nhe,Giao việc
Khang set lịch review UI/UX app với team design sáng thứ 3 giùm a nha.,Lên lịch họp
review rùi approve cái merge request fix lỗi giao diện đt dùm t nha mng,Phê duyệt
Lan nhớ báo chị kế toán duyệt mấy cái giao dịch tiền mặt liên quan đến quỹ đầu tư nhe để cuối tháng k bị dồn việc r k kịp báo cáo,Tạo nhắc nhở
Chị draft giúp em cái quy định về việc hoàn trả học phí đào tạo nhân sự nội bộ với ạ.,Soạn báo cáo
Cúc xuất báo cáo phân loại mức độ nghiêm trọng của dàn bug phát hiện trong đợt test UAT,Soạn báo cáo
"a Minh ơi gửi biên bản họp hôm qua cho cả nhóm đi, mn đang hỏi",Gửi/Trả lời email
Phát book lịch mời chuyên gia phong thủy qua xem layout văn phòng mới trưa mai.,Lên lịch họp
thành gửi cái file từ khóa SEO qua email cho team content viết bài m ơi,Gửi/Trả lời email
Thủy chốt bill r bốc hàng lên xe tải giao đi mấy tỉnh miền đông trc 9h tối nay nha,Tạo nhắc nhở
Khôi làm unc r nộp cho kế toán trưởng trc 3h chiều nay nha m,Tạo nhắc nhở
Tịnh đính kèm hoá đơn vat vô mail báo kế toán thanh toán tiền mạng,Gửi/Trả lời email
Hợp làm báo cáo đánh giá hiệu quả gói tài trợ sự kiện âm nhạc đợt rồi nha,Soạn báo cáo
minh tổng hợp lại kết quả test decode gửi cho a nha để chiều a kịp làm slide present cho khách hàng trong buổi demo phase 2,Giao việc
Huyền set cái meeting 30 phút chiều nay để mng góp ý cho bộ key visual mới đi.,Lên lịch họp
Tùng coi r review xong cái api docs trc eod hnay nha m,Tạo nhắc nhở
bạn Quỳnh chuyển tiếp thư thông báo tiền điện tháng này của tòa nhà cho kế toán thanh toán,Gửi/Trả lời email
sếp cf cho em tham gia hỗ trợ đợt training tiếp theo của dự án này nha,Phê duyệt
Gửi mail thông báo bảo trì server cho toàn bộ khách hàng vip,Gửi/Trả lời email
sếp Hùng duyệt cho cái technical plan bên mình chưa ae,Phê duyệt
Tuấn chuẩn bị bản phân tích đối thủ cạnh tranh River Run và IBM gửi cho Larry nhé,Soạn báo cáo
chiều nay 5h ae sale nán lại 15p họp standup chốt số cuối ngày ở pantry nhé,Lên lịch họp
Em sẽ tổng hợp lại hết mấy cái worksheet sau buổi họp đánh giá chiều thứ 2,Soạn báo cáo
Em muốn sắp xếp thời gian gặp mặt team bên mình với bên khách hàng lúc đi công tác ở Dallas,Lên lịch họp
Linh ơi tháng này m chốt sale ác mài. nhớ gom bill vs làm đề nghị thanh toán hoa hồng gửi c Thủy kế toán trc mùng 5 nha. trễ hạn bả gạch tên m trong kì lương này t đéo cứu dc đâu.,Tạo nhắc nhở
Giáp làm bảng thống kê tỉ lệ nghỉ việc của từng phòng ban trong Q3 trc buổi họp t6 nha,Soạn báo cáo
sau khi sếp Bình chốt anh Tùng quyết định mua hai bản đầy đủ cho mỗi phần mềm,Phê duyệt
A Hùng đồng tình vs quan điểm của a Bảo nhưng nhắc nhở a ấy tuyệt đối k đc mang mấy cái chuyện tiêu cực này ra bàn tán vs khách hàng tiềm năng đâu nha,Giao việc
Chị Thủy thông báo việc dời lịch đào tạo vốn được ấn định vào giữa tháng sẽ giúp công ty có thêm thời gian chuẩn bị kỹ lưỡng hơn,Lên lịch họp
Gửi mail nhắc lại cho 3 bạn kia lần nữa về vụ nộp video đi m,Gửi/Trả lời email
ý confirm cái ngân sách mua đồ trang trí noel cho văn phòng để t đi mua,Phê duyệt
tối nay Quỳnh lên video youtube trên channel cty trc 8h tối nha,Tạo nhắc nhở
chị Lai confirm khung giờ downtime bảo trì server cuối tuần này với team IT nha,Phê duyệt
"Khoa gửi bản đặc tả chức năng cho Doug theo yêu cầu nhé, Hoàng đã gửi r",Gửi/Trả lời email
Minh tạo link google meet gửi group báo ae wfh 9h sáng mai vô họp sync tiến độ nha m,Lên lịch họp
Lên lịch ngồi review lại cloud architecture với chuyên gia AWS lúc 10h sáng thứ 4 nhe.,Lên lịch họp
"Nam tạo meeting online với đội Hà Nội để sync tiến độ, chiều thứ 3 nhé mn",Lên lịch họp
Uy lập sheet tính toán chi phí khấu hao dàn xe tải đông lạnh của cty năm nay,Soạn báo cáo
Trung mới gửi lịch trống của ổng r m set kèo gặp mặt support mảng partner ở Châu Âu đi,Lên lịch họp
uyển nhớ phản hồi thư của đại lý kèm theo chính sách chiết khấu quý 2 nha,Gửi/Trả lời email
anh setup cuộc gọi hội nghị cho em tham gia chung với team do em đang đi công tác nha,Lên lịch họp
10h sáng mai Oanh nhớ tt tiền shopee mua vpp cho mng nha,Tạo nhắc nhở
Thủy lên file ppt bc tăng trưởng social t3 đi e,Soạn báo cáo
Ngôn lập bảng thống kê tiến độ thu phí nhượng quyền ban đầu của các đại lý mới,Soạn báo cáo
Bích tạo link google meet cho buổi training chiều nay rồi gửi mail invite cả phòng nha,Gửi/Trả lời email
"mn ơi dời cuộc họp với đối tác lớn sang chiều thứ 6 đi, sáng t bận",Lên lịch họp
Anh Sơn vs a Tuấn đều báo k nhận đc file đính kèm trong mail nha,Giao việc
Phương duyệt đơn xin nghỉ thai sản của bé kế toán trên hệ thống hr,Phê duyệt
Nhân làm file báo cáo biến động giá nguyên vật liệu tháng 9 nha,Soạn báo cáo
tú chốt danh sách quà tặng kèm cho chương trình sale 8/3 nha,Phê duyệt
Tuấn soạn document phân tích feedback của khách trên các hội nhóm facebook nhe,Soạn báo cáo
a Sơn forward cái mail chứa bảng giá đối thủ cạnh tranh cho team sale tham khảo,Gửi/Trả lời email
anh Lâm thông báo anh Tài đã cam kết với định hướng này do vậy anh Hải dự định sẽ bắt tay vào làm một bản demo thử nghiệm trên thiết bị di động,Soạn báo cáo
"Minh hỏi lại bên sàn giao dịch xem họ đã update whitelist IP mới chưa, Steve cần biết",Giao việc
Tịnh confirm giá trị gói bảo trì phần mềm kí với bệnh viện A rùi chốt sales,Phê duyệt
a Tuấn fix gấp cái bug crash app trên prod tối nay push lên luôn nha a,Tạo nhắc nhở
Hữu tổng hợp báo cáo số lượng mã giảm giá đã được sử dụng đợt flash sale,Soạn báo cáo
Check lại xem mình có được phép xài cái tool này không nha Hưng,Giao việc
Anh Dũng báo nhóm bắt đầu chuẩn bị r dự kiến mai hoặc thứ sáu sẽ chạy test nhe sếp Minh ơi,Giao việc
hẹn ae 10h30 tối nay call để chốt plan trc đã h t k làm dc,Lên lịch họp
Yến set lịch 10h t3 kickoff dự án làm lại brand guideline vs bên agency e nhé,Lên lịch họp
Update trạng thái bug trên hệ thống giùm t,Giao việc
Chị làm lại cái slide powerpoint báo cáo tài chính quý 3 đi,Soạn báo cáo
"mn ơi ai đang cầm lỗi #264 của đối tác lớn vậy, giờ xử lý tới đâu rồi",Giao việc
Khiêm confirm phí gia hạn chứng chỉ SSL cho domain cty rùi báo kế toán ck,Phê duyệt
a Quân nhắc Hương ghi chú lại vào lịch để tuần sau mọi người ngồi bàn tiếp về phạm vi của giai đoạn 2 dự án,Tạo nhắc nhở
Sếp Minh ổng rep mail lại r nha m báo vs bả Lan nhe ổng bảo ổng quen ông bạn bên AT&T nhe ổng bảo là sẽ tổ chức cái họp chung vs tụi nó r,Gửi/Trả lời email
Phương xuất file tổng hợp phép năm còn lại r email cho cả công ty check,Gửi/Trả lời email
anh Tuấn fwd yêu cầu này cho chi nhánh r lưu ý k tải lên server,Giao việc
Long lấy list data lạnh từ event hqa gọi follow up hết báo cáo a trc t6,Tạo nhắc nhở
c Yến kêu kế toán top up thêm 20 củ vô tk google ads trc 2h chiều nay k nó dừng camp đó c,Tạo nhắc nhở
A Hùng rep hỏi xem thành viên này công tác tại đây bao lâu nhe,Gửi/Trả lời email
Dao chốt thông số cấu hình môi trường test QA để hạ tầng chuẩn bị server,Phê duyệt
a Hải confirm lại cái design của trang html mới update vs ạ,Phê duyệt
Bách quản lý thị trường nó đánh tiếng đợt này soi hàng xách tay gắt lắm m ơi. lô mỹ phẩm kho mình dán thiếu tem nhãn phụ t lạy m. m kéo máy in ra in lẹ đống tem tiếng việt r cho ae ra kho dán bổ sung trc trưa mai nha m k ngta ập vào kiểm tra là phạt sml đó,Tạo nhắc nhở
sếp rep hết nguyên đám lun r nhe bảo set 1 cái gặp lun cho xog,Gửi/Trả lời email
a nhớ tạo lịch hẹn nhắc nhở trên app để team ops không quên cái lịch bảo trì server vào rạng sáng ngày mốt nha k là hệ thống sập giữa đêm là tiêu luôn,Tạo nhắc nhở
Bọn em xem cái agenda có cần bổ sung thêm mục nào không thì báo lại anh nha,Giao việc
t gửi mail xin ông Tuấn thêm thông tin về cái tài liệu hướng dẫn tạo app ETrade r nha khi nào ổng rep thì t báo lại cho m biết để làm tiếp,Gửi/Trả lời email
Chi confirm mấy điều khoản trong hợp đồng NDA với team dev mới rùi chốt,Phê duyệt
Nhờ e tạo cái nhắc nhở trên app báo mấy sếp chuẩn bị tài liệu kỹ càng trước cuộc họp hội đồng quản trị sáng thứ sáu nha k là quên đó,Tạo nhắc nhở
Lan coi sửa lại lỗi chính tả trong cái file in tài liệu họp giùm a nha do lát nữa có mấy sếp lớn bên tổng công ty qua dự á,Giao việc
chị Uyên check lô sp hnay r làm file bc qc gửi xưởng nhé,Soạn báo cáo
thứ 6 này Vy phải chốt xong số tồn kho trên sap nha,Tạo nhắc nhở
để sếp Cường review qua một lượt r hãng duyệt nha mng,Phê duyệt
Sắp xếp lại lịch hẹn với anh tổng giám đốc giúp c vì c có việc đột xuất,Lên lịch họp
Hùng lấy cái laptop backup đưa cho Tuấn xài đỡ đi công tác nha chỉ cần máy gõ code vs check mail đc là ok r k cần cấu hình mạnh đâu,Giao việc
Linh confirm cái layout kho mới để em báo bên thi công bắt đầu làm nha,Phê duyệt
Loan approve cái báo giá nguyên liệu thô nhập từ TQ để làm LC nha,Phê duyệt
Trang gửi list giá cho data app m coi thử rồi cho ý kiến nha,Gửi/Trả lời email
Sếp check lại coi tại sao team IT nhà mình lại xài tool bên ngoài để tốn thêm chi phí vậy,Giao việc
c Oanh viết báo cáo so sánh tỉ suất sinh lời giữa việc đi thuê và mua đứt toà nhà văn phòng,Soạn báo cáo
sếp xem rùi chốt phương án mua thêm dung lượng icloud cho cty nha,Phê duyệt
m fwd luôn cái bản tin nội bộ tháng này cho phòng marketing nha,Gửi/Trả lời email
Kỷ viết báo cáo thống kê số tiền tiết kiệm đc từ việc xài aws spot instance,Soạn báo cáo
Trường sắp xếp buổi demo phần mềm HRM cho bên nhân sự vào thứ 3 đi.,Lên lịch họp
Bảo làm báo cáo tổng hợp công nợ tháng 10 rùi gửi các đại lý,Soạn báo cáo
Thuận duyệt khoản chi phí đi ăn uống team outing tháng rồi của team sale hcm nha,Phê duyệt
tạo reminder trên lịch nhắc ae về mấy cái mốc roadmap tháng sau,Tạo nhắc nhở
E hỏi a Minh coi ổng rành vụ nhận diện phần mềm vs phân biệt quy trình emergency vs quy trình production không nhe để t chém gió vs khách bên Ford,Giao việc
Nam ơi sắp xếp buổi họp với tài chính và kinh doanh về kế hoạch chốt hợp đồng quý 4 nhé,Lên lịch họp
a Sơn làm dự toán báo cáo kinh phí thay mới máy tính và thiết bị IT trong quý 4,Soạn báo cáo
Chị Lan yêu cầu gom hết thông tin phân quyền vô một cái policy giá để dễ tham chiếu nhe,Giao việc
Tuyền hẹn lịch chốt kpi cá nhân tháng 5 với từng bạn trong team tuần này đi.,Lên lịch họp
sếp cf lại coi cái bug này có xảy ra trên thiết bị Pocket PC không để bên em test lại,Phê duyệt
Anh Dũng viết một bài hướng dẫn tăng tốc mạng wfh cho anh em trong công ty đi,Soạn báo cáo
IT duyệt mua con router này r Diệp lo thanh toán asap đi,Phê duyệt
Rep mail bên agency chốt lại yêu cầu kịch bản quay TVC giúp anh.,Gửi/Trả lời email
Yên tổng hợp báo cáo tỉ lệ hàng lỗi theo từng xưởng sản xuất trong tháng rồi,Soạn báo cáo
Lan ơi gửi link hệ thống nền tảng đối tác cho toàn bộ nhóm SE giúp Hùng với,Gửi/Trả lời email
em Linh làm bản tóm tắt use-case cho dự án American Century rồi nhờ Giang review nhé,Giao việc
 Trang lên lịch training văn hóa doanh nghiệp cho lứa thực tập sinh mới vào chiều mai nhé.,Lên lịch họp
Nhắc e cuối ngày hôm nay phải tổng hợp lại toàn bộ file bug report để gửi cho khách check lại lần cuối trước khi mình chính thức golive vào cuối tuần này nhe,Tạo nhắc nhở
Dao coi rùi confirm mấy cái file config chạy CI/CD pipeline này ô kê chưa,Phê duyệt
Phúc làm slide báo cáo tỉ lệ user gia hạn gói subscription trên app Q1 nha,Soạn báo cáo
em Hương set meeting với Đạt và John về kế hoạch review giao diện người dùng cho toàn bộ sản phẩm,Lên lịch họp
m fwd cái note Requirement vs Detail Specification cho sếp Hải nhe,Gửi/Trả lời email
Điều này khiến anh Toàn e ngại đối tác có thể trở thành đối thủ cạnh tranh của công ty trừ khi anh thuyết phục được họ rằng nền tảng của công ty đang ưu việt hơn,Gửi/Trả lời email
Anh Phong hỏi nhóm nên phát hành build này luôn hay chờ fix lỗi nha,Phê duyệt
Long tổng hợp số sales tuần này của team submit báo cáo cho a trc tối CN,Tạo nhắc nhở
a Tú update số liệu thị trường q1 vô cái slide pitch deck r share e trc t4 e đi gặp ntd,Tạo nhắc nhở
chốt lại bộ chỉ số đánh giá chất lượng cuộc gọi QA cho tổng đài đi Trà,Phê duyệt
lúc nào rảnh qua phòng anh check lại status 2 cái contract nha Trang,Giao việc
em Tuấn nhờ Khoa làm bản phân tích hiệu quả đầu tư cho đề xuất mua thêm bản quyền phần mềm CC nhé,Giao việc
check kĩ xem có chênh lệch múi giờ giữa cái IDC vs vp bên San Jose k nhe m,Giao việc
chị Bích xác nhận là đã dùng cái lệnh này r nên a Dũng coi cách duy trì phiên làm việc lúc đang thao tác trên app khác để test thử nhe,Giao việc
Tuấn gửi bản NDA cho bên npp kí mộc đỏ r thu hồi trc ngày 30 m nhé,Tạo nhắc nhở
Sáng mai 10h Kỷ set cái call với bên hải quan để giải quyết lô hàng kẹt ở cảng Cát Lái đi.,Lên lịch họp
Làm rõ lại thông tin về năng lực tài chính của cái công ty đối tác này đi,Giao việc
anh Nam duyệt qua phase đầu r nhe task 9 sửa tí xíu thôi,Phê duyệt
Anh Hùng fwd cái fact sheet của team bảo mật cho bên sales giúp e,Gửi/Trả lời email
m lên cái plan chi tiết cho đợt teambuilding cuối năm đi,Soạn báo cáo
sếp kêu e soạn cái plan leo thang xử lý sự cố kỹ thuật dựa trên mẫu của team Ops nhe Vy để mốt có issue thì cứ theo đó mà làm,Giao việc
Tạo meeting online tối nay 9h để ae devops trực migrate database nhé.,Lên lịch họp
Anh Kiên báo cáo lại rằng bản cập nhật mới hoạt động tốt và hệ thống cảnh báo cũng chạy mượt mà sau khi khắc phục một chút trục trặc nhỏ,Tạo nhắc nhở
Duy làm cái form xin cấp 5 cái máy tính cho đợt training giữa tháng tới đi,Soạn báo cáo
chị Lan ơi đặt lịch họp với nhóm Osaka để đồng bộ về tiến độ porting hệ thống dịch vụ di động nhé,Lên lịch họp
Do kẹt lịch nên anh Toàn đề xuất chuyển sang họp trực tuyến qua hệ thống hội nghị truyền hình và đã được anh Hưng đồng ý ngay,Lên lịch họp
Bảo vào check lại cái lỗi không đăng nhập được trên hệ thống admin giúp anh,Giao việc
Bảo bên QA cập nhật lại tiến độ test hệ thống trước sáng mai nhé,Giao việc
Nhung làm slide đánh giá mức độ hiệu quả của các nguồn tuyển dụng hiện tại nhe,Soạn báo cáo
xuất dữ liệu doanh số tháng này ra tệp excel rồi gửi thư cho giám đốc trước giờ nghỉ trưa,Gửi/Trả lời email
Dao viết document phân tích tỉ suất hoàn vốn nếu cty quyết định mua đứt toà nhà này nha,Soạn báo cáo
Minh viết báo cáo lượng lead thu về tuần này trên docs rùi share a,Soạn báo cáo
